Workbook
Name 阵营: 名称表!$H$2:$H$9
Name 怪物类型: 名称表!$A$3:$A$26
Name 是否: 名称表!$C$3:$C$4

Sheet monster_config
A1: 配置ID | B1: 0怪物ID | C1: 0名称 | D1: 0内部名 | E1: 0等级 | F1: 0怪物名字颜色 | G1: 区域编号 | H1: 地图内位置 | I1: 0归属场景 | J1: 0怪物身份 | K1: 0序号 | L1: 0序号（计算用） | M1: 0血条的条数 | N1: 0是否显示百分比 | O1: 碰撞半径 | P1: 0复活时间（ms） | Q1: 0脱战回血 | R1: 0掉落方案1 | S1: 0掉落方案2 | T1: 0掉落方案3 | U1: 0技能ID | V1: 0技能ID | W1: 0技能ID | X1: 0怪物职业 | Y1: 0怪物模型 | Z1: 0缩放比例 | AA1: 阴影宽度 | AB1: 阴影高度 | AC1: 阴影偏移量X | AD1: 阴影偏移量Y | AE1: 0近战/远程 | AF1: 0特效模型 | AG1: 0绑定特效 | AH1: 0绑定特效缩放 | AI1: 掉落经验 | AJ1: 属性名1 | AK1: 属性值1 | AL1: 属性名2 | AM1: 属性值2 | AN1: 属性名3 | AO1: 属性值3 | AP1: 属性名4 | AQ1: 属性值4 | AR1: 属性名5 | AS1: 属性值5 | AT1: 属性名6 | AU1: 属性值6 | AV1: 属性名7 | AW1: 属性值7 | AX1: 属性名8 | AY1: 属性值8 | AZ1: 属性名9 | BA1: 属性值9 | BB1: 属性名10 | BC1: 属性值10 | BD1: 属性名11 | BE1: 属性值11 | BF1: 属性名12 | BG1: 属性值12 | BH1: 属性名13 | BI1: 属性值13 | BJ1: 属性名14 | BK1: 属性值14 | BL1: 血条偏移量 | BM1: 血条名字偏移量 | BN1: 氛围音效 | BO1: 氛围音效概率 | BP1: 受击音效 | BQ1: 受击音效概率 | BR1: 大地图怪物TIPS
A2: ConfigID | B2: MonsterID | C2: MonsterName | E2: Level | F2: Color | I2: SceneId | J2: Dignity | M2: HPColorNumber | N2: ShowHPPercent | O2: Collision | P2: RefreshTime | Q2: ReturnHP | R2: DropMethod1 | S2: DropMethod2 | T2: DropMethod3 | U2: SkillID1 | V2: SkillID2 | W2: SkillID3 | X2: Profession | Y2: ModelID | Z2: UnitScale | AA2: ShadowW | AB2: ShadowH | AC2: ShadowX | AD2: ShadowY | AE2: AttackType | AF2: AttackEffect | AG2: Effect | AH2: EffectScale | AI2: ExpGift | AJ2: Prop1Name | AK2: Prop1Value | AL2: Prop2Name | AM2: Prop2Value | AN2: Prop3Name | AO2: Prop3Value | AP2: Prop4Name | AQ2: Prop4Value | AR2: Prop5Name | AS2: Prop5Value | AT2: Prop6Name | AU2: Prop6Value | AV2: Prop7Name | AW2: Prop7Value | AX2: Prop8Name | AY2: Prop8Value | AZ2: Prop9Name | BA2: Prop9Value | BB2: Prop10Name | BC2: Prop10Value | BD2: Prop11Name | BE2: Prop11Value | BF2: Prop12Name | BG2: Prop12Value | BH2: Prop13Name | BI2: Prop13Value | BJ2: Prop14Name | BK2: Prop14Value | BL2: lifeBarPd | BM2: lifeBarNamePd | BN2: AmbientSound | BO2: AmbientRate | BP2: HitSound | BQ2: HitRate | BR2: desc
A3: =60000000+INDEX(编号表!$B:$B,MATCH(I3,编号表!$A:$A,0))*10000+INDEX(编号表!$B:$B,MATCH(J3,编号表!$C:$C,0))*1000+K3 -> 60011000 | B3: a001 | C3: 鸡 | D3: 鸡 | E3: 5 | F3: {=INDEX(编号表!$E:$E,MATCH(J3,编号表!$C:$C,0))} -> 白色 | G3: 1 | H3: 比奇城内 | I3: 比奇城 | J3: 普通 | K3: 0 | L3: =COUNTIFS(I3:I$11,I3,J3:J$11,J3)-1 -> 4 | O3: 10 | P3: 100000 | Q3: 否 | R3: 40140001 | U3: 11010001 | V3: 11020001 | X3: 战士 | Y3: ani_monster_ji_01 | AA3: 30 | AB3: 30 | AC3: 10 | AD3: 20 | AE3: 近战 | AI3: 12 | AJ3: 生命值 | AK3: 15 | AL3: 物防下限 | AN3: 物防上限 | AP3: 魔防下限 | AR3: 魔防上限 | AT3: 攻击下限 | AU3: 1 | AV3: 攻击上限 | AW3: 2 | AX3: 魔法下限 | AY3: 1 | AZ3: 魔法上限 | BA3: 2 | BB3: 道术下限 | BC3: 1 | BD3: 道术上限 | BE3: 2 | BF3: 移动速度 | BG3: 100 | BH3: 攻击范围 | BI3: 10 | BJ3: 警戒范围 | BK3: 200 | BN3: 1 | BO3: 2500 | BP3: 2 | BQ3: 2500 | BR3: 怪物说明功能测试： 怪物身份颜色：|cffFF0000BOSS|r，|cff00FF00精英怪|r，普通怪 概率掉落以下物品： |cffFFA500美刀|r、|cffd9d919one刀乐|r、|cffA020F0two刀乐
A4: =60000000+INDEX(编号表!$B:$B,MATCH(I4,编号表!$A:$A,0))*10000+INDEX(编号表!$B:$B,MATCH(J4,编号表!$C:$C,0))*1000+K4 -> 60011001 | B4: a002 | C4: 鹿 | D4: 鹿 | E4: 12 | F4: {=INDEX(编号表!$E:$E,MATCH(J4,编号表!$C:$C,0))} -> 白色 | G4: 2 | H4: 比奇城-右下 | I4: 比奇城 | J4: 普通 | K4: 1 | L4: =COUNTIFS(I4:I$11,I4,J4:J$11,J4)-1 -> 3 | O4: 10 | P4: 150000 | Q4: 否 | R4: 40140002 | U4: 11010001 | V4: 11020001 | X4: 战士 | Y4: ani_monster_lu_01 | AA4: 50 | AB4: 50 | AC4: 20 | AD4: 30 | AE4: 近战 | AI4: 33 | AJ4: 生命值 | AK4: 28 | AL4: 物防下限 | AN4: 物防上限 | AP4: 魔防下限 | AR4: 魔防上限 | AT4: 攻击下限 | AU4: 1 | AV4: 攻击上限 | AW4: 2 | AX4: 魔法下限 | AY4: 1 | AZ4: 魔法上限 | BA4: 2 | BB4: 道术下限 | BC4: 1 | BD4: 道术上限 | BE4: 2 | BF4: 移动速度 | BG4: 100 | BH4: 攻击范围 | BI4: 10 | BJ4: 警戒范围 | BK4: 200 | BN4: 1 | BO4: 2500 | BP4: 2 | BQ4: 2500 | BR4: 怪物说明功能测试： 怪物身份颜色：|cffFF0000BOSS|r，|cff00FF00精英怪|r，普通怪 概率掉落以下物品： |cffFFA500美刀|r、|cffd9d919one刀乐|r、|cffA020F0two刀乐
A5: =60000000+INDEX(编号表!$B:$B,MATCH(I5,编号表!$A:$A,0))*10000+INDEX(编号表!$B:$B,MATCH(J5,编号表!$C:$C,0))*1000+K5 -> 60011002 | B5: a003 | C5: 羊 | D5: 羊 | E5: 13 | F5: {=INDEX(编号表!$E:$E,MATCH(J5,编号表!$C:$C,0))} -> 白色 | G5: 2 | H5: 比奇城-右下 | I5: 比奇城 | J5: 普通 | K5: 2 | L5: =COUNTIFS(I5:I$11,I5,J5:J$11,J5)-1 -> 2 | O5: 10 | P5: 300000 | Q5: 否 | R5: 40140002 | U5: 11010001 | V5: 11020001 | X5: 战士 | Y5: ani_monster_yang_01 | AA5: 50 | AB5: 50 | AC5: 20 | AD5: 30 | AE5: 近战 | AI5: 36 | AJ5: 生命值 | AK5: 39 | AL5: 物防下限 | AN5: 物防上限 | AP5: 魔防下限 | AR5: 魔防上限 | AT5: 攻击下限 | AU5: 1 | AV5: 攻击上限 | AW5: 2 | AX5: 魔法下限 | AY5: 1 | AZ5: 魔法上限 | BA5: 2 | BB5: 道术下限 | BC5: 1 | BD5: 道术上限 | BE5: 2 | BF5: 移动速度 | BG5: 100 | BH5: 攻击范围 | BI5: 10 | BJ5: 警戒范围 | BK5: 200 | BN5: 1 | BO5: 2500 | BP5: 2 | BQ5: 2500 | BR5: 怪物说明功能测试： 怪物身份颜色：|cffFF0000BOSS|r，|cff00FF00精英怪|r，普通怪 概率掉落以下物品： |cffFFA500美刀|r、|cffd9d919one刀乐|r、|cffA020F0two刀乐
A6: =60000000+INDEX(编号表!$B:$B,MATCH(I6,编号表!$A:$A,0))*10000+INDEX(编号表!$B:$B,MATCH(J6,编号表!$C:$C,0))*1000+K6 -> 60011003 | B6: a004 | C6: 稻草人 | D6: 稻草人 | E6: 10 | F6: {=INDEX(编号表!$E:$E,MATCH(J6,编号表!$C:$C,0))} -> 白色 | G6: 2 | H6: 比奇城-右下 | I6: 比奇城 | J6: 普通 | K6: 3 | L6: =COUNTIFS(I6:I$11,I6,J6:J$11,J6)-1 -> 1 | O6: 10 | P6: 150000 | Q6: 否 | R6: 40140002 | U6: 11010001 | V6: 11020001 | X6: 战士 | Y6: ani_monster_caoren_01 | Z6: 1.2 | AA6: 50 | AB6: 50 | AC6: 20 | AD6: 30 | AE6: 近战 | AI6: 26 | AJ6: 生命值 | AK6: 100 | AL6: 物防下限 | AM6: 2 | AN6: 物防上限 | AO6: 3 | AP6: 魔防下限 | AQ6: 2 | AR6: 魔防上限 | AS6: 3 | AT6: 攻击下限 | AU6: 5 | AV6: 攻击上限 | AW6: 7 | AX6: 魔法下限 | AY6: 5 | AZ6: 魔法上限 | BA6: 7 | BB6: 道术下限 | BC6: 0 | BD6: 道术上限 | BE6: 0 | BF6: 移动速度 | BG6: 100 | BH6: 攻击范围 | BI6: 10 | BJ6: 警戒范围 | BK6: 200 | BN6: 1 | BO6: 2500 | BP6: 2 | BQ6: 2500 | BR6: 怪物说明功能测试： 怪物身份颜色：|cffFF0000BOSS|r，|cff00FF00精英怪|r，普通怪 概率掉落以下物品： |cffFFA500美刀|r、|cffd9d919one刀乐|r、|cffA020F0two刀乐
A11: =60000000+INDEX(编号表!$B:$B,MATCH(I11,编号表!$A:$A,0))*10000+INDEX(编号表!$B:$B,MATCH(J11,编号表!$C:$C,0))*1000+K11 -> 60011000 | B11: a001 | C11: 鸡 | D11: 鸡 | E11: 5 | F11: {=INDEX(编号表!$E:$E,MATCH(J11,编号表!$C:$C,0))} -> 白色 | G11: 1 | H11: 比奇城内 | I11: 比奇城 | J11: 普通 | K11: 0 | L11: =COUNTIFS(I$11:I11,I11,J$11:J11,J11)-1 -> 0 | O11: 10 | P11: 100000 | Q11: 否 | R11: 40140001 | U11: 11010001 | V11: 11020001 | X11: 战士 | Y11: ani_monster_ji_01 | AA11: 30 | AB11: 30 | AC11: 10 | AD11: 20 | AE11: 近战 | AI11: 12 | AJ11: 生命值 | AK11: 15 | AL11: 物防下限 | AN11: 物防上限 | AP11: 魔防下限 | AR11: 魔防上限 | AT11: 攻击下限 | AU11: 1 | AV11: 攻击上限 | AW11: 2 | AX11: 魔法下限 | AY11: 1 | AZ11: 魔法上限 | BA11: 2 | BB11: 道术下限 | BC11: 1 | BD11: 道术上限 | BE11: 2 | BF11: 移动速度 | BG11: 100 | BH11: 攻击范围 | BI11: 10 | BJ11: 警戒范围 | BK11: 200 | BN11: 1 | BO11: 2500 | BP11: 2 | BQ11: 2500 | BR11: 怪物说明功能测试： 怪物身份颜色：|cffFF0000BOSS|r，|cff00FF00精英怪|r，普通怪 概率掉落以下物品： |cffFFA500美刀|r、|cffd9d919one刀乐|r、|cffA020F0two刀乐
A12: =60000000+INDEX(编号表!$B:$B,MATCH(I12,编号表!$A:$A,0))*10000+INDEX(编号表!$B:$B,MATCH(J12,编号表!$C:$C,0))*1000+K12 -> 60011001 | B12: a002 | C12: 鹿 | D12: 鹿 | E12: 12 | F12: {=INDEX(编号表!$E:$E,MATCH(J12,编号表!$C:$C,0))} -> 白色 | G12: 2 | H12: 比奇城-右下 | I12: 比奇城 | J12: 普通 | K12: 1 | L12: =COUNTIFS(I$11:I12,I12,J$11:J12,J12)-1 -> 1 | O12: 10 | P12: 150000 | Q12: 否 | R12: 40140002 | U12: 11010001 | V12: 11020001 | X12: 战士 | Y12: ani_monster_lu_01 | AA12: 50 | AB12: 50 | AC12: 20 | AD12: 30 | AE12: 近战 | AI12: 33 | AJ12: 生命值 | AK12: 28 | AL12: 物防下限 | AN12: 物防上限 | AP12: 魔防下限 | AR12: 魔防上限 | AT12: 攻击下限 | AU12: 1 | AV12: 攻击上限 | AW12: 2 | AX12: 魔法下限 | AY12: 1 | AZ12: 魔法上限 | BA12: 2 | BB12: 道术下限 | BC12: 1 | BD12: 道术上限 | BE12: 2 | BF12: 移动速度 | BG12: 100 | BH12: 攻击范围 | BI12: 10 | BJ12: 警戒范围 | BK12: 200 | BN12: 1 | BO12: 2500 | BP12: 2 | BQ12: 2500 | BR12: 怪物说明功能测试： 怪物身份颜色：|cffFF0000BOSS|r，|cff00FF00精英怪|r，普通怪 概率掉落以下物品： |cffFFA500美刀|r、|cffd9d919one刀乐|r、|cffA020F0two刀乐
A13: =60000000+INDEX(编号表!$B:$B,MATCH(I13,编号表!$A:$A,0))*10000+INDEX(编号表!$B:$B,MATCH(J13,编号表!$C:$C,0))*1000+K13 -> 60011002 | B13: a003 | C13: 羊 | D13: 羊 | E13: 13 | F13: {=INDEX(编号表!$E:$E,MATCH(J13,编号表!$C:$C,0))} -> 白色 | G13: 2 | H13: 比奇城-右下 | I13: 比奇城 | J13: 普通 | K13: 2 | L13: =COUNTIFS(I$11:I13,I13,J$11:J13,J13)-1 -> 2 | O13: 10 | P13: 300000 | Q13: 否 | R13: 40140002 | U13: 11010001 | V13: 11020001 | X13: 战士 | Y13: ani_monster_yang_01 | AA13: 50 | AB13: 50 | AC13: 20 | AD13: 30 | AE13: 近战 | AI13: 36 | AJ13: 生命值 | AK13: 39 | AL13: 物防下限 | AN13: 物防上限 | AP13: 魔防下限 | AR13: 魔防上限 | AT13: 攻击下限 | AU13: 1 | AV13: 攻击上限 | AW13: 2 | AX13: 魔法下限 | AY13: 1 | AZ13: 魔法上限 | BA13: 2 | BB13: 道术下限 | BC13: 1 | BD13: 道术上限 | BE13: 2 | BF13: 移动速度 | BG13: 100 | BH13: 攻击范围 | BI13: 10 | BJ13: 警戒范围 | BK13: 200 | BN13: 1 | BO13: 2500 | BP13: 2 | BQ13: 2500 | BR13: 怪物说明功能测试： 怪物身份颜色：|cffFF0000BOSS|r，|cff00FF00精英怪|r，普通怪 概率掉落以下物品： |cffFFA500美刀|r、|cffd9d919one刀乐|r、|cffA020F0two刀乐
A14: =60000000+INDEX(编号表!$B:$B,MATCH(I14,编号表!$A:$A,0))*10000+INDEX(编号表!$B:$B,MATCH(J14,编号表!$C:$C,0))*1000+K14 -> 60011003 | B14: a004 | C14: 稻草人 | D14: 稻草人 | E14: 10 | F14: {=INDEX(编号表!$E:$E,MATCH(J14,编号表!$C:$C,0))} -> 白色 | G14: 2 | H14: 比奇城-右下 | I14: 比奇城 | J14: 普通 | K14: 3 | L14: =COUNTIFS(I$11:I14,I14,J$11:J14,J14)-1 -> 3 | O14: 10 | P14: 150000 | Q14: 否 | R14: 40140002 | U14: 11010001 | V14: 11020001 | X14: 战士 | Y14: ani_monster_caoren_01 | Z14: 1.2 | AA14: 50 | AB14: 50 | AC14: 20 | AD14: 30 | AE14: 近战 | AI14: 26 | AJ14: 生命值 | AK14: 100 | AL14: 物防下限 | AM14: 2 | AN14: 物防上限 | AO14: 3 | AP14: 魔防下限 | AQ14: 2 | AR14: 魔防上限 | AS14: 3 | AT14: 攻击下限 | AU14: 5 | AV14: 攻击上限 | AW14: 7 | AX14: 魔法下限 | AY14: 5 | AZ14: 魔法上限 | BA14: 7 | BB14: 道术下限 | BC14: 0 | BD14: 道术上限 | BE14: 0 | BF14: 移动速度 | BG14: 100 | BH14: 攻击范围 | BI14: 10 | BJ14: 警戒范围 | BK14: 200 | BN14: 1 | BO14: 2500 | BP14: 2 | BQ14: 2500 | BR14: 怪物说明功能测试： 怪物身份颜色：|cffFF0000BOSS|r，|cff00FF00精英怪|r，普通怪 概率掉落以下物品： |cffFFA500美刀|r、|cffd9d919one刀乐|r、|cffA020F0two刀乐
A15: =60000000+INDEX(编号表!$B:$B,MATCH(I15,编号表!$A:$A,0))*10000+INDEX(编号表!$B:$B,MATCH(J15,编号表!$C:$C,0))*1000+K15 -> 60011004 | B15: a005 | C15: 蛤蟆 | D15: 蛤蟆 | E15: 12 | F15: {=INDEX(编号表!$E:$E,MATCH(J15,编号表!$C:$C,0))} -> 白色 | G15: 2 | H15: 比奇城-右下 | I15: 比奇城 | J15: 普通 | K15: 4 | L15: =COUNTIFS(I$11:I15,I15,J$11:J15,J15)-1 -> 4 | O15: 10 | P15: 150000 | Q15: 否 | R15: 40140002 | U15: 11010001 | V15: 11020001 | X15: 战士 | Y15: ani_monster_hama_01 | AA15: 50 | AB15: 50 | AC15: 20 | AD15: 30 | AE15: 近战 | AI15: 33 | AJ15: 生命值 | AK15: 125 | AL15: 物防下限 | AM15: 3 | AN15: 物防上限 | AO15: 4 | AP15: 魔防下限 | AQ15: 3 | AR15: 魔防上限 | AS15: 4 | AT15: 攻击下限 | AU15: 7 | AV15: 攻击上限 | AW15: 9 | AX15: 魔法下限 | AY15: 7 | AZ15: 魔法上限 | BA15: 9 | BB15: 道术下限 | BC15: 0 | BD15: 道术上限 | BE15: 0 | BF15: 移动速度 | BG15: 100 | BH15: 攻击范围 | BI15: 10 | BJ15: 警戒范围 | BK15: 200 | BN15: 1 | BO15: 2500 | BP15: 2 | BQ15: 2500 | BR15: 怪物说明功能测试： 怪物身份颜色：|cffFF0000BOSS|r，|cff00FF00精英怪|r，普通怪 概率掉落以下物品： |cffFFA500美刀|r、|cffd9d919one刀乐|r、|cffA020F0two刀乐
A16: =60000000+INDEX(编号表!$B:$B,MATCH(I16,编号表!$A:$A,0))*10000+INDEX(编号表!$B:$B,MATCH(J16,编号表!$C:$C,0))*1000+K16 -> 60011005 | B16: a007 | C16: 多钩猫 | D16: 多钩猫 | E16: 13 | F16: {=INDEX(编号表!$E:$E,MATCH(J16,编号表!$C:$C,0))} -> 白色 | G16: 3 | H16: 比奇城-左下 | I16: 比奇城 | J16: 普通 | K16: 5 | L16: =COUNTIFS(I$11:I16,I16,J$11:J16,J16)-1 -> 5 | O16: 10 | P16: 150000 | Q16: 否 | R16: 40140002 | U16: 11010001 | V16: 11020001 | X16: 战士 | Y16: ani_monster_duogoumao_01 | Z16: 1.2 | AA16: 80 | AB16: 80 | AC16: 20 | AD16: 30 | AE16: 近战 | AI16: 36 | AJ16: 生命值 | AK16: 140 | AL16: 物防下限 | AM16: 3 | AN16: 物防上限 | AO16: 5 | AP16: 魔防下限 | AQ16: 3 | AR16: 魔防上限 | AS16: 4 | AT16: 攻击下限 | AU16: 7 | AV16: 攻击上限 | AW16: 10 | AX16: 魔法下限 | AY16: 7 | AZ16: 魔法上限 | BA16: 10 | BB16: 道术下限 | BC16: 0 | BD16: 道术上限 | BE16: 0 | BF16: 移动速度 | BG16: 100 | BH16: 攻击范围 | BI16: 10 | BJ16: 警戒范围 | BK16: 200 | BN16: 1 | BO16: 2500 | BP16: 2 | BQ16: 2500 | BR16: 怪物说明功能测试： 怪物身份颜色：|cffFF0000BOSS|r，|cff00FF00精英怪|r，普通怪 概率掉落以下物品： |cffFFA500美刀|r、|cffd9d919one刀乐|r、|cffA020F0two刀乐
A17: =60000000+INDEX(编号表!$B:$B,MATCH(I17,编号表!$A:$A,0))*10000+INDEX(编号表!$B:$B,MATCH(J17,编号表!$C:$C,0))*1000+K17 -> 60011006 | B17: a008 | C17: 钉耙猫 | D17: 钉耙猫 | E17: 13 | F17: {=INDEX(编号表!$E:$E,MATCH(J17,编号表!$C:$C,0))} -> 白色 | G17: 3 | H17: 比奇城-左下 | I17: 比奇城 | J17: 普通 | K17: 6 | L17: =COUNTIFS(I$11:I17,I17,J$11:J17,J17)-1 -> 6 | O17: 10 | P17: 150000 | Q17: 否 | R17: 40140002 | U17: 11010001 | V17: 11020001 | X17: 战士 | Y17: ani_monster_dingpamao_01 | Z17: 1.2 | AA17: 80 | AB17: 80 | AC17: 20 | AD17: 30 | AE17: 近战 | AI17: 36 | AJ17: 生命值 | AK17: 140 | AL17: 物防下限 | AM17: 3 | AN17: 物防上限 | AO17: 5 | AP17: 魔防下限 | AQ17: 3 | AR17: 魔防上限 | AS17: 4 | AT17: 攻击下限 | AU17: 7 | AV17: 攻击上限 | AW17: 10 | AX17: 魔法下限 | AY17: 7 | AZ17: 魔法上限 | BA17: 10 | BB17: 道术下限 | BC17: 0 | BD17: 道术上限 | BE17: 0 | BF17: 移动速度 | BG17: 100 | BH17: 攻击范围 | BI17: 10 | BJ17: 警戒范围 | BK17: 200 | BN17: 1 | BO17: 2500 | BP17: 2 | BQ17: 2500 | BR17: 怪物说明功能测试： 怪物身份颜色：|cffFF0000BOSS|r，|cff00FF00精英怪|r，普通怪 概率掉落以下物品： |cffFFA500美刀|r、|cffd9d919one刀乐|r、|cffA020F0two刀乐
A18: =60000000+INDEX(编号表!$B:$B,MATCH(I18,编号表!$A:$A,0))*10000+INDEX(编号表!$B:$B,MATCH(J18,编号表!$C:$C,0))*1000+K18 -> 60011007 | B18: a009 | C18: 半兽人 | D18: 半兽人 | E18: 15 | F18: {=INDEX(编号表!$E:$E,MATCH(J18,编号表!$C:$C,0))} -> 白色 | G18: 3 | H18: 比奇城-左下 | I18: 比奇城 | J18: 普通 | K18: 7 | L18: =COUNTIFS(I$11:I18,I18,J$11:J18,J18)-1 -> 7 | O18: 10 | P18: 300000 | Q18: 否 | R18: 40140002 | U18: 11010001 | V18: 11020001 | X18: 战士 | Y18: ani_monster_banshouren_01 | Z18: 0.8 | AA18: 80 | AB18: 80 | AC18: 20 | AD18: 30 | AE18: 近战 | AI18: 44 | AJ18: 生命值 | AK18: 175 | AL18: 物防下限 | AM18: 4 | AN18: 物防上限 | AO18: 5 | AP18: 魔防下限 | AQ18: 3 | AR18: 魔防上限 | AS18: 5 | AT18: 攻击下限 | AU18: 9 | AV18: 攻击上限 | AW18: 12 | AX18: 魔法下限 | AY18: 9 | AZ18: 魔法上限 | BA18: 12 | BB18: 道术下限 | BC18: 1 | BD18: 道术上限 | BE18: 2 | BF18: 移动速度 | BG18: 100 | BH18: 攻击范围 | BI18: 10 | BJ18: 警戒范围 | BK18: 200 | BN18: 1 | BO18: 2500 | BP18: 2 | BQ18: 2500 | BR18: 怪物说明功能测试： 怪物身份颜色：|cffFF0000BOSS|r，|cff00FF00精英怪|r，普通怪 概率掉落以下物品： |cffFFA500美刀|r、|cffd9d919one刀乐|r、|cffA020F0two刀乐
A19: =60000000+INDEX(编号表!$B:$B,MATCH(I19,编号表!$A:$A,0))*10000+INDEX(编号表!$B:$B,MATCH(J19,编号表!$C:$C,0))*1000+K19 -> 60011008 | B19: a010 | C19: 毒蜘蛛 | D19: 毒蜘蛛 | E19: 16 | F19: {=INDEX(编号表!$E:$E,MATCH(J19,编号表!$C:$C,0))} -> 白色 | G19: 3 | H19: 比奇城-左下 | I19: 比奇城 | J19: 普通 | K19: 8 | L19: =COUNTIFS(I$11:I19,I19,J$11:J19,J19)-1 -> 8 | O19: 10 | P19: 150000 | Q19: 否 | R19: 40140002 | U19: 11010001 | V19: 11020001 | X19: 战士 | Y19: ani_monster_duzhizhu_01 | Z19: 0.8 | AA19: 80 | AB19: 80 | AC19: 20 | AD19: 30 | AE19: 近战 | AI19: 49 | AJ19: 生命值 | AK19: 190 | AL19: 物防下限 | AM19: 4 | AN19: 物防上限 | AO19: 6 | AP19: 魔防下限 | AQ19: 4 | AR19: 魔防上限 | AS19: 5 | AT19: 攻击下限 | AU19: 10 | AV19: 攻击上限 | AW19: 13 | AX19: 魔法下限 | AY19: 10 | AZ19: 魔法上限 | BA19: 13 | BB19: 道术下限 | BC19: 0 | BD19: 道术上限 | BE19: 0 | BF19: 移动速度 | BG19: 100 | BH19: 攻击范围 | BI19: 10 | BJ19: 警戒范围 | BK19: 200 | BN19: 1 | BO19: 2500 | BP19: 2 | BQ19: 2500 | BR19: 怪物说明功能测试： 怪物身份颜色：|cffFF0000BOSS|r，|cff00FF00精英怪|r，普通怪 概率掉落以下物品： |cffFFA500美刀|r、|cffd9d919one刀乐|r、|cffA020F0two刀乐
A20: =60000000+INDEX(编号表!$B:$B,MATCH(I20,编号表!$A:$A,0))*10000+INDEX(编号表!$B:$B,MATCH(J20,编号表!$C:$C,0))*1000+K20 -> 60011009 | B20: a012 | C20: 森林雪人 | D20: 森林雪人 | E20: 16 | F20: {=INDEX(编号表!$E:$E,MATCH(J20,编号表!$C:$C,0))} -> 白色 | G20: 4 | H20: 比奇城-右上 | I20: 比奇城 | J20: 普通 | K20: 9 | L20: =COUNTIFS(I$11:I20,I20,J$11:J20,J20)-1 -> 9 | O20: 10 | P20: 150000 | Q20: 否 | R20: 40140002 | U20: 11010001 | V20: 11020001 | X20: 战士 | Y20: ani_monster_senlinxueren_01 | Z20: 1.2 | AA20: 80 | AB20: 80 | AC20: 20 | AD20: 30 | AE20: 近战 | AI20: 49 | AJ20: 生命值 | AK20: 190 | AL20: 物防下限 | AM20: 4 | AN20: 物防上限 | AO20: 6 | AP20: 魔防下限 | AQ20: 4 | AR20: 魔防上限 | AS20: 5 | AT20: 攻击下限 | AU20: 9 | AV20: 攻击上限 | AW20: 12 | AX20: 魔法下限 | AY20: 9 | AZ20: 魔法上限 | BA20: 12 | BB20: 道术下限 | BC20: 0 | BD20: 道术上限 | BE20: 0 | BF20: 移动速度 | BG20: 100 | BH20: 攻击范围 | BI20: 10 | BJ20: 警戒范围 | BK20: 200 | BN20: 1 | BO20: 2500 | BP20: 2 | BQ20: 2500 | BR20: 怪物说明功能测试： 怪物身份颜色：|cffFF0000BOSS|r，|cff00FF00精英怪|r，普通怪 概率掉落以下物品： |cffFFA500美刀|r、|cffd9d919one刀乐|r、|cffA020F0two刀乐
A21: =60000000+INDEX(编号表!$B:$B,MATCH(I21,编号表!$A:$A,0))*10000+INDEX(编号表!$B:$B,MATCH(J21,编号表!$C:$C,0))*1000+K21 -> 60011010 | B21: a013 | C21: 食人花 | D21: 食人花 | E21: 18 | F21: {=INDEX(编号表!$E:$E,MATCH(J21,编号表!$C:$C,0))} -> 白色 | G21: 4 | H21: 比奇城-右上 | I21: 比奇城 | J21: 普通 | K21: 10 | L21: =COUNTIFS(I$11:I21,I21,J$11:J21,J21)-1 -> 10 | O21: 10 | P21: 300000 | Q21: 否 | R21: 40140002 | U21: 11010001 | V21: 11020001 | X21: 战士 | Y21: ani_monster_shirenhua_01 | Z21: 0.8 | AA21: 50 | AB21: 50 | AC21: 20 | AD21: 30 | AE21: 近战 | AI21: 58 | AJ21: 生命值 | AK21: 230 | AL21: 物防下限 | AM21: 5 | AN21: 物防上限 | AO21: 7 | AP21: 魔防下限 | AQ21: 4 | AR21: 魔防上限 | AS21: 6 | AT21: 攻击下限 | AU21: 11 | AV21: 攻击上限 | AW21: 14 | AX21: 魔法下限 | AY21: 11 | AZ21: 魔法上限 | BA21: 14 | BB21: 道术下限 | BC21: 1 | BD21: 道术上限 | BE21: 2 | BF21: 移动速度 | BG21: 100 | BH21: 攻击范围 | BI21: 10 | BJ21: 警戒范围 | BK21: 200 | BN21: 1 | BO21: 2500 | BP21: 2 | BQ21: 2500 | BR21: 怪物说明功能测试： 怪物身份颜色：|cffFF0000BOSS|r，|cff00FF00精英怪|r，普通怪 概率掉落以下物品： |cffFFA500美刀|r、|cffd9d919one刀乐|r、|cffA020F0two刀乐
A22: =60000000+INDEX(编号表!$B:$B,MATCH(I22,编号表!$A:$A,0))*10000+INDEX(编号表!$B:$B,MATCH(J22,编号表!$C:$C,0))*1000+K22 -> 60011011 | B22: a014 | C22: 红蛇 | D22: 红蛇 | E22: 17 | F22: {=INDEX(编号表!$E:$E,MATCH(J22,编号表!$C:$C,0))} -> 白色 | G22: 4 | H22: 比奇城-右上 | I22: 比奇城 | J22: 普通 | K22: 11 | L22: =COUNTIFS(I$11:I22,I22,J$11:J22,J22)-1 -> 11 | O22: 10 | P22: 300000 | Q22: 否 | R22: 40140002 | U22: 11010001 | V22: 11020001 | X22: 战士 | Y22: ani_monster_hongshe_01 | Z22: 0.8 | AA22: 80 | AB22: 80 | AC22: 20 | AD22: 30 | AE22: 近战 | AI22: 53 | AJ22: 生命值 | AK22: 210 | AL22: 物防下限 | AM22: 4 | AN22: 物防上限 | AO22: 6 | AP22: 魔防下限 | AQ22: 4 | AR22: 魔防上限 | AS22: 6 | AT22: 攻击下限 | AU22: 11 | AV22: 攻击上限 | AW22: 15 | AX22: 魔法下限 | AY22: 11 | AZ22: 魔法上限 | BA22: 15 | BB22: 道术下限 | BC22: 1 | BD22: 道术上限 | BE22: 2 | BF22: 移动速度 | BG22: 100 | BH22: 攻击范围 | BI22: 10 | BJ22: 警戒范围 | BK22: 200 | BN22: 1 | BO22: 2500 | BP22: 2 | BQ22: 2500 | BR22: 怪物说明功能测试： 怪物身份颜色：|cffFF0000BOSS|r，|cff00FF00精英怪|r，普通怪 概率掉落以下物品： |cffFFA500美刀|r、|cffd9d919one刀乐|r、|cffA020F0two刀乐
A23: =60000000+INDEX(编号表!$B:$B,MATCH(I23,编号表!$A:$A,0))*10000+INDEX(编号表!$B:$B,MATCH(J23,编号表!$C:$C,0))*1000+K23 -> 60011012 | B23: a015 | C23: 虎蛇 | D23: 虎蛇 | E23: 18 | F23: {=INDEX(编号表!$E:$E,MATCH(J23,编号表!$C:$C,0))} -> 白色 | G23: 4 | H23: 比奇城-右上 | I23: 比奇城 | J23: 普通 | K23: 12 | L23: =COUNTIFS(I$11:I23,I23,J$11:J23,J23)-1 -> 12 | O23: 10 | P23: 300000 | Q23: 否 | R23: 40140002 | U23: 11010001 | V23: 11020001 | X23: 战士 | Y23: ani_monster_hushe_01 | Z23: 0.8 | AA23: 80 | AB23: 80 | AC23: 20 | AD23: 30 | AE23: 近战 | AI23: 58 | AJ23: 生命值 | AK23: 230 | AL23: 物防下限 | AM23: 5 | AN23: 物防上限 | AO23: 7 | AP23: 魔防下限 | AQ23: 4 | AR23: 魔防上限 | AS23: 6 | AT23: 攻击下限 | AU23: 12 | AV23: 攻击上限 | AW23: 16 | AX23: 魔法下限 | AY23: 12 | AZ23: 魔法上限 | BA23: 16 | BB23: 道术下限 | BC23: 1 | BD23: 道术上限 | BE23: 2 | BF23: 移动速度 | BG23: 100 | BH23: 攻击范围 | BI23: 10 | BJ23: 警戒范围 | BK23: 200 | BN23: 1 | BO23: 2500 | BP23: 2 | BQ23: 2500 | BR23: 怪物说明功能测试： 怪物身份颜色：|cffFF0000BOSS|r，|cff00FF00精英怪|r，普通怪 概率掉落以下物品： |cffFFA500美刀|r、|cffd9d919one刀乐|r、|cffA020F0two刀乐
A24: =60000000+INDEX(编号表!$B:$B,MATCH(I24,编号表!$A:$A,0))*10000+INDEX(编号表!$B:$B,MATCH(J24,编号表!$C:$C,0))*1000+K24 -> 60011013 | B24: a016 | C24: 狼 | D24: 狼 | E24: 16 | F24: {=INDEX(编号表!$E:$E,MATCH(J24,编号表!$C:$C,0))} -> 白色 | G24: 4 | H24: 比奇城-右上 | I24: 比奇城 | J24: 普通 | K24: 13 | L24: =COUNTIFS(I$11:I24,I24,J$11:J24,J24)-1 -> 13 | O24: 10 | P24: 150000 | Q24: 否 | R24: 40140002 | U24: 11010001 | V24: 11020001 | X24: 战士 | Y24: ani_monster_lang_01 | AA24: 80 | AB24: 80 | AC24: 20 | AD24: 30 | AE24: 近战 | AI24: 49 | AJ24: 生命值 | AK24: 190 | AL24: 物防下限 | AM24: 4 | AN24: 物防上限 | AO24: 6 | AP24: 魔防下限 | AQ24: 4 | AR24: 魔防上限 | AS24: 5 | AT24: 攻击下限 | AU24: 9 | AV24: 攻击上限 | AW24: 12 | AX24: 魔法下限 | AY24: 9 | AZ24: 魔法上限 | BA24: 12 | BB24: 道术下限 | BC24: 0 | BD24: 道术上限 | BE24: 0 | BF24: 移动速度 | BG24: 100 | BH24: 攻击范围 | BI24: 10 | BJ24: 警戒范围 | BK24: 200 | BN24: 1 | BO24: 2500 | BP24: 2 | BQ24: 2500 | BR24: 怪物说明功能测试： 怪物身份颜色：|cffFF0000BOSS|r，|cff00FF00精英怪|r，普通怪 概率掉落以下物品： |cffFFA500美刀|r、|cffd9d919one刀乐|r、|cffA020F0two刀乐
A25: =60000000+INDEX(编号表!$B:$B,MATCH(I25,编号表!$A:$A,0))*10000+INDEX(编号表!$B:$B,MATCH(J25,编号表!$C:$C,0))*1000+K25 -> 60011014 | B25: a018 | C25: 虎卫 | D25: 虎卫 | E25: 18 | F25: {=INDEX(编号表!$E:$E,MATCH(J25,编号表!$C:$C,0))} -> 白色 | G25: 5 | H25: 比奇城-左上 | I25: 比奇城 | J25: 普通 | K25: 14 | L25: =COUNTIFS(I$11:I25,I25,J$11:J25,J25)-1 -> 14 | O25: 10 | P25: 300000 | Q25: 否 | R25: 40140002 | U25: 11010001 | V25: 11020001 | X25: 战士 | Y25: ani_monster_huwei_01 | Z25: 1.2 | AA25: 50 | AB25: 50 | AC25: 20 | AD25: 30 | AE25: 近战 | AI25: 58 | AJ25: 生命值 | AK25: 230 | AL25: 物防下限 | AM25: 5 | AN25: 物防上限 | AO25: 7 | AP25: 魔防下限 | AQ25: 4 | AR25: 魔防上限 | AS25: 6 | AT25: 攻击下限 | AU25: 11 | AV25: 攻击上限 | AW25: 14 | AX25: 魔法下限 | AY25: 11 | AZ25: 魔法上限 | BA25: 14 | BB25: 道术下限 | BC25: 1 | BD25: 道术上限 | BE25: 2 | BF25: 移动速度 | BG25: 100 | BH25: 攻击范围 | BI25: 10 | BJ25: 警戒范围 | BK25: 200 | BN25: 1 | BO25: 2500 | BP25: 2 | BQ25: 2500 | BR25: 怪物说明功能测试： 怪物身份颜色：|cffFF0000BOSS|r，|cff00FF00精英怪|r，普通怪 概率掉落以下物品： |cffFFA500美刀|r、|cffd9d919one刀乐|r、|cffA020F0two刀乐
A26: =60000000+INDEX(编号表!$B:$B,MATCH(I26,编号表!$A:$A,0))*10000+INDEX(编号表!$B:$B,MATCH(J26,编号表!$C:$C,0))*1000+K26 -> 60011015 | B26: a019 | C26: 鹰卫 | D26: 鹰卫 | E26: 18 | F26: {=INDEX(编号表!$E:$E,MATCH(J26,编号表!$C:$C,0))} -> 白色 | G26: 5 | H26: 比奇城-左上 | I26: 比奇城 | J26: 普通 | K26: 15 | L26: =COUNTIFS(I$11:I26,I26,J$11:J26,J26)-1 -> 15 | O26: 10 | P26: 300000 | Q26: 否 | R26: 40140002 | U26: 11010001 | V26: 11020001 | X26: 战士 | Y26: ani_monster_yingwei_01 | Z26: 1.2 | AA26: 50 | AB26: 50 | AC26: 20 | AD26: 30 | AE26: 远程 | AF26: ani_monster_yingwei_01_01 | AI26: 58 | AJ26: 生命值 | AK26: 230 | AL26: 物防下限 | AM26: 5 | AN26: 物防上限 | AO26: 7 | AP26: 魔防下限 | AQ26: 4 | AR26: 魔防上限 | AS26: 6 | AT26: 攻击下限 | AU26: 11 | AV26: 攻击上限 | AW26: 14 | AX26: 魔法下限 | AY26: 11 | AZ26: 魔法上限 | BA26: 14 | BB26: 道术下限 | BC26: 1 | BD26: 道术上限 | BE26: 2 | BF26: 移动速度 | BG26: 100 | BH26: 攻击范围 | BI26: 300 | BJ26: 警戒范围 | BK26: 200 | BN26: 1 | BO26: 2500 | BP26: 2 | BQ26: 2500 | BR26: 怪物说明功能测试： 怪物身份颜色：|cffFF0000BOSS|r，|cff00FF00精英怪|r，普通怪 概率掉落以下物品： |cffFFA500美刀|r、|cffd9d919one刀乐|r、|cffA020F0two刀乐
A27: =60000000+INDEX(编号表!$B:$B,MATCH(I27,编号表!$A:$A,0))*10000+INDEX(编号表!$B:$B,MATCH(J27,编号表!$C:$C,0))*1000+K27 -> 60011016 | B27: a020 | C27: 多角虫 | D27: 多角虫 | E27: 18 | F27: {=INDEX(编号表!$E:$E,MATCH(J27,编号表!$C:$C,0))} -> 白色 | G27: 5 | H27: 比奇城-左上 | I27: 比奇城 | J27: 普通 | K27: 16 | L27: =COUNTIFS(I$11:I27,I27,J$11:J27,J27)-1 -> 16 | O27: 10 | P27: 300000 | Q27: 否 | R27: 40140002 | U27: 11010001 | V27: 11020001 | X27: 战士 | Y27: ani_monster_duojiaochong_01 | Z27: 0.5 | AA27: 50 | AB27: 50 | AC27: 20 | AD27: 30 | AE27: 近战 | AI27: 58 | AJ27: 生命值 | AK27: 260 | AL27: 物防下限 | AM27: 5 | AN27: 物防上限 | AO27: 8 | AP27: 魔防下限 | AQ27: 5 | AR27: 魔防上限 | AS27: 7 | AT27: 攻击下限 | AU27: 11 | AV27: 攻击上限 | AW27: 15 | AX27: 魔法下限 | AY27: 11 | AZ27: 魔法上限 | BA27: 15 | BB27: 道术下限 | BC27: 1 | BD27: 道术上限 | BE27: 2 | BF27: 移动速度 | BG27: 100 | BH27: 攻击范围 | BI27: 10 | BJ27: 警戒范围 | BK27: 200 | BN27: 1 | BO27: 2500 | BP27: 2 | BQ27: 2500 | BR27: 怪物说明功能测试： 怪物身份颜色：|cffFF0000BOSS|r，|cff00FF00精英怪|r，普通怪 概率掉落以下物品： |cffFFA500美刀|r、|cffd9d919one刀乐|r、|cffA020F0two刀乐
A28: =60000000+INDEX(编号表!$B:$B,MATCH(I28,编号表!$A:$A,0))*10000+INDEX(编号表!$B:$B,MATCH(J28,编号表!$C:$C,0))*1000+K28 -> 60011017 | B28: a021 | C28: 盔甲虫 | D28: 盔甲虫 | E28: 18 | F28: {=INDEX(编号表!$E:$E,MATCH(J28,编号表!$C:$C,0))} -> 白色 | G28: 5 | H28: 比奇城-左上 | I28: 比奇城 | J28: 普通 | K28: 17 | L28: =COUNTIFS(I$11:I28,I28,J$11:J28,J28)-1 -> 17 | O28: 10 | P28: 150000 | Q28: 否 | R28: 40140002 | U28: 11010001 | V28: 11020001 | X28: 战士 | Y28: ani_moster_kuijiachong_01 | Z28: 0.8 | AA28: 80 | AB28: 80 | AC28: 20 | AD28: 30 | AE28: 近战 | AI28: 58 | AJ28: 生命值 | AK28: 260 | AL28: 物防下限 | AM28: 5 | AN28: 物防上限 | AO28: 8 | AP28: 魔防下限 | AQ28: 5 | AR28: 魔防上限 | AS28: 7 | AT28: 攻击下限 | AU28: 11 | AV28: 攻击上限 | AW28: 15 | AX28: 魔法下限 | AY28: 11 | AZ28: 魔法上限 | BA28: 15 | BB28: 道术下限 | BC28: 0 | BD28: 道术上限 | BE28: 0 | BF28: 移动速度 | BG28: 100 | BH28: 攻击范围 | BI28: 10 | BJ28: 警戒范围 | BK28: 200 | BN28: 1 | BO28: 2500 | BP28: 2 | BQ28: 2500 | BR28: 怪物说明功能测试： 怪物身份颜色：|cffFF0000BOSS|r，|cff00FF00精英怪|r，普通怪 概率掉落以下物品： |cffFFA500美刀|r、|cffd9d919one刀乐|r、|cffA020F0two刀乐
A29: =60000000+INDEX(编号表!$B:$B,MATCH(I29,编号表!$A:$A,0))*10000+INDEX(编号表!$B:$B,MATCH(J29,编号表!$C:$C,0))*1000+K29 -> 60011018 | B29: a022 | C29: 沙虫 | D29: 沙虫 | E29: 18 | F29: {=INDEX(编号表!$E:$E,MATCH(J29,编号表!$C:$C,0))} -> 白色 | G29: 5 | H29: 比奇城-左上 | I29: 比奇城 | J29: 普通 | K29: 18 | L29: =COUNTIFS(I$11:I29,I29,J$11:J29,J29)-1 -> 18 | O29: 10 | P29: 300000 | Q29: 否 | R29: 40140002 | U29: 11010001 | V29: 11020001 | X29: 战士 | Y29: ani_monster_shachong_01 | Z29: 0.6 | AA29: 50 | AB29: 50 | AC29: 20 | AD29: 30 | AE29: 近战 | AI29: 58 | AJ29: 生命值 | AK29: 250 | AL29: 物防下限 | AM29: 5 | AN29: 物防上限 | AO29: 7 | AP29: 魔防下限 | AQ29: 4 | AR29: 魔防上限 | AS29: 7 | AT29: 攻击下限 | AU29: 11 | AV29: 攻击上限 | AW29: 14 | AX29: 魔法下限 | AY29: 11 | AZ29: 魔法上限 | BA29: 14 | BB29: 道术下限 | BC29: 1 | BD29: 道术上限 | BE29: 2 | BF29: 移动速度 | BG29: 100 | BH29: 攻击范围 | BI29: 10 | BJ29: 警戒范围 | BK29: 200 | BN29: 1 | BO29: 2500 | BP29: 2 | BQ29: 2500 | BR29: 怪物说明功能测试： 怪物身份颜色：|cffFF0000BOSS|r，|cff00FF00精英怪|r，普通怪 概率掉落以下物品： |cffFFA500美刀|r、|cffd9d919one刀乐|r、|cffA020F0two刀乐
A30: =60000000+INDEX(编号表!$B:$B,MATCH(I30,编号表!$A:$A,0))*10000+INDEX(编号表!$B:$B,MATCH(J30,编号表!$C:$C,0))*1000+K30 -> 60011019 | B30: a023 | C30: 蝎子 | D30: 蝎子 | E30: 18 | F30: {=INDEX(编号表!$E:$E,MATCH(J30,编号表!$C:$C,0))} -> 白色 | G30: 5 | H30: 比奇城-左上 | I30: 比奇城 | J30: 普通 | K30: 19 | L30: =COUNTIFS(I$11:I30,I30,J$11:J30,J30)-1 -> 19 | O30: 10 | P30: 300000 | Q30: 否 | R30: 40140002 | U30: 11010001 | V30: 11020001 | X30: 战士 | Y30: ani_monster_xiezi_01 | AA30: 50 | AB30: 50 | AC30: 20 | AD30: 30 | AE30: 近战 | AI30: 58 | AJ30: 生命值 | AK30: 230 | AL30: 物防下限 | AM30: 5 | AN30: 物防上限 | AO30: 7 | AP30: 魔防下限 | AQ30: 4 | AR30: 魔防上限 | AS30: 6 | AT30: 攻击下限 | AU30: 12 | AV30: 攻击上限 | AW30: 16 | AX30: 魔法下限 | AY30: 12 | AZ30: 魔法上限 | BA30: 16 | BB30: 道术下限 | BC30: 1 | BD30: 道术上限 | BE30: 2 | BF30: 移动速度 | BG30: 100 | BH30: 攻击范围 | BI30: 10 | BJ30: 警戒范围 | BK30: 200 | BN30: 1 | BO30: 2500 | BP30: 2 | BQ30: 2500 | BR30: 怪物说明功能测试： 怪物身份颜色：|cffFF0000BOSS|r，|cff00FF00精英怪|r，普通怪 概率掉落以下物品： |cffFFA500美刀|r、|cffd9d919one刀乐|r、|cffA020F0two刀乐
A31: =60000000+INDEX(编号表!$B:$B,MATCH(I31,编号表!$A:$A,0))*10000+INDEX(编号表!$B:$B,MATCH(J31,编号表!$C:$C,0))*1000+K31 -> 60012000 | B31: a006 | C31: 蛤蟆 | D31: 蛤蟆 | E31: 12 | F31: {=INDEX(编号表!$E:$E,MATCH(J31,编号表!$C:$C,0))} -> 绿色 | G31: 2 | H31: 比奇城-右下 | I31: 比奇城 | J31: 精英 | K31: 0 | L31: =COUNTIFS(I$11:I31,I31,J$11:J31,J31)-1 -> 0 | O31: 10 | P31: 150000 | Q31: 否 | R31: 40140002 | U31: 11010001 | V31: 11020001 | X31: 战士 | Y31: ani_monster_hama_01 | AA31: 50 | AB31: 50 | AC31: 20 | AD31: 30 | AE31: 近战 | AG31: ain_effect_jinengtexiao_52 | AI31: 130 | AJ31: 生命值 | AK31: 590 | AL31: 物防下限 | AM31: 4 | AN31: 物防上限 | AO31: 6 | AP31: 魔防下限 | AQ31: 4 | AR31: 魔防上限 | AS31: 5 | AT31: 攻击下限 | AU31: 11 | AV31: 攻击上限 | AW31: 15 | AX31: 魔法下限 | AY31: 11 | AZ31: 魔法上限 | BA31: 15 | BB31: 道术下限 | BC31: 0 | BD31: 道术上限 | BE31: 0 | BF31: 移动速度 | BG31: 100 | BH31: 攻击范围 | BI31: 10 | BJ31: 警戒范围 | BK31: 200 | BN31: 1 | BO31: 2500 | BP31: 2 | BQ31: 2500 | BR31: 怪物说明功能测试： 怪物身份颜色：|cffFF0000BOSS|r，|cff00FF00精英怪|r，普通怪 概率掉落以下物品： |cffFFA500美刀|r、|cffd9d919one刀乐|r、|cffA020F0two刀乐
A32: =60000000+INDEX(编号表!$B:$B,MATCH(I32,编号表!$A:$A,0))*10000+INDEX(编号表!$B:$B,MATCH(J32,编号表!$C:$C,0))*1000+K32 -> 60012001 | B32: a011 | C32: 多钩猫 | D32: 多钩猫1 | E32: 13 | F32: {=INDEX(编号表!$E:$E,MATCH(J32,编号表!$C:$C,0))} -> 绿色 | G32: 3 | H32: 比奇城-左下 | I32: 比奇城 | J32: 精英 | K32: 1 | L32: =COUNTIFS(I$11:I32,I32,J$11:J32,J32)-1 -> 1 | O32: 10 | P32: 150000 | Q32: 否 | R32: 40140002 | U32: 11010001 | V32: 11020001 | X32: 战士 | Y32: ani_monster_duogoumao_01 | Z32: 1.2 | AA32: 80 | AB32: 80 | AC32: 20 | AD32: 30 | AE32: 近战 | AG32: ain_effect_jinengtexiao_52 | AI32: 145 | AJ32: 生命值 | AK32: 660 | AL32: 物防下限 | AM32: 4 | AN32: 物防上限 | AO32: 6 | AP32: 魔防下限 | AQ32: 4 | AR32: 魔防上限 | AS32: 6 | AT32: 攻击下限 | AU32: 12 | AV32: 攻击上限 | AW32: 16 | AX32: 魔法下限 | AY32: 12 | AZ32: 魔法上限 | BA32: 16 | BB32: 道术下限 | BC32: 0 | BD32: 道术上限 | BE32: 0 | BF32: 移动速度 | BG32: 100 | BH32: 攻击范围 | BI32: 10 | BJ32: 警戒范围 | BK32: 200 | BN32: 1 | BO32: 2500 | BP32: 2 | BQ32: 2500 | BR32: 怪物说明功能测试： 怪物身份颜色：|cffFF0000BOSS|r，|cff00FF00精英怪|r，普通怪 概率掉落以下物品： |cffFFA500美刀|r、|cffd9d919one刀乐|r、|cffA020F0two刀乐
A33: =60000000+INDEX(编号表!$B:$B,MATCH(I33,编号表!$A:$A,0))*10000+INDEX(编号表!$B:$B,MATCH(J33,编号表!$C:$C,0))*1000+K33 -> 60012002 | B33: a017 | C33: 森林雪人 | D33: 森林雪人10 | E33: 16 | F33: {=INDEX(编号表!$E:$E,MATCH(J33,编号表!$C:$C,0))} -> 绿色 | G33: 4 | H33: 比奇城-右上 | I33: 比奇城 | J33: 精英 | K33: 2 | L33: =COUNTIFS(I$11:I33,I33,J$11:J33,J33)-1 -> 2 | O33: 10 | P33: 150000 | Q33: 否 | R33: 40140002 | U33: 11010001 | V33: 11020001 | X33: 战士 | Y33: ani_monster_senlinxueren_01 | Z33: 1.2 | AA33: 80 | AB33: 80 | AC33: 20 | AD33: 30 | AE33: 近战 | AG33: ain_effect_jinengtexiao_52 | AI33: 195 | AJ33: 生命值 | AK33: 890 | AL33: 物防下限 | AM33: 5 | AN33: 物防上限 | AO33: 8 | AP33: 魔防下限 | AQ33: 5 | AR33: 魔防上限 | AS33: 7 | AT33: 攻击下限 | AU33: 15 | AV33: 攻击上限 | AW33: 21 | AX33: 魔法下限 | AY33: 15 | AZ33: 魔法上限 | BA33: 21 | BB33: 道术下限 | BC33: 0 | BD33: 道术上限 | BE33: 0 | BF33: 移动速度 | BG33: 100 | BH33: 攻击范围 | BI33: 10 | BJ33: 警戒范围 | BK33: 200 | BN33: 1 | BO33: 2500 | BP33: 2 | BQ33: 2500 | BR33: 怪物说明功能测试： 怪物身份颜色：|cffFF0000BOSS|r，|cff00FF00精英怪|r，普通怪 概率掉落以下物品： |cffFFA500美刀|r、|cffd9d919one刀乐|r、|cffA020F0two刀乐
A34: =60000000+INDEX(编号表!$B:$B,MATCH(I34,编号表!$A:$A,0))*10000+INDEX(编号表!$B:$B,MATCH(J34,编号表!$C:$C,0))*1000+K34 -> 60012003 | B34: a024 | C34: 威思而小虫 | D34: 威思而小虫 | E34: 18 | F34: {=INDEX(编号表!$E:$E,MATCH(J34,编号表!$C:$C,0))} -> 绿色 | G34: 5 | H34: 比奇城-左上 | I34: 比奇城 | J34: 精英 | K34: 3 | L34: =COUNTIFS(I$11:I34,I34,J$11:J34,J34)-1 -> 3 | O34: 10 | P34: 300000 | Q34: 否 | R34: 40140002 | U34: 11010001 | V34: 11020001 | X34: 战士 | Y34: ani_monster_xiaochong_01 | AA34: 50 | AB34: 50 | AC34: 20 | AD34: 30 | AE34: 近战 | AG34: ain_effect_jinengtexiao_52 | AI34: 230 | AJ34: 生命值 | AK34: 1200 | AL34: 物防下限 | AM34: 7 | AN34: 物防上限 | AO34: 10 | AP34: 魔防下限 | AQ34: 7 | AR34: 魔防上限 | AS34: 10 | AT34: 攻击下限 | AU34: 19 | AV34: 攻击上限 | AW34: 25 | AX34: 魔法下限 | AY34: 19 | AZ34: 魔法上限 | BA34: 25 | BB34: 道术下限 | BC34: 1 | BD34: 道术上限 | BE34: 2 | BF34: 移动速度 | BG34: 100 | BH34: 攻击范围 | BI34: 10 | BJ34: 警戒范围 | BK34: 200 | BN34: 1 | BO34: 2500 | BP34: 2 | BQ34: 2500 | BR34: 怪物说明功能测试： 怪物身份颜色：|cffFF0000BOSS|r，|cff00FF00精英怪|r，普通怪 概率掉落以下物品： |cffFFA500美刀|r、|cffd9d919one刀乐|r、|cffA020F0two刀乐
A35: =60000000+INDEX(编号表!$B:$B,MATCH(I35,编号表!$A:$A,0))*10000+INDEX(编号表!$B:$B,MATCH(J35,编号表!$C:$C,0))*1000+K35 -> 60012004 | B35: a025 | C35: 盔甲虫 | D35: 盔甲虫10 | E35: 18 | F35: {=INDEX(编号表!$E:$E,MATCH(J35,编号表!$C:$C,0))} -> 绿色 | G35: 5 | H35: 比奇城-左上 | I35: 比奇城 | J35: 精英 | K35: 4 | L35: =COUNTIFS(I$11:I35,I35,J$11:J35,J35)-1 -> 4 | O35: 10 | P35: 150000 | Q35: 否 | R35: 40140002 | U35: 11010001 | V35: 11020001 | X35: 战士 | Y35: ani_moster_kuijiachong_01 | Z35: 1.2 | AA35: 80 | AB35: 80 | AC35: 20 | AD35: 30 | AE35: 近战 | AG35: ain_effect_jinengtexiao_52 | AI35: 230 | AJ35: 生命值 | AK35: 1200 | AL35: 物防下限 | AM35: 7 | AN35: 物防上限 | AO35: 10 | AP35: 魔防下限 | AQ35: 7 | AR35: 魔防上限 | AS35: 10 | AT35: 攻击下限 | AU35: 19 | AV35: 攻击上限 | AW35: 25 | AX35: 魔法下限 | AY35: 19 | AZ35: 魔法上限 | BA35: 25 | BB35: 道术下限 | BC35: 0 | BD35: 道术上限 | BE35: 0 | BF35: 移动速度 | BG35: 100 | BH35: 攻击范围 | BI35: 10 | BJ35: 警戒范围 | BK35: 200 | BN35: 1 | BO35: 2500 | BP35: 2 | BQ35: 2500 | BR35: 怪物说明功能测试： 怪物身份颜色：|cffFF0000BOSS|r，|cff00FF00精英怪|r，普通怪 概率掉落以下物品： |cffFFA500美刀|r、|cffd9d919one刀乐|r、|cffA020F0two刀乐
A36: =60000000+INDEX(编号表!$B:$B,MATCH(I36,编号表!$A:$A,0))*10000+INDEX(编号表!$B:$B,MATCH(J36,编号表!$C:$C,0))*1000+K36 -> 60014000 | B36: b001 | C36: 盔甲虫 | D36: 盔甲虫10 | E36: 18 | F36: {=INDEX(编号表!$E:$E,MATCH(J36,编号表!$C:$C,0))} -> 橙色 | G36: 5 | H36: 比奇城-左上 | I36: 比奇城 | J36: BOSS | K36: 0 | L36: =COUNTIFS(I$11:I36,I36,J$11:J36,J36)-1 -> 0 | O36: 10 | P36: 150000 | Q36: 否 | R36: 40140002 | U36: 11010001 | V36: 11020001 | X36: 战士 | Y36: ani_moster_kuijiachong_01 | Z36: 1.5 | AA36: 50 | AB36: 50 | AC36: 20 | AD36: 30 | AE36: 近战 | AG36: ain_effect_jinengtexiao_58 | AI36: 1160 | AJ36: 生命值 | AK36: 5200 | AL36: 物防下限 | AM36: 9 | AN36: 物防上限 | AO36: 13 | AP36: 魔防下限 | AQ36: 9 | AR36: 魔防上限 | AS36: 13 | AT36: 攻击下限 | AU36: 28 | AV36: 攻击上限 | AW36: 38 | AX36: 魔法下限 | AY36: 28 | AZ36: 魔法上限 | BA36: 38 | BB36: 道术下限 | BC36: 0 | BD36: 道术上限 | BE36: 0 | BF36: 移动速度 | BG36: 100 | BH36: 攻击范围 | BI36: 10 | BJ36: 警戒范围 | BK36: 200 | BN36: 1 | BO36: 2500 | BP36: 2 | BQ36: 2500 | BR36: 怪物说明功能测试： 怪物身份颜色：|cffFF0000BOSS|r，|cff00FF00精英怪|r，普通怪 概率掉落以下物品： |cffFFA500美刀|r、|cffd9d919one刀乐|r、|cffA020F0two刀乐
A37: =60000000+INDEX(编号表!$B:$B,MATCH(I37,编号表!$A:$A,0))*10000+INDEX(编号表!$B:$B,MATCH(J37,编号表!$C:$C,0))*1000+K37 -> 60021000 | B37: a026 | C37: 山洞蝙蝠 | D37: 山洞蝙蝠 | E37: 18 | F37: {=INDEX(编号表!$E:$E,MATCH(J37,编号表!$C:$C,0))} -> 白色 | G37: 6 | H37: 古墓一层 | I37: 兽人古墓一层 | J37: 普通 | K37: 0 | L37: =COUNTIFS(I$11:I37,I37,J$11:J37,J37)-1 -> 0 | O37: 10 | P37: 150000 | Q37: 否 | R37: 40140002 | U37: 11010001 | V37: 11020001 | X37: 战士 | Y37: ani_monster_shandongbianfu_01 | AA37: 50 | AB37: 50 | AC37: 20 | AD37: 30 | AE37: 近战 | AI37: 59 | AJ37: 生命值 | AK37: 190 | AL37: 物防下限 | AM37: 4 | AN37: 物防上限 | AO37: 5 | AP37: 魔防下限 | AQ37: 3 | AR37: 魔防上限 | AS37: 5 | AT37: 攻击下限 | AU37: 12 | AV37: 攻击上限 | AW37: 16 | AX37: 魔法下限 | AY37: 12 | AZ37: 魔法上限 | BA37: 16 | BB37: 道术下限 | BC37: 0 | BD37: 道术上限 | BE37: 0 | BF37: 移动速度 | BG37: 100 | BH37: 攻击范围 | BI37: 10 | BJ37: 警戒范围 | BK37: 250 | BL37: 0.03 | BN37: 1 | BO37: 2500 | BP37: 2 | BQ37: 2500 | BR37: 怪物说明功能测试： 怪物身份颜色：|cffFF0000BOSS|r，|cff00FF00精英怪|r，普通怪 概率掉落以下物品： |cffFFA500美刀|r、|cffd9d919one刀乐|r、|cffA020F0two刀乐
A38: =60000000+INDEX(编号表!$B:$B,MATCH(I38,编号表!$A:$A,0))*10000+INDEX(编号表!$B:$B,MATCH(J38,编号表!$C:$C,0))*1000+K38 -> 60021001 | B38: a027 | C38: 洞蛆 | D38: 洞蛆 | E38: 18 | F38: {=INDEX(编号表!$E:$E,MATCH(J38,编号表!$C:$C,0))} -> 白色 | G38: 6 | H38: 古墓一层 | I38: 兽人古墓一层 | J38: 普通 | K38: 1 | L38: =COUNTIFS(I$11:I38,I38,J$11:J38,J38)-1 -> 1 | O38: 10 | P38: 150000 | Q38: 否 | R38: 40140002 | U38: 11010001 | V38: 11020001 | X38: 战士 | Y38: ani_monster_dongqu_01 | Z38: 0.5 | AA38: 50 | AB38: 50 | AC38: 20 | AD38: 30 | AE38: 近战 | AI38: 59 | AJ38: 生命值 | AK38: 240 | AL38: 物防下限 | AM38: 4 | AN38: 物防上限 | AO38: 6 | AP38: 魔防下限 | AQ38: 4 | AR38: 魔防上限 | AS38: 6 | AT38: 攻击下限 | AU38: 11 | AV38: 攻击上限 | AW38: 14 | AX38: 魔法下限 | AY38: 11 | AZ38: 魔法上限 | BA38: 14 | BB38: 道术下限 | BC38: 0 | BD38: 道术上限 | BE38: 0 | BF38: 移动速度 | BG38: 100 | BH38: 攻击范围 | BI38: 10 | BJ38: 警戒范围 | BK38: 250 | BN38: 1 | BO38: 2500 | BP38: 2 | BQ38: 2500 | BR38: 怪物说明功能测试： 怪物身份颜色：|cffFF0000BOSS|r，|cff00FF00精英怪|r，普通怪 概率掉落以下物品： |cffFFA500美刀|r、|cffd9d919one刀乐|r、|cffA020F0two刀乐
A39: =60000000+INDEX(编号表!$B:$B,MATCH(I39,编号表!$A:$A,0))*10000+INDEX(编号表!$B:$B,MATCH(J39,编号表!$C:$C,0))*1000+K39 -> 60021002 | B39: a028 | C39: 骷髅 | D39: 骷髅 | E39: 18 | F39: {=INDEX(编号表!$E:$E,MATCH(J39,编号表!$C:$C,0))} -> 白色 | G39: 6 | H39: 古墓一层 | I39: 兽人古墓一层 | J39: 普通 | K39: 2 | L39: =COUNTIFS(I$11:I39,I39,J$11:J39,J39)-1 -> 2 | O39: 10 | P39: 150000 | Q39: 否 | R39: 40140002 | U39: 11010001 | V39: 11020001 | X39: 战士 | Y39: ani_monster_kulou_01 | Z39: 1.5 | AA39: 80 | AB39: 80 | AC39: 20 | AD39: 30 | AE39: 近战 | AI39: 59 | AJ39: 生命值 | AK39: 250 | AL39: 物防下限 | AM39: 5 | AN39: 物防上限 | AO39: 7 | AP39: 魔防下限 | AQ39: 5 | AR39: 魔防上限 | AS39: 7 | AT39: 攻击下限 | AU39: 11 | AV39: 攻击上限 | AW39: 15 | AX39: 魔法下限 | AY39: 11 | AZ39: 魔法上限 | BA39: 15 | BB39: 道术下限 | BC39: 0 | BD39: 道术上限 | BE39: 0 | BF39: 移动速度 | BG39: 100 | BH39: 攻击范围 | BI39: 10 | BJ39: 警戒范围 | BK39: 250 | BN39: 1 | BO39: 2500 | BP39: 2 | BQ39: 2500 | BR39: 怪物说明功能测试： 怪物身份颜色：|cffFF0000BOSS|r，|cff00FF00精英怪|r，普通怪 概率掉落以下物品： |cffFFA500美刀|r、|cffd9d919one刀乐|r、|cffA020F0two刀乐
A40: =60000000+INDEX(编号表!$B:$B,MATCH(I40,编号表!$A:$A,0))*10000+INDEX(编号表!$B:$B,MATCH(J40,编号表!$C:$C,0))*1000+K40 -> 60021003 | B40: a029 | C40: 骷髅战士 | D40: 骷髅战士 | E40: 18 | F40: {=INDEX(编号表!$E:$E,MATCH(J40,编号表!$C:$C,0))} -> 白色 | G40: 6 | H40: 古墓一层 | I40: 兽人古墓一层 | J40: 普通 | K40: 3 | L40: =COUNTIFS(I$11:I40,I40,J$11:J40,J40)-1 -> 3 | O40: 10 | P40: 150000 | Q40: 否 | R40: 40140002 | U40: 11010001 | V40: 11020001 | X40: 战士 | Y40: ani_monster_kulouzhanshi_01 | Z40: 1.5 | AA40: 80 | AB40: 80 | AC40: 20 | AD40: 30 | AE40: 近战 | AI40: 59 | AJ40: 生命值 | AK40: 290 | AL40: 物防下限 | AM40: 6 | AN40: 物防上限 | AO40: 8 | AP40: 魔防下限 | AQ40: 5 | AR40: 魔防上限 | AS40: 8 | AT40: 攻击下限 | AU40: 12 | AV40: 攻击上限 | AW40: 16 | AX40: 魔法下限 | AY40: 12 | AZ40: 魔法上限 | BA40: 16 | BB40: 道术下限 | BC40: 0 | BD40: 道术上限 | BE40: 0 | BF40: 移动速度 | BG40: 100 | BH40: 攻击范围 | BI40: 10 | BJ40: 警戒范围 | BK40: 250 | BN40: 1 | BO40: 2500 | BP40: 2 | BQ40: 2500 | BR40: 怪物说明功能测试： 怪物身份颜色：|cffFF0000BOSS|r，|cff00FF00精英怪|r，普通怪 概率掉落以下物品： |cffFFA500美刀|r、|cffd9d919one刀乐|r、|cffA020F0two刀乐
A41: =60000000+INDEX(编号表!$B:$B,MATCH(I41,编号表!$A:$A,0))*10000+INDEX(编号表!$B:$B,MATCH(J41,编号表!$C:$C,0))*1000+K41 -> 60021004 | B41: a030 | C41: 骷髅战将 | D41: 骷髅战将 | E41: 18 | F41: {=INDEX(编号表!$E:$E,MATCH(J41,编号表!$C:$C,0))} -> 白色 | G41: 6 | H41: 古墓一层 | I41: 兽人古墓一层 | J41: 普通 | K41: 4 | L41: =COUNTIFS(I$11:I41,I41,J$11:J41,J41)-1 -> 4 | O41: 10 | P41: 150000 | Q41: 否 | R41: 40140002 | U41: 11010001 | V41: 11020001 | X41: 战士 | Y41: ani_monster_kulouzhanjiang_01 | Z41: 1.5 | AA41: 80 | AB41: 80 | AC41: 20 | AD41: 30 | AE41: 近战 | AI41: 59 | AJ41: 生命值 | AK41: 290 | AL41: 物防下限 | AM41: 6 | AN41: 物防上限 | AO41: 8 | AP41: 魔防下限 | AQ41: 5 | AR41: 魔防上限 | AS41: 8 | AT41: 攻击下限 | AU41: 12 | AV41: 攻击上限 | AW41: 16 | AX41: 魔法下限 | AY41: 12 | AZ41: 魔法上限 | BA41: 16 | BB41: 道术下限 | BC41: 0 | BD41: 道术上限 | BE41: 0 | BF41: 移动速度 | BG41: 100 | BH41: 攻击范围 | BI41: 10 | BJ41: 警戒范围 | BK41: 250 | BN41: 1 | BO41: 2500 | BP41: 2 | BQ41: 2500 | BR41: 怪物说明功能测试： 怪物身份颜色：|cffFF0000BOSS|r，|cff00FF00精英怪|r，普通怪 概率掉落以下物品： |cffFFA500美刀|r、|cffd9d919one刀乐|r、|cffA020F0two刀乐
A42: =60000000+INDEX(编号表!$B:$B,MATCH(I42,编号表!$A:$A,0))*10000+INDEX(编号表!$B:$B,MATCH(J42,编号表!$C:$C,0))*1000+K42 -> 60022000 | B42: a031 | C42: 骷髅战士 | D42: 骷髅战士10 | E42: 19 | F42: {=INDEX(编号表!$E:$E,MATCH(J42,编号表!$C:$C,0))} -> 绿色 | G42: 6 | H42: 古墓一层 | I42: 兽人古墓一层 | J42: 精英 | K42: 0 | L42: =COUNTIFS(I$11:I42,I42,J$11:J42,J42)-1 -> 0 | O42: 10 | P42: 150000 | Q42: 否 | R42: 40140002 | U42: 11010001 | V42: 11020001 | X42: 战士 | Y42: ani_monster_kulouzhanshi_01 | Z42: 1.5 | AA42: 80 | AB42: 80 | AC42: 20 | AD42: 30 | AE42: 近战 | AG42: ain_effect_jinengtexiao_52 | AI42: 255 | AJ42: 生命值 | AK42: 1500 | AL42: 物防下限 | AM42: 8 | AN42: 物防上限 | AO42: 12 | AP42: 魔防下限 | AQ42: 8 | AR42: 魔防上限 | AS42: 11 | AT42: 攻击下限 | AU42: 21 | AV42: 攻击上限 | AW42: 29 | AX42: 魔法下限 | AY42: 21 | AZ42: 魔法上限 | BA42: 29 | BB42: 道术下限 | BC42: 0 | BD42: 道术上限 | BE42: 0 | BF42: 移动速度 | BG42: 100 | BH42: 攻击范围 | BI42: 10 | BJ42: 警戒范围 | BK42: 250 | BN42: 1 | BO42: 2500 | BP42: 2 | BQ42: 2500 | BR42: 怪物说明功能测试： 怪物身份颜色：|cffFF0000BOSS|r，|cff00FF00精英怪|r，普通怪 概率掉落以下物品： |cffFFA500美刀|r、|cffd9d919one刀乐|r、|cffA020F0two刀乐
A43: =60000000+INDEX(编号表!$B:$B,MATCH(I43,编号表!$A:$A,0))*10000+INDEX(编号表!$B:$B,MATCH(J43,编号表!$C:$C,0))*1000+K43 -> 60024000 | B43: b002 | C43: 骷髅战士 | D43: 骷髅战士10 | E43: 19 | F43: {=INDEX(编号表!$E:$E,MATCH(J43,编号表!$C:$C,0))} -> 橙色 | G43: 6 | H43: 古墓一层 | I43: 兽人古墓一层 | J43: BOSS | K43: 0 | L43: =COUNTIFS(I$11:I43,I43,J$11:J43,J43)-1 -> 0 | O43: 10 | P43: 150000 | Q43: 否 | R43: 40140002 | U43: 11010001 | V43: 11020001 | X43: 战士 | Y43: ani_monster_kulouzhanshi_01 | Z43: 1.5 | AA43: 80 | AB43: 80 | AC43: 20 | AD43: 30 | AE43: 近战 | AG43: ain_effect_jinengtexiao_58 | AI43: 1280 | AJ43: 生命值 | AK43: 6500 | AL43: 物防下限 | AM43: 11 | AN43: 物防上限 | AO43: 15 | AP43: 魔防下限 | AQ43: 10 | AR43: 魔防上限 | AS43: 15 | AT43: 攻击下限 | AU43: 32 | AV43: 攻击上限 | AW43: 43 | AX43: 魔法下限 | AY43: 32 | AZ43: 魔法上限 | BA43: 43 | BB43: 道术下限 | BC43: 0 | BD43: 道术上限 | BE43: 0 | BF43: 移动速度 | BG43: 100 | BH43: 攻击范围 | BI43: 10 | BJ43: 警戒范围 | BK43: 250 | BN43: 1 | BO43: 2500 | BP43: 2 | BQ43: 2500 | BR43: 怪物说明功能测试： 怪物身份颜色：|cffFF0000BOSS|r，|cff00FF00精英怪|r，普通怪 概率掉落以下物品： |cffFFA500美刀|r、|cffd9d919one刀乐|r、|cffA020F0two刀乐
A44: =60000000+INDEX(编号表!$B:$B,MATCH(I44,编号表!$A:$A,0))*10000+INDEX(编号表!$B:$B,MATCH(J44,编号表!$C:$C,0))*1000+K44 -> 60031000 | B44: a032 | C44: 山洞蝙蝠 | D44: 山洞蝙蝠0 | E44: 19 | F44: {=INDEX(编号表!$E:$E,MATCH(J44,编号表!$C:$C,0))} -> 白色 | G44: 7 | H44: 古墓二层 | I44: 兽人古墓二层 | J44: 普通 | K44: 0 | L44: =COUNTIFS(I$11:I44,I44,J$11:J44,J44)-1 -> 0 | O44: 10 | P44: 150000 | Q44: 否 | R44: 40140002 | U44: 11010001 | V44: 11020001 | X44: 战士 | Y44: ani_monster_shandongbianfu_01 | AA44: 50 | AB44: 50 | AC44: 20 | AD44: 30 | AE44: 近战 | AI44: 65 | AJ44: 生命值 | AK44: 230 | AL44: 物防下限 | AM44: 4 | AN44: 物防上限 | AO44: 6 | AP44: 魔防下限 | AQ44: 4 | AR44: 魔防上限 | AS44: 6 | AT44: 攻击下限 | AU44: 13 | AV44: 攻击上限 | AW44: 18 | AX44: 魔法下限 | AY44: 13 | AZ44: 魔法上限 | BA44: 18 | BB44: 道术下限 | BC44: 0 | BD44: 道术上限 | BE44: 0 | BF44: 移动速度 | BG44: 100 | BH44: 攻击范围 | BI44: 10 | BJ44: 警戒范围 | BK44: 250 | BL44: 0.03 | BN44: 1 | BO44: 2500 | BP44: 2 | BQ44: 2500 | BR44: 怪物说明功能测试： 怪物身份颜色：|cffFF0000BOSS|r，|cff00FF00精英怪|r，普通怪 概率掉落以下物品： |cffFFA500美刀|r、|cffd9d919one刀乐|r、|cffA020F0two刀乐
A45: =60000000+INDEX(编号表!$B:$B,MATCH(I45,编号表!$A:$A,0))*10000+INDEX(编号表!$B:$B,MATCH(J45,编号表!$C:$C,0))*1000+K45 -> 60031001 | B45: a033 | C45: 骷髅 | D45: 骷髅0 | E45: 19 | F45: {=INDEX(编号表!$E:$E,MATCH(J45,编号表!$C:$C,0))} -> 白色 | G45: 7 | H45: 古墓二层 | I45: 兽人古墓二层 | J45: 普通 | K45: 1 | L45: =COUNTIFS(I$11:I45,I45,J$11:J45,J45)-1 -> 1 | O45: 10 | P45: 150000 | Q45: 否 | R45: 40140002 | U45: 11010001 | V45: 11020001 | X45: 战士 | Y45: ani_monster_kulou_01 | Z45: 1.5 | AA45: 80 | AB45: 80 | AC45: 20 | AD45: 30 | AE45: 近战 | AI45: 65 | AJ45: 生命值 | AK45: 300 | AL45: 物防下限 | AM45: 6 | AN45: 物防上限 | AO45: 8 | AP45: 魔防下限 | AQ45: 5 | AR45: 魔防上限 | AS45: 8 | AT45: 攻击下限 | AU45: 12 | AV45: 攻击上限 | AW45: 17 | AX45: 魔法下限 | AY45: 12 | AZ45: 魔法上限 | BA45: 17 | BB45: 道术下限 | BC45: 0 | BD45: 道术上限 | BE45: 0 | BF45: 移动速度 | BG45: 100 | BH45: 攻击范围 | BI45: 10 | BJ45: 警戒范围 | BK45: 250 | BN45: 1 | BO45: 2500 | BP45: 2 | BQ45: 2500 | BR45: 怪物说明功能测试： 怪物身份颜色：|cffFF0000BOSS|r，|cff00FF00精英怪|r，普通怪 概率掉落以下物品： |cffFFA500美刀|r、|cffd9d919one刀乐|r、|cffA020F0two刀乐
A46: =60000000+INDEX(编号表!$B:$B,MATCH(I46,编号表!$A:$A,0))*10000+INDEX(编号表!$B:$B,MATCH(J46,编号表!$C:$C,0))*1000+K46 -> 60031002 | B46: a034 | C46: 骷髅战士 | D46: 骷髅战士0 | E46: 19 | F46: {=INDEX(编号表!$E:$E,MATCH(J46,编号表!$C:$C,0))} -> 白色 | G46: 7 | H46: 古墓二层 | I46: 兽人古墓二层 | J46: 普通 | K46: 2 | L46: =COUNTIFS(I$11:I46,I46,J$11:J46,J46)-1 -> 2 | O46: 10 | P46: 150000 | Q46: 否 | R46: 40140002 | U46: 11010001 | V46: 11020001 | X46: 战士 | Y46: ani_monster_kulouzhanshi_01 | Z46: 1.5 | AA46: 80 | AB46: 80 | AC46: 20 | AD46: 30 | AE46: 近战 | AI46: 65 | AJ46: 生命值 | AK46: 350 | AL46: 物防下限 | AM46: 6 | AN46: 物防上限 | AO46: 9 | AP46: 魔防下限 | AQ46: 6 | AR46: 魔防上限 | AS46: 9 | AT46: 攻击下限 | AU46: 13 | AV46: 攻击上限 | AW46: 18 | AX46: 魔法下限 | AY46: 13 | AZ46: 魔法上限 | BA46: 18 | BB46: 道术下限 | BC46: 0 | BD46: 道术上限 | BE46: 0 | BF46: 移动速度 | BG46: 100 | BH46: 攻击范围 | BI46: 10 | BJ46: 警戒范围 | BK46: 250 | BN46: 1 | BO46: 2500 | BP46: 2 | BQ46: 2500 | BR46: 怪物说明功能测试： 怪物身份颜色：|cffFF0000BOSS|r，|cff00FF00精英怪|r，普通怪 概率掉落以下物品： |cffFFA500美刀|r、|cffd9d919one刀乐|r、|cffA020F0two刀乐
A47: =60000000+INDEX(编号表!$B:$B,MATCH(I47,编号表!$A:$A,0))*10000+INDEX(编号表!$B:$B,MATCH(J47,编号表!$C:$C,0))*1000+K47 -> 60031003 | B47: a035 | C47: 骷髅战将 | D47: 骷髅战将0 | E47: 19 | F47: {=INDEX(编号表!$E:$E,MATCH(J47,编号表!$C:$C,0))} -> 白色 | G47: 7 | H47: 古墓二层 | I47: 兽人古墓二层 | J47: 普通 | K47: 3 | L47: =COUNTIFS(I$11:I47,I47,J$11:J47,J47)-1 -> 3 | O47: 10 | P47: 150000 | Q47: 否 | R47: 40140002 | U47: 11010001 | V47: 11020001 | X47: 战士 | Y47: ani_monster_kulouzhanjiang_01 | Z47: 1.5 | AA47: 80 | AB47: 80 | AC47: 20 | AD47: 30 | AE47: 近战 | AI47: 65 | AJ47: 生命值 | AK47: 350 | AL47: 物防下限 | AM47: 6 | AN47: 物防上限 | AO47: 9 | AP47: 魔防下限 | AQ47: 6 | AR47: 魔防上限 | AS47: 9 | AT47: 攻击下限 | AU47: 13 | AV47: 攻击上限 | AW47: 18 | AX47: 魔法下限 | AY47: 13 | AZ47: 魔法上限 | BA47: 18 | BB47: 道术下限 | BC47: 0 | BD47: 道术上限 | BE47: 0 | BF47: 移动速度 | BG47: 100 | BH47: 攻击范围 | BI47: 10 | BJ47: 警戒范围 | BK47: 250 | BN47: 1 | BO47: 2500 | BP47: 2 | BQ47: 2500 | BR47: 怪物说明功能测试： 怪物身份颜色：|cffFF0000BOSS|r，|cff00FF00精英怪|r，普通怪 概率掉落以下物品： |cffFFA500美刀|r、|cffd9d919one刀乐|r、|cffA020F0two刀乐
A48: =60000000+INDEX(编号表!$B:$B,MATCH(I48,编号表!$A:$A,0))*10000+INDEX(编号表!$B:$B,MATCH(J48,编号表!$C:$C,0))*1000+K48 -> 60031004 | B48: a036 | C48: 掷斧骷髅 | D48: 掷斧骷髅 | E48: 19 | F48: {=INDEX(编号表!$E:$E,MATCH(J48,编号表!$C:$C,0))} -> 白色 | G48: 7 | H48: 古墓二层 | I48: 兽人古墓二层 | J48: 普通 | K48: 4 | L48: =COUNTIFS(I$11:I48,I48,J$11:J48,J48)-1 -> 4 | O48: 10 | P48: 150000 | Q48: 否 | R48: 40140002 | U48: 11010001 | V48: 11020001 | X48: 战士 | Y48: ani_monster_zhifukulou_01 | Z48: 1.5 | AA48: 80 | AB48: 80 | AC48: 20 | AD48: 30 | AE48: 远程 | AF48: ani_monster_zhifukulou_01_01 | AI48: 65 | AJ48: 生命值 | AK48: 280 | AL48: 物防下限 | AM48: 5 | AN48: 物防上限 | AO48: 7 | AP48: 魔防下限 | AQ48: 5 | AR48: 魔防上限 | AS48: 7 | AT48: 攻击下限 | AU48: 14 | AV48: 攻击上限 | AW48: 19 | AX48: 魔法下限 | AY48: 14 | AZ48: 魔法上限 | BA48: 19 | BB48: 道术下限 | BC48: 0 | BD48: 道术上限 | BE48: 0 | BF48: 移动速度 | BG48: 100 | BH48: 攻击范围 | BI48: 300 | BJ48: 警戒范围 | BK48: 250 | BN48: 1 | BO48: 2500 | BP48: 2 | BQ48: 2500 | BR48: 怪物说明功能测试： 怪物身份颜色：|cffFF0000BOSS|r，|cff00FF00精英怪|r，普通怪 概率掉落以下物品： |cffFFA500美刀|r、|cffd9d919one刀乐|r、|cffA020F0two刀乐
A49: =60000000+INDEX(编号表!$B:$B,MATCH(I49,编号表!$A:$A,0))*10000+INDEX(编号表!$B:$B,MATCH(J49,编号表!$C:$C,0))*1000+K49 -> 60031005 | B49: a037 | C49: 骷髅精灵 | D49: 骷髅精灵 | E49: 19 | F49: {=INDEX(编号表!$E:$E,MATCH(J49,编号表!$C:$C,0))} -> 白色 | G49: 7 | H49: 古墓二层 | I49: 兽人古墓二层 | J49: 普通 | K49: 5 | L49: =COUNTIFS(I$11:I49,I49,J$11:J49,J49)-1 -> 5 | O49: 10 | P49: 150000 | Q49: 否 | R49: 40140002 | U49: 11010001 | V49: 11020001 | X49: 战士 | Y49: ani_monster_kuloujingling_01 | Z49: 1.5 | AA49: 80 | AB49: 80 | AC49: 20 | AD49: 30 | AE49: 近战 | AI49: 65 | AJ49: 生命值 | AK49: 300 | AL49: 物防下限 | AM49: 6 | AN49: 物防上限 | AO49: 8 | AP49: 魔防下限 | AQ49: 5 | AR49: 魔防上限 | AS49: 8 | AT49: 攻击下限 | AU49: 12 | AV49: 攻击上限 | AW49: 17 | AX49: 魔法下限 | AY49: 12 | AZ49: 魔法上限 | BA49: 17 | BB49: 道术下限 | BC49: 0 | BD49: 道术上限 | BE49: 0 | BF49: 移动速度 | BG49: 100 | BH49: 攻击范围 | BI49: 10 | BJ49: 警戒范围 | BK49: 250 | BN49: 1 | BO49: 2500 | BP49: 2 | BQ49: 2500 | BR49: 怪物说明功能测试： 怪物身份颜色：|cffFF0000BOSS|r，|cff00FF00精英怪|r，普通怪 概率掉落以下物品： |cffFFA500美刀|r、|cffd9d919one刀乐|r、|cffA020F0two刀乐
A50: =60000000+INDEX(编号表!$B:$B,MATCH(I50,编号表!$A:$A,0))*10000+INDEX(编号表!$B:$B,MATCH(J50,编号表!$C:$C,0))*1000+K50 -> 60032000 | B50: a038 | C50: 掷斧骷髅 | D50: 掷斧骷髅10 | E50: 20 | F50: {=INDEX(编号表!$E:$E,MATCH(J50,编号表!$C:$C,0))} -> 绿色 | G50: 7 | H50: 古墓二层 | I50: 兽人古墓二层 | J50: 精英 | K50: 0 | L50: =COUNTIFS(I$11:I50,I50,J$11:J50,J50)-1 -> 0 | O50: 10 | P50: 150000 | Q50: 否 | R50: 40140002 | U50: 11010001 | V50: 11020001 | X50: 战士 | Y50: ani_monster_zhifukulou_01 | Z50: 1.5 | AA50: 80 | AB50: 80 | AC50: 20 | AD50: 30 | AE50: 远程 | AF50: ani_monster_zhifukulou_01_01 | AG50: ain_effect_jinengtexiao_52 | AI50: 280 | AJ50: 生命值 | AK50: 1400 | AL50: 物防下限 | AM50: 7 | AN50: 物防上限 | AO50: 10 | AP50: 魔防下限 | AQ50: 7 | AR50: 魔防上限 | AS50: 10 | AT50: 攻击下限 | AU50: 25 | AV50: 攻击上限 | AW50: 34 | AX50: 魔法下限 | AY50: 25 | AZ50: 魔法上限 | BA50: 34 | BB50: 道术下限 | BC50: 0 | BD50: 道术上限 | BE50: 0 | BF50: 移动速度 | BG50: 100 | BH50: 攻击范围 | BI50: 300 | BJ50: 警戒范围 | BK50: 250 | BN50: 1 | BO50: 2500 | BP50: 2 | BQ50: 2500 | BR50: 怪物说明功能测试： 怪物身份颜色：|cffFF0000BOSS|r，|cff00FF00精英怪|r，普通怪 概率掉落以下物品： |cffFFA500美刀|r、|cffd9d919one刀乐|r、|cffA020F0two刀乐
A51: =60000000+INDEX(编号表!$B:$B,MATCH(I51,编号表!$A:$A,0))*10000+INDEX(编号表!$B:$B,MATCH(J51,编号表!$C:$C,0))*1000+K51 -> 60032001 | B51: a039 | C51: 骷髅精灵 | D51: 骷髅精灵10 | E51: 20 | F51: {=INDEX(编号表!$E:$E,MATCH(J51,编号表!$C:$C,0))} -> 绿色 | G51: 7 | H51: 古墓二层 | I51: 兽人古墓二层 | J51: 精英 | K51: 1 | L51: =COUNTIFS(I$11:I51,I51,J$11:J51,J51)-1 -> 1 | O51: 10 | P51: 150000 | Q51: 否 | R51: 40140002 | U51: 11010001 | V51: 11020001 | X51: 战士 | Y51: ani_monster_kuloujingling_01 | Z51: 1.5 | AA51: 80 | AB51: 80 | AC51: 20 | AD51: 30 | AE51: 近战 | AG51: ain_effect_jinengtexiao_52 | AI51: 280 | AJ51: 生命值 | AK51: 1550 | AL51: 物防下限 | AM51: 8 | AN51: 物防上限 | AO51: 12 | AP51: 魔防下限 | AQ51: 8 | AR51: 魔防上限 | AS51: 11 | AT51: 攻击下限 | AU51: 23 | AV51: 攻击上限 | AW51: 31 | AX51: 魔法下限 | AY51: 23 | AZ51: 魔法上限 | BA51: 31 | BB51: 道术下限 | BC51: 0 | BD51: 道术上限 | BE51: 0 | BF51: 移动速度 | BG51: 100 | BH51: 攻击范围 | BI51: 10 | BJ51: 警戒范围 | BK51: 250 | BN51: 1 | BO51: 2500 | BP51: 2 | BQ51: 2500 | BR51: 怪物说明功能测试： 怪物身份颜色：|cffFF0000BOSS|r，|cff00FF00精英怪|r，普通怪 概率掉落以下物品： |cffFFA500美刀|r、|cffd9d919one刀乐|r、|cffA020F0two刀乐
A52: =60000000+INDEX(编号表!$B:$B,MATCH(I52,编号表!$A:$A,0))*10000+INDEX(编号表!$B:$B,MATCH(J52,编号表!$C:$C,0))*1000+K52 -> 60034000 | B52: b003 | C52: 骷髅精灵 | D52: 骷髅精灵10 | E52: 20 | F52: {=INDEX(编号表!$E:$E,MATCH(J52,编号表!$C:$C,0))} -> 橙色 | G52: 7 | H52: 古墓二层 | I52: 兽人古墓二层 | J52: boss | K52: 0 | L52: =COUNTIFS(I$11:I52,I52,J$11:J52,J52)-1 -> 0 | O52: 10 | P52: 150000 | Q52: 否 | R52: 40140002 | U52: 11010001 | V52: 11020001 | X52: 战士 | Y52: ani_monster_kuloujingling_01 | Z52: 1.5 | AA52: 80 | AB52: 80 | AC52: 20 | AD52: 30 | AE52: 近战 | AG52: ain_effect_jinengtexiao_58 | AI52: 1400 | AJ52: 生命值 | AK52: 6900 | AL52: 物防下限 | AM52: 11 | AN52: 物防上限 | AO52: 15 | AP52: 魔防下限 | AQ52: 10 | AR52: 魔防上限 | AS52: 15 | AT52: 攻击下限 | AU52: 34 | AV52: 攻击上限 | AW52: 46 | AX52: 魔法下限 | AY52: 34 | AZ52: 魔法上限 | BA52: 46 | BB52: 道术下限 | BC52: 0 | BD52: 道术上限 | BE52: 0 | BF52: 移动速度 | BG52: 100 | BH52: 攻击范围 | BI52: 10 | BJ52: 警戒范围 | BK52: 250 | BN52: 1 | BO52: 2500 | BP52: 2 | BQ52: 2500 | BR52: 怪物说明功能测试： 怪物身份颜色：|cffFF0000BOSS|r，|cff00FF00精英怪|r，普通怪 概率掉落以下物品： |cffFFA500美刀|r、|cffd9d919one刀乐|r、|cffA020F0two刀乐
A53: =60000000+INDEX(编号表!$B:$B,MATCH(I53,编号表!$A:$A,0))*10000+INDEX(编号表!$B:$B,MATCH(J53,编号表!$C:$C,0))*1000+K53 -> 60041000 | B53: aa08 | C53: 骷髅精灵 | D53: 额外新增怪1 | E53: 19 | F53: {=INDEX(编号表!$E:$E,MATCH(J53,编号表!$C:$C,0))} -> 白色 | G53: 8 | H53: 国王陵墓 | I53: 国王陵墓 | J53: 普通 | K53: 0 | L53: =COUNTIFS(I$11:I53,I53,J$11:J53,J53)-1 -> 0 | O53: 10 | P53: 150000 | Q53: 否 | R53: 40140002 | U53: 11010001 | V53: 11020001 | X53: 战士 | Y53: ani_monster_kuloujingling_01 | Z53: 1.5 | AA53: 80 | AB53: 80 | AC53: 20 | AD53: 30 | AE53: 近战 | AI53: 66 | AJ53: 生命值 | AK53: 330 | AL53: 物防下限 | AM53: 6 | AN53: 物防上限 | AO53: 8 | AP53: 魔防下限 | AQ53: 6 | AR53: 魔防上限 | AS53: 8 | AT53: 攻击下限 | AU53: 13 | AV53: 攻击上限 | AW53: 18 | AX53: 魔法下限 | AY53: 13 | AZ53: 魔法上限 | BA53: 18 | BB53: 道术下限 | BC53: 0 | BD53: 道术上限 | BE53: 0 | BF53: 移动速度 | BG53: 100 | BH53: 攻击范围 | BI53: 10 | BJ53: 警戒范围 | BK53: 250 | BN53: 1 | BO53: 2500 | BP53: 2 | BQ53: 2500 | BR53: 怪物说明功能测试： 怪物身份颜色：|cffFF0000BOSS|r，|cff00FF00精英怪|r，普通怪 概率掉落以下物品： |cffFFA500美刀|r、|cffd9d919one刀乐|r、|cffA020F0two刀乐
A54: =60000000+INDEX(编号表!$B:$B,MATCH(I54,编号表!$A:$A,0))*10000+INDEX(编号表!$B:$B,MATCH(J54,编号表!$C:$C,0))*1000+K54 -> 60041001 | B54: aa09 | C54: 骷髅精灵 | D54: 额外新增怪2 | E54: 19 | F54: {=INDEX(编号表!$E:$E,MATCH(J54,编号表!$C:$C,0))} -> 白色 | G54: 8 | H54: 国王陵墓 | I54: 国王陵墓 | J54: 普通 | K54: 1 | L54: =COUNTIFS(I$11:I54,I54,J$11:J54,J54)-1 -> 1 | O54: 10 | P54: 150000 | Q54: 否 | R54: 40140002 | U54: 11010001 | V54: 11020001 | X54: 战士 | Y54: ani_monster_kuloujingling_01 | Z54: 1.5 | AA54: 80 | AB54: 80 | AC54: 20 | AD54: 30 | AE54: 近战 | AI54: 66 | AJ54: 生命值 | AK54: 330 | AL54: 物防下限 | AM54: 6 | AN54: 物防上限 | AO54: 8 | AP54: 魔防下限 | AQ54: 6 | AR54: 魔防上限 | AS54: 8 | AT54: 攻击下限 | AU54: 13 | AV54: 攻击上限 | AW54: 18 | AX54: 魔法下限 | AY54: 13 | AZ54: 魔法上限 | BA54: 18 | BB54: 道术下限 | BC54: 0 | BD54: 道术上限 | BE54: 0 | BF54: 移动速度 | BG54: 100 | BH54: 攻击范围 | BI54: 10 | BJ54: 警戒范围 | BK54: 250 | BN54: 1 | BO54: 2500 | BP54: 2 | BQ54: 2500 | BR54: 怪物说明功能测试： 怪物身份颜色：|cffFF0000BOSS|r，|cff00FF00精英怪|r，普通怪 概率掉落以下物品： |cffFFA500美刀|r、|cffd9d919one刀乐|r、|cffA020F0two刀乐
A55: =60000000+INDEX(编号表!$B:$B,MATCH(I55,编号表!$A:$A,0))*10000+INDEX(编号表!$B:$B,MATCH(J55,编号表!$C:$C,0))*1000+K55 -> 60041002 | B55: aa10 | C55: 骷髅精灵 | D55: 额外新增怪3 | E55: 19 | F55: {=INDEX(编号表!$E:$E,MATCH(J55,编号表!$C:$C,0))} -> 白色 | G55: 8 | H55: 国王陵墓 | I55: 国王陵墓 | J55: 普通 | K55: 2 | L55: =COUNTIFS(I$11:I55,I55,J$11:J55,J55)-1 -> 2 | O55: 10 | P55: 150000 | Q55: 否 | R55: 40140002 | U55: 11010001 | V55: 11020001 | X55: 战士 | Y55: ani_monster_kuloujingling_01 | Z55: 1.5 | AA55: 80 | AB55: 80 | AC55: 20 | AD55: 30 | AE55: 近战 | AI55: 66 | AJ55: 生命值 | AK55: 330 | AL55: 物防下限 | AM55: 6 | AN55: 物防上限 | AO55: 8 | AP55: 魔防下限 | AQ55: 6 | AR55: 魔防上限 | AS55: 8 | AT55: 攻击下限 | AU55: 13 | AV55: 攻击上限 | AW55: 18 | AX55: 魔法下限 | AY55: 13 | AZ55: 魔法上限 | BA55: 18 | BB55: 道术下限 | BC55: 0 | BD55: 道术上限 | BE55: 0 | BF55: 移动速度 | BG55: 100 | BH55: 攻击范围 | BI55: 10 | BJ55: 警戒范围 | BK55: 250 | BN55: 1 | BO55: 2500 | BP55: 2 | BQ55: 2500 | BR55: 怪物说明功能测试： 怪物身份颜色：|cffFF0000BOSS|r，|cff00FF00精英怪|r，普通怪 概率掉落以下物品： |cffFFA500美刀|r、|cffd9d919one刀乐|r、|cffA020F0two刀乐
A56: =60000000+INDEX(编号表!$B:$B,MATCH(I56,编号表!$A:$A,0))*10000+INDEX(编号表!$B:$B,MATCH(J56,编号表!$C:$C,0))*1000+K56 -> 60042000 | B56: a040 | C56: 骷髅精灵 | D56: 骷髅精灵20 | E56: 20 | F56: {=INDEX(编号表!$E:$E,MATCH(J56,编号表!$C:$C,0))} -> 绿色 | G56: 8 | H56: 国王陵墓 | I56: 国王陵墓 | J56: 精英 | K56: 0 | L56: =COUNTIFS(I$11:I56,I56,J$11:J56,J56)-1 -> 0 | O56: 10 | P56: 150000 | Q56: 否 | R56: 40140002 | U56: 11010001 | V56: 11020001 | X56: 战士 | Y56: ani_monster_kuloujingling_01 | Z56: 1.5 | AA56: 80 | AB56: 80 | AC56: 20 | AD56: 30 | AE56: 近战 | AG56: ain_effect_jinengtexiao_52 | AI56: 285 | AJ56: 生命值 | AK56: 1700 | AL56: 物防下限 | AM56: 9 | AN56: 物防上限 | AO56: 12 | AP56: 魔防下限 | AQ56: 8 | AR56: 魔防上限 | AS56: 12 | AT56: 攻击下限 | AU56: 24 | AV56: 攻击上限 | AW56: 32 | AX56: 魔法下限 | AY56: 24 | AZ56: 魔法上限 | BA56: 32 | BB56: 道术下限 | BC56: 0 | BD56: 道术上限 | BE56: 0 | BF56: 移动速度 | BG56: 100 | BH56: 攻击范围 | BI56: 10 | BJ56: 警戒范围 | BK56: 250 | BN56: 1 | BO56: 2500 | BP56: 2 | BQ56: 2500 | BR56: 怪物说明功能测试： 怪物身份颜色：|cffFF0000BOSS|r，|cff00FF00精英怪|r，普通怪 概率掉落以下物品： |cffFFA500美刀|r、|cffd9d919one刀乐|r、|cffA020F0two刀乐
A57: =60000000+INDEX(编号表!$B:$B,MATCH(I57,编号表!$A:$A,0))*10000+INDEX(编号表!$B:$B,MATCH(J57,编号表!$C:$C,0))*1000+K57 -> 60044000 | B57: b004 | C57: 骷髅精灵 | D57: 骷髅精灵20 | E57: 20 | F57: {=INDEX(编号表!$E:$E,MATCH(J57,编号表!$C:$C,0))} -> 橙色 | G57: 8 | H57: 国王陵墓 | I57: 国王陵墓 | J57: BOSS | K57: 0 | L57: =COUNTIFS(I$11:I57,I57,J$11:J57,J57)-1 -> 0 | O57: 10 | P57: 150000 | Q57: 否 | R57: 40140002 | U57: 11010001 | V57: 11020001 | X57: 战士 | Y57: ani_monster_kuloujingling_01 | Z57: 1.5 | AA57: 80 | AB57: 80 | AC57: 20 | AD57: 30 | AE57: 近战 | AG57: ain_effect_jinengtexiao_58 | AI57: 1440 | AJ57: 生命值 | AK57: 7900 | AL57: 物防下限 | AM57: 11 | AN57: 物防上限 | AO57: 16 | AP57: 魔防下限 | AQ57: 11 | AR57: 魔防上限 | AS57: 15 | AT57: 攻击下限 | AU57: 36 | AV57: 攻击上限 | AW57: 48 | AX57: 魔法下限 | AY57: 36 | AZ57: 魔法上限 | BA57: 48 | BB57: 道术下限 | BC57: 0 | BD57: 道术上限 | BE57: 0 | BF57: 移动速度 | BG57: 100 | BH57: 攻击范围 | BI57: 10 | BJ57: 警戒范围 | BK57: 250 | BN57: 1 | BO57: 2500 | BP57: 2 | BQ57: 2500 | BR57: 怪物说明功能测试： 怪物身份颜色：|cffFF0000BOSS|r，|cff00FF00精英怪|r，普通怪 概率掉落以下物品： |cffFFA500美刀|r、|cffd9d919one刀乐|r、|cffA020F0two刀乐
A58: =60000000+INDEX(编号表!$B:$B,MATCH(I58,编号表!$A:$A,0))*10000+INDEX(编号表!$B:$B,MATCH(J58,编号表!$C:$C,0))*1000+K58 -> 60044001 | B58: b005 | C58: 骷髅精灵 | D58: 骷髅精灵20 | E58: 20 | F58: {=INDEX(编号表!$E:$E,MATCH(J58,编号表!$C:$C,0))} -> 橙色 | G58: 8 | H58: 国王陵墓 | I58: 国王陵墓 | J58: BOSS | K58: 1 | L58: =COUNTIFS(I$11:I58,I58,J$11:J58,J58)-1 -> 1 | O58: 10 | P58: 150000 | Q58: 否 | R58: 40140002 | U58: 11010001 | V58: 11020001 | X58: 战士 | Y58: ani_monster_kuloujingling_01 | Z58: 1.5 | AA58: 80 | AB58: 80 | AC58: 20 | AD58: 30 | AE58: 近战 | AG58: ain_effect_jinengtexiao_58 | AI58: 1440 | AJ58: 生命值 | AK58: 7900 | AL58: 物防下限 | AM58: 11 | AN58: 物防上限 | AO58: 16 | AP58: 魔防下限 | AQ58: 11 | AR58: 魔防上限 | AS58: 15 | AT58: 攻击下限 | AU58: 36 | AV58: 攻击上限 | AW58: 48 | AX58: 魔法下限 | AY58: 36 | AZ58: 魔法上限 | BA58: 48 | BB58: 道术下限 | BC58: 0 | BD58: 道术上限 | BE58: 0 | BF58: 移动速度 | BG58: 100 | BH58: 攻击范围 | BI58: 10 | BJ58: 警戒范围 | BK58: 250 | BN58: 1 | BO58: 2500 | BP58: 2 | BQ58: 2500 | BR58: 怪物说明功能测试： 怪物身份颜色：|cffFF0000BOSS|r，|cff00FF00精英怪|r，普通怪 概率掉落以下物品： |cffFFA500美刀|r、|cffd9d919one刀乐|r、|cffA020F0two刀乐
A59: =60000000+INDEX(编号表!$B:$B,MATCH(I59,编号表!$A:$A,0))*10000+INDEX(编号表!$B:$B,MATCH(J59,编号表!$C:$C,0))*1000+K59 -> 60051000 | B59: a041 | C59: 僵尸 | D59: 僵尸1 | E59: 20 | F59: {=INDEX(编号表!$E:$E,MATCH(J59,编号表!$C:$C,0))} -> 白色 | G59: 9 | H59: 废矿区东部 | I59: 废矿区东部 | J59: 普通 | K59: 0 | L59: =COUNTIFS(I$11:I59,I59,J$11:J59,J59)-1 -> 0 | O59: 10 | P59: 300000 | Q59: 否 | R59: 40140002 | U59: 11010001 | V59: 11020001 | X59: 战士 | Y59: ani_monster_jiangshi1_01 | Z59: 1.5 | AA59: 80 | AB59: 80 | AC59: 20 | AD59: 30 | AE59: 近战 | AI59: 73 | AJ59: 生命值 | AK59: 390 | AL59: 物防下限 | AM59: 7 | AN59: 物防上限 | AO59: 9 | AP59: 魔防下限 | AQ59: 6 | AR59: 魔防上限 | AS59: 9 | AT59: 攻击下限 | AU59: 15 | AV59: 攻击上限 | AW59: 20 | AX59: 魔法下限 | AY59: 15 | AZ59: 魔法上限 | BA59: 20 | BB59: 道术下限 | BC59: 1 | BD59: 道术上限 | BE59: 2 | BF59: 移动速度 | BG59: 100 | BH59: 攻击范围 | BI59: 10 | BJ59: 警戒范围 | BK59: 250 | BN59: 1 | BO59: 2500 | BP59: 2 | BQ59: 2500 | BR59: 怪物说明功能测试： 怪物身份颜色：|cffFF0000BOSS|r，|cff00FF00精英怪|r，普通怪 概率掉落以下物品： |cffFFA500美刀|r、|cffd9d919one刀乐|r、|cffA020F0two刀乐
A60: =60000000+INDEX(编号表!$B:$B,MATCH(I60,编号表!$A:$A,0))*10000+INDEX(编号表!$B:$B,MATCH(J60,编号表!$C:$C,0))*1000+K60 -> 60051001 | B60: a042 | C60: 僵尸2 | D60: 僵尸2 | E60: 20 | F60: {=INDEX(编号表!$E:$E,MATCH(J60,编号表!$C:$C,0))} -> 白色 | G60: 9 | H60: 废矿区东部 | I60: 废矿区东部 | J60: 普通 | K60: 1 | L60: =COUNTIFS(I$11:I60,I60,J$11:J60,J60)-1 -> 1 | O60: 10 | P60: 300000 | Q60: 否 | R60: 40140002 | U60: 11010001 | V60: 11020001 | X60: 战士 | Y60: ani_monster_jiangshi2_01 | Z60: 1.5 | AA60: 80 | AB60: 80 | AC60: 20 | AD60: 30 | AE60: 近战 | AI60: 73 | AJ60: 生命值 | AK60: 390 | AL60: 物防下限 | AM60: 7 | AN60: 物防上限 | AO60: 9 | AP60: 魔防下限 | AQ60: 6 | AR60: 魔防上限 | AS60: 9 | AT60: 攻击下限 | AU60: 15 | AV60: 攻击上限 | AW60: 20 | AX60: 魔法下限 | AY60: 15 | AZ60: 魔法上限 | BA60: 20 | BB60: 道术下限 | BC60: 1 | BD60: 道术上限 | BE60: 2 | BF60: 移动速度 | BG60: 100 | BH60: 攻击范围 | BI60: 10 | BJ60: 警戒范围 | BK60: 250 | BN60: 1 | BO60: 2500 | BP60: 2 | BQ60: 2500 | BR60: 怪物说明功能测试： 怪物身份颜色：|cffFF0000BOSS|r，|cff00FF00精英怪|r，普通怪 概率掉落以下物品： |cffFFA500美刀|r、|cffd9d919one刀乐|r、|cffA020F0two刀乐
A61: =60000000+INDEX(编号表!$B:$B,MATCH(I61,编号表!$A:$A,0))*10000+INDEX(编号表!$B:$B,MATCH(J61,编号表!$C:$C,0))*1000+K61 -> 60051002 | B61: a043 | C61: 僵尸3 | D61: 僵尸3 | E61: 20 | F61: {=INDEX(编号表!$E:$E,MATCH(J61,编号表!$C:$C,0))} -> 白色 | G61: 9 | H61: 废矿区东部 | I61: 废矿区东部 | J61: 普通 | K61: 2 | L61: =COUNTIFS(I$11:I61,I61,J$11:J61,J61)-1 -> 2 | O61: 10 | P61: 300000 | Q61: 否 | R61: 40140002 | U61: 11010001 | V61: 11020001 | X61: 战士 | Y61: ani_monster_jiangshi3_01 | Z61: 1.5 | AA61: 80 | AB61: 80 | AC61: 20 | AD61: 30 | AE61: 近战 | AI61: 73 | AJ61: 生命值 | AK61: 390 | AL61: 物防下限 | AM61: 7 | AN61: 物防上限 | AO61: 9 | AP61: 魔防下限 | AQ61: 6 | AR61: 魔防上限 | AS61: 9 | AT61: 攻击下限 | AU61: 15 | AV61: 攻击上限 | AW61: 20 | AX61: 魔法下限 | AY61: 15 | AZ61: 魔法上限 | BA61: 20 | BB61: 道术下限 | BC61: 1 | BD61: 道术上限 | BE61: 2 | BF61: 移动速度 | BG61: 100 | BH61: 攻击范围 | BI61: 10 | BJ61: 警戒范围 | BK61: 250 | BN61: 1 | BO61: 2500 | BP61: 2 | BQ61: 2500 | BR61: 怪物说明功能测试： 怪物身份颜色：|cffFF0000BOSS|r，|cff00FF00精英怪|r，普通怪 概率掉落以下物品： |cffFFA500美刀|r、|cffd9d919one刀乐|r、|cffA020F0two刀乐
A62: =60000000+INDEX(编号表!$B:$B,MATCH(I62,编号表!$A:$A,0))*10000+INDEX(编号表!$B:$B,MATCH(J62,编号表!$C:$C,0))*1000+K62 -> 60051003 | B62: a044 | C62: 僵尸4 | D62: 僵尸4 | E62: 20 | F62: {=INDEX(编号表!$E:$E,MATCH(J62,编号表!$C:$C,0))} -> 白色 | G62: 9 | H62: 废矿区东部 | I62: 废矿区东部 | J62: 普通 | K62: 3 | L62: =COUNTIFS(I$11:I62,I62,J$11:J62,J62)-1 -> 3 | O62: 10 | P62: 300000 | Q62: 否 | R62: 40140002 | U62: 11010001 | V62: 11020001 | X62: 战士 | Y62: ani_monster_jiangshi4_01 | Z62: 1.5 | AA62: 80 | AB62: 80 | AC62: 20 | AD62: 30 | AE62: 近战 | AI62: 73 | AJ62: 生命值 | AK62: 390 | AL62: 物防下限 | AM62: 7 | AN62: 物防上限 | AO62: 9 | AP62: 魔防下限 | AQ62: 6 | AR62: 魔防上限 | AS62: 9 | AT62: 攻击下限 | AU62: 15 | AV62: 攻击上限 | AW62: 20 | AX62: 魔法下限 | AY62: 15 | AZ62: 魔法上限 | BA62: 20 | BB62: 道术下限 | BC62: 1 | BD62: 道术上限 | BE62: 2 | BF62: 移动速度 | BG62: 100 | BH62: 攻击范围 | BI62: 10 | BJ62: 警戒范围 | BK62: 250 | BN62: 1 | BO62: 2500 | BP62: 2 | BQ62: 2500 | BR62: 怪物说明功能测试： 怪物身份颜色：|cffFF0000BOSS|r，|cff00FF00精英怪|r，普通怪 概率掉落以下物品： |cffFFA500美刀|r、|cffd9d919one刀乐|r、|cffA020F0two刀乐
A63: =60000000+INDEX(编号表!$B:$B,MATCH(I63,编号表!$A:$A,0))*10000+INDEX(编号表!$B:$B,MATCH(J63,编号表!$C:$C,0))*1000+K63 -> 60051004 | B63: a045 | C63: 僵尸5 | D63: 僵尸5 | E63: 20 | F63: {=INDEX(编号表!$E:$E,MATCH(J63,编号表!$C:$C,0))} -> 白色 | G63: 9 | H63: 废矿区东部 | I63: 废矿区东部 | J63: 普通 | K63: 4 | L63: =COUNTIFS(I$11:I63,I63,J$11:J63,J63)-1 -> 4 | O63: 10 | P63: 300000 | Q63: 否 | R63: 40140002 | U63: 11010001 | V63: 11020001 | X63: 战士 | Y63: ani_monster_jiangshi5_01 | Z63: 1.5 | AA63: 80 | AB63: 80 | AC63: 20 | AD63: 30 | AE63: 近战 | AI63: 73 | AJ63: 生命值 | AK63: 390 | AL63: 物防下限 | AM63: 7 | AN63: 物防上限 | AO63: 9 | AP63: 魔防下限 | AQ63: 6 | AR63: 魔防上限 | AS63: 9 | AT63: 攻击下限 | AU63: 15 | AV63: 攻击上限 | AW63: 20 | AX63: 魔法下限 | AY63: 15 | AZ63: 魔法上限 | BA63: 20 | BB63: 道术下限 | BC63: 1 | BD63: 道术上限 | BE63: 2 | BF63: 移动速度 | BG63: 100 | BH63: 攻击范围 | BI63: 10 | BJ63: 警戒范围 | BK63: 250 | BN63: 1 | BO63: 2500 | BP63: 2 | BQ63: 2500 | BR63: 怪物说明功能测试： 怪物身份颜色：|cffFF0000BOSS|r，|cff00FF00精英怪|r，普通怪 概率掉落以下物品： |cffFFA500美刀|r、|cffd9d919one刀乐|r、|cffA020F0two刀乐
A64: =60000000+INDEX(编号表!$B:$B,MATCH(I64,编号表!$A:$A,0))*10000+INDEX(编号表!$B:$B,MATCH(J64,编号表!$C:$C,0))*1000+K64 -> 60051005 | B64: a046 | C64: 洞蛆 | D64: 洞蛆0 | E64: 20 | F64: {=INDEX(编号表!$E:$E,MATCH(J64,编号表!$C:$C,0))} -> 白色 | G64: 9 | H64: 废矿区东部 | I64: 废矿区东部 | J64: 普通 | K64: 5 | L64: =COUNTIFS(I$11:I64,I64,J$11:J64,J64)-1 -> 5 | O64: 10 | P64: 150000 | Q64: 否 | R64: 40140002 | U64: 11010001 | V64: 11020001 | X64: 战士 | Y64: ani_monster_dongqu_01 | Z64: 0.5 | AA64: 80 | AB64: 80 | AC64: 20 | AD64: 30 | AE64: 近战 | AI64: 73 | AJ64: 生命值 | AK64: 370 | AL64: 物防下限 | AM64: 6 | AN64: 物防上限 | AO64: 9 | AP64: 魔防下限 | AQ64: 6 | AR64: 魔防上限 | AS64: 8 | AT64: 攻击下限 | AU64: 14 | AV64: 攻击上限 | AW64: 19 | AX64: 魔法下限 | AY64: 14 | AZ64: 魔法上限 | BA64: 19 | BB64: 道术下限 | BC64: 0 | BD64: 道术上限 | BE64: 0 | BF64: 移动速度 | BG64: 100 | BH64: 攻击范围 | BI64: 10 | BJ64: 警戒范围 | BK64: 250 | BN64: 1 | BO64: 2500 | BP64: 2 | BQ64: 2500 | BR64: 怪物说明功能测试： 怪物身份颜色：|cffFF0000BOSS|r，|cff00FF00精英怪|r，普通怪 概率掉落以下物品： |cffFFA500美刀|r、|cffd9d919one刀乐|r、|cffA020F0two刀乐
A65: =60000000+INDEX(编号表!$B:$B,MATCH(I65,编号表!$A:$A,0))*10000+INDEX(编号表!$B:$B,MATCH(J65,编号表!$C:$C,0))*1000+K65 -> 60051006 | B65: a047 | C65: 电僵尸 | D65: 电僵尸 | E65: 20 | F65: {=INDEX(编号表!$E:$E,MATCH(J65,编号表!$C:$C,0))} -> 白色 | G65: 9 | H65: 废矿区东部 | I65: 废矿区东部 | J65: 普通 | K65: 6 | L65: =COUNTIFS(I$11:I65,I65,J$11:J65,J65)-1 -> 6 | O65: 10 | P65: 300000 | Q65: 否 | R65: 40140002 | U65: 11010001 | V65: 11020001 | X65: 战士 | Y65: ani_monster_jiangshi2_01 | Z65: 1.5 | AA65: 80 | AB65: 80 | AC65: 20 | AD65: 30 | AE65: 远程 | AF65: ani_monster_jiangshi2_01_01 | AI65: 73 | AJ65: 生命值 | AK65: 360 | AL65: 物防下限 | AM65: 6 | AN65: 物防上限 | AO65: 9 | AP65: 魔防下限 | AQ65: 6 | AR65: 魔防上限 | AS65: 8 | AT65: 攻击下限 | AU65: 16 | AV65: 攻击上限 | AW65: 22 | AX65: 魔法下限 | AY65: 16 | AZ65: 魔法上限 | BA65: 22 | BB65: 道术下限 | BC65: 1 | BD65: 道术上限 | BE65: 2 | BF65: 移动速度 | BG65: 100 | BH65: 攻击范围 | BI65: 300 | BJ65: 警戒范围 | BK65: 250 | BN65: 1 | BO65: 2500 | BP65: 2 | BQ65: 2500 | BR65: 怪物说明功能测试： 怪物身份颜色：|cffFF0000BOSS|r，|cff00FF00精英怪|r，普通怪 概率掉落以下物品： |cffFFA500美刀|r、|cffd9d919one刀乐|r、|cffA020F0two刀乐
A66: =60000000+INDEX(编号表!$B:$B,MATCH(I66,编号表!$A:$A,0))*10000+INDEX(编号表!$B:$B,MATCH(J66,编号表!$C:$C,0))*1000+K66 -> 60052000 | B66: a048 | C66: 电僵尸 | D66: 电僵尸10 | E66: 21 | F66: {=INDEX(编号表!$E:$E,MATCH(J66,编号表!$C:$C,0))} -> 绿色 | G66: 9 | H66: 废矿区东部 | I66: 废矿区东部 | J66: 精英 | K66: 0 | L66: =COUNTIFS(I$11:I66,I66,J$11:J66,J66)-1 -> 0 | O66: 10 | P66: 300000 | Q66: 否 | R66: 40140002 | U66: 11010001 | V66: 11020001 | X66: 战士 | Y66: ani_monster_jiangshi2_01 | Z66: 1.5 | AA66: 80 | AB66: 80 | AC66: 20 | AD66: 30 | AE66: 远程 | AF66: ani_monster_jiangshi2_01_01 | AG66: ain_effect_jinengtexiao_52 | AI66: 310 | AJ66: 生命值 | AK66: 1850 | AL66: 物防下限 | AM66: 9 | AN66: 物防上限 | AO66: 12 | AP66: 魔防下限 | AQ66: 8 | AR66: 魔防上限 | AS66: 12 | AT66: 攻击下限 | AU66: 30 | AV66: 攻击上限 | AW66: 40 | AX66: 魔法下限 | AY66: 30 | AZ66: 魔法上限 | BA66: 40 | BB66: 道术下限 | BC66: 1 | BD66: 道术上限 | BE66: 2 | BF66: 移动速度 | BG66: 100 | BH66: 攻击范围 | BI66: 300 | BJ66: 警戒范围 | BK66: 250 | BN66: 1 | BO66: 2500 | BP66: 2 | BQ66: 2500 | BR66: 怪物说明功能测试： 怪物身份颜色：|cffFF0000BOSS|r，|cff00FF00精英怪|r，普通怪 概率掉落以下物品： |cffFFA500美刀|r、|cffd9d919one刀乐|r、|cffA020F0two刀乐
A67: =60000000+INDEX(编号表!$B:$B,MATCH(I67,编号表!$A:$A,0))*10000+INDEX(编号表!$B:$B,MATCH(J67,编号表!$C:$C,0))*1000+K67 -> 60054000 | B67: b006 | C67: 电僵尸 | D67: 电僵尸10 | E67: 21 | F67: {=INDEX(编号表!$E:$E,MATCH(J67,编号表!$C:$C,0))} -> 橙色 | G67: 9 | H67: 废矿区东部 | I67: 废矿区东部 | J67: BOSS | K67: 0 | L67: =COUNTIFS(I$11:I67,I67,J$11:J67,J67)-1 -> 0 | O67: 10 | P67: 300000 | Q67: 否 | R67: 40140003 | U67: 11010001 | V67: 11020001 | X67: 战士 | Y67: ani_monster_jiangshi2_01 | Z67: 1.5 | AA67: 80 | AB67: 80 | AC67: 20 | AD67: 30 | AE67: 远程 | AF67: ani_monster_jiangshi2_01_01 | AG67: ain_effect_jinengtexiao_58 | AI67: 1580 | AJ67: 生命值 | AK67: 8700 | AL67: 物防下限 | AM67: 12 | AN67: 物防上限 | AO67: 16 | AP67: 魔防下限 | AQ67: 11 | AR67: 魔防上限 | AS67: 16 | AT67: 攻击下限 | AU67: 45 | AV67: 攻击上限 | AW67: 60 | AX67: 魔法下限 | AY67: 45 | AZ67: 魔法上限 | BA67: 60 | BB67: 道术下限 | BC67: 1 | BD67: 道术上限 | BE67: 2 | BF67: 移动速度 | BG67: 100 | BH67: 攻击范围 | BI67: 300 | BJ67: 警戒范围 | BK67: 250 | BN67: 1 | BO67: 2500 | BP67: 2 | BQ67: 2500 | BR67: 怪物说明功能测试： 怪物身份颜色：|cffFF0000BOSS|r，|cff00FF00精英怪|r，普通怪 概率掉落以下物品： |cffFFA500美刀|r、|cffd9d919one刀乐|r、|cffA020F0two刀乐
A68: =60000000+INDEX(编号表!$B:$B,MATCH(I68,编号表!$A:$A,0))*10000+INDEX(编号表!$B:$B,MATCH(J68,编号表!$C:$C,0))*1000+K68 -> 60054001 | B68: b007 | C68: 电僵尸 | D68: 电僵尸10 | E68: 21 | F68: {=INDEX(编号表!$E:$E,MATCH(J68,编号表!$C:$C,0))} -> 橙色 | G68: 9 | H68: 废矿区东部 | I68: 废矿区东部 | J68: BOSS | K68: 1 | L68: =COUNTIFS(I$11:I68,I68,J$11:J68,J68)-1 -> 1 | O68: 10 | P68: 300000 | Q68: 否 | R68: 40140003 | U68: 11010001 | V68: 11020001 | X68: 战士 | Y68: ani_monster_jiangshi2_01 | Z68: 1.5 | AA68: 80 | AB68: 80 | AC68: 20 | AD68: 30 | AE68: 远程 | AF68: ani_monster_jiangshi2_01_01 | AG68: ain_effect_jinengtexiao_58 | AI68: 1580 | AJ68: 生命值 | AK68: 8700 | AL68: 物防下限 | AM68: 12 | AN68: 物防上限 | AO68: 16 | AP68: 魔防下限 | AQ68: 11 | AR68: 魔防上限 | AS68: 16 | AT68: 攻击下限 | AU68: 45 | AV68: 攻击上限 | AW68: 60 | AX68: 魔法下限 | AY68: 45 | AZ68: 魔法上限 | BA68: 60 | BB68: 道术下限 | BC68: 1 | BD68: 道术上限 | BE68: 2 | BF68: 移动速度 | BG68: 100 | BH68: 攻击范围 | BI68: 300 | BJ68: 警戒范围 | BK68: 250 | BN68: 1 | BO68: 2500 | BP68: 2 | BQ68: 2500 | BR68: 怪物说明功能测试： 怪物身份颜色：|cffFF0000BOSS|r，|cff00FF00精英怪|r，普通怪 概率掉落以下物品： |cffFFA500美刀|r、|cffd9d919one刀乐|r、|cffA020F0two刀乐
A69: =60000000+INDEX(编号表!$B:$B,MATCH(I69,编号表!$A:$A,0))*10000+INDEX(编号表!$B:$B,MATCH(J69,编号表!$C:$C,0))*1000+K69 -> 60054002 | B69: b008 | C69: 电僵尸 | D69: 电僵尸10 | E69: 21 | F69: {=INDEX(编号表!$E:$E,MATCH(J69,编号表!$C:$C,0))} -> 橙色 | G69: 9 | H69: 废矿区东部 | I69: 废矿区东部 | J69: BOSS | K69: 2 | L69: =COUNTIFS(I$11:I69,I69,J$11:J69,J69)-1 -> 2 | O69: 10 | P69: 300000 | Q69: 否 | R69: 40140003 | U69: 11010001 | V69: 11020001 | X69: 战士 | Y69: ani_monster_jiangshi2_01 | Z69: 1.5 | AA69: 80 | AB69: 80 | AC69: 20 | AD69: 30 | AE69: 远程 | AF69: ani_monster_jiangshi2_01_01 | AG69: ain_effect_jinengtexiao_58 | AI69: 1580 | AJ69: 生命值 | AK69: 8700 | AL69: 物防下限 | AM69: 12 | AN69: 物防上限 | AO69: 16 | AP69: 魔防下限 | AQ69: 11 | AR69: 魔防上限 | AS69: 16 | AT69: 攻击下限 | AU69: 45 | AV69: 攻击上限 | AW69: 60 | AX69: 魔法下限 | AY69: 45 | AZ69: 魔法上限 | BA69: 60 | BB69: 道术下限 | BC69: 1 | BD69: 道术上限 | BE69: 2 | BF69: 移动速度 | BG69: 100 | BH69: 攻击范围 | BI69: 300 | BJ69: 警戒范围 | BK69: 250 | BN69: 1 | BO69: 2500 | BP69: 2 | BQ69: 2500 | BR69: 怪物说明功能测试： 怪物身份颜色：|cffFF0000BOSS|r，|cff00FF00精英怪|r，普通怪 概率掉落以下物品： |cffFFA500美刀|r、|cffd9d919one刀乐|r、|cffA020F0two刀乐
A70: =60000000+INDEX(编号表!$B:$B,MATCH(I70,编号表!$A:$A,0))*10000+INDEX(编号表!$B:$B,MATCH(J70,编号表!$C:$C,0))*1000+K70 -> 60061000 | B70: aa11 | C70: 电僵尸 | D70: 电僵尸A | E70: 20 | F70: {=INDEX(编号表!$E:$E,MATCH(J70,编号表!$C:$C,0))} -> 白色 | G70: 10 | H70: 尸王殿 | I70: 尸王殿 | J70: 普通 | K70: 0 | L70: =COUNTIFS(I$11:I70,I70,J$11:J70,J70)-1 -> 0 | O70: 10 | P70: 300000 | Q70: 否 | R70: 40140003 | U70: 11010001 | V70: 11020001 | X70: 战士 | Y70: ani_monster_jiangshi2_01 | Z70: 1.5 | AA70: 80 | AB70: 80 | AC70: 20 | AD70: 30 | AE70: 远程 | AF70: ani_monster_jiangshi2_01_01 | AI70: 74 | AJ70: 生命值 | AK70: 390 | AL70: 物防下限 | AM70: 6 | AN70: 物防上限 | AO70: 9 | AP70: 魔防下限 | AQ70: 6 | AR70: 魔防上限 | AS70: 9 | AT70: 攻击下限 | AU70: 17 | AV70: 攻击上限 | AW70: 23 | AX70: 魔法下限 | AY70: 17 | AZ70: 魔法上限 | BA70: 23 | BB70: 道术下限 | BC70: 1 | BD70: 道术上限 | BE70: 2 | BF70: 移动速度 | BG70: 100 | BH70: 攻击范围 | BI70: 300 | BJ70: 警戒范围 | BK70: 250 | BN70: 1 | BO70: 2500 | BP70: 2 | BQ70: 2500 | BR70: 怪物说明功能测试： 怪物身份颜色：|cffFF0000BOSS|r，|cff00FF00精英怪|r，普通怪 概率掉落以下物品： |cffFFA500美刀|r、|cffd9d919one刀乐|r、|cffA020F0two刀乐
A71: =60000000+INDEX(编号表!$B:$B,MATCH(I71,编号表!$A:$A,0))*10000+INDEX(编号表!$B:$B,MATCH(J71,编号表!$C:$C,0))*1000+K71 -> 60061001 | B71: aa12 | C71: 电僵尸 | D71: 电僵尸B | E71: 20 | F71: {=INDEX(编号表!$E:$E,MATCH(J71,编号表!$C:$C,0))} -> 白色 | G71: 10 | H71: 尸王殿 | I71: 尸王殿 | J71: 普通 | K71: 1 | L71: =COUNTIFS(I$11:I71,I71,J$11:J71,J71)-1 -> 1 | O71: 10 | P71: 300000 | Q71: 否 | R71: 40140003 | U71: 11010001 | V71: 11020001 | X71: 战士 | Y71: ani_monster_jiangshi2_01 | Z71: 1.5 | AA71: 80 | AB71: 80 | AC71: 20 | AD71: 30 | AE71: 远程 | AF71: ani_monster_jiangshi2_01_01 | AI71: 74 | AJ71: 生命值 | AK71: 390 | AL71: 物防下限 | AM71: 6 | AN71: 物防上限 | AO71: 9 | AP71: 魔防下限 | AQ71: 6 | AR71: 魔防上限 | AS71: 9 | AT71: 攻击下限 | AU71: 17 | AV71: 攻击上限 | AW71: 23 | AX71: 魔法下限 | AY71: 17 | AZ71: 魔法上限 | BA71: 23 | BB71: 道术下限 | BC71: 1 | BD71: 道术上限 | BE71: 2 | BF71: 移动速度 | BG71: 100 | BH71: 攻击范围 | BI71: 300 | BJ71: 警戒范围 | BK71: 250 | BN71: 1 | BO71: 2500 | BP71: 2 | BQ71: 2500 | BR71: 怪物说明功能测试： 怪物身份颜色：|cffFF0000BOSS|r，|cff00FF00精英怪|r，普通怪 概率掉落以下物品： |cffFFA500美刀|r、|cffd9d919one刀乐|r、|cffA020F0two刀乐
A72: =60000000+INDEX(编号表!$B:$B,MATCH(I72,编号表!$A:$A,0))*10000+INDEX(编号表!$B:$B,MATCH(J72,编号表!$C:$C,0))*1000+K72 -> 60061002 | B72: aa13 | C72: 电僵尸 | D72: 电僵尸C | E72: 20 | F72: {=INDEX(编号表!$E:$E,MATCH(J72,编号表!$C:$C,0))} -> 白色 | G72: 10 | H72: 尸王殿 | I72: 尸王殿 | J72: 普通 | K72: 2 | L72: =COUNTIFS(I$11:I72,I72,J$11:J72,J72)-1 -> 2 | O72: 10 | P72: 300000 | Q72: 否 | R72: 40140003 | U72: 11010001 | V72: 11020001 | X72: 战士 | Y72: ani_monster_jiangshi2_01 | Z72: 1.5 | AA72: 80 | AB72: 80 | AC72: 20 | AD72: 30 | AE72: 远程 | AF72: ani_monster_jiangshi2_01_01 | AI72: 74 | AJ72: 生命值 | AK72: 390 | AL72: 物防下限 | AM72: 6 | AN72: 物防上限 | AO72: 9 | AP72: 魔防下限 | AQ72: 6 | AR72: 魔防上限 | AS72: 9 | AT72: 攻击下限 | AU72: 17 | AV72: 攻击上限 | AW72: 23 | AX72: 魔法下限 | AY72: 17 | AZ72: 魔法上限 | BA72: 23 | BB72: 道术下限 | BC72: 1 | BD72: 道术上限 | BE72: 2 | BF72: 移动速度 | BG72: 100 | BH72: 攻击范围 | BI72: 300 | BJ72: 警戒范围 | BK72: 250 | BN72: 1 | BO72: 2500 | BP72: 2 | BQ72: 2500 | BR72: 怪物说明功能测试： 怪物身份颜色：|cffFF0000BOSS|r，|cff00FF00精英怪|r，普通怪 概率掉落以下物品： |cffFFA500美刀|r、|cffd9d919one刀乐|r、|cffA020F0two刀乐
A73: =60000000+INDEX(编号表!$B:$B,MATCH(I73,编号表!$A:$A,0))*10000+INDEX(编号表!$B:$B,MATCH(J73,编号表!$C:$C,0))*1000+K73 -> 60062000 | B73: a049 | C73: 尸王 | D73: 尸王 | E73: 21 | F73: {=INDEX(编号表!$E:$E,MATCH(J73,编号表!$C:$C,0))} -> 绿色 | G73: 10 | H73: 尸王殿 | I73: 尸王殿 | J73: 精英 | K73: 0 | L73: =COUNTIFS(I$11:I73,I73,J$11:J73,J73)-1 -> 0 | O73: 10 | P73: 300000 | Q73: 否 | R73: 40140003 | U73: 11010001 | V73: 11020001 | X73: 战士 | Y73: ani_monster_shiwang_01 | AA73: 80 | AB73: 80 | AC73: 20 | AD73: 30 | AE73: 近战 | AG73: ain_effect_jinengtexiao_52 | AI73: 320 | AJ73: 生命值 | AK73: 2550 | AL73: 物防下限 | AM73: 12 | AN73: 物防上限 | AO73: 17 | AP73: 魔防下限 | AQ73: 11 | AR73: 魔防上限 | AS73: 16 | AT73: 攻击下限 | AU73: 29 | AV73: 攻击上限 | AW73: 40 | AX73: 魔法下限 | AY73: 29 | AZ73: 魔法上限 | BA73: 40 | BB73: 道术下限 | BC73: 1 | BD73: 道术上限 | BE73: 2 | BF73: 移动速度 | BG73: 100 | BH73: 攻击范围 | BI73: 10 | BJ73: 警戒范围 | BK73: 250 | BN73: 1 | BO73: 2500 | BP73: 2 | BQ73: 2500 | BR73: 怪物说明功能测试： 怪物身份颜色：|cffFF0000BOSS|r，|cff00FF00精英怪|r，普通怪 概率掉落以下物品： |cffFFA500美刀|r、|cffd9d919one刀乐|r、|cffA020F0two刀乐
A74: =60000000+INDEX(编号表!$B:$B,MATCH(I74,编号表!$A:$A,0))*10000+INDEX(编号表!$B:$B,MATCH(J74,编号表!$C:$C,0))*1000+K74 -> 60064000 | B74: b009 | C74: 尸王 | D74: 尸王 | E74: 21 | F74: {=INDEX(编号表!$E:$E,MATCH(J74,编号表!$C:$C,0))} -> 橙色 | G74: 10 | H74: 尸王殿 | I74: 尸王殿 | J74: BOSS | K74: 0 | L74: =COUNTIFS(I$11:I74,I74,J$11:J74,J74)-1 -> 0 | O74: 10 | P74: 300000 | Q74: 否 | R74: 40140003 | U74: 11010001 | V74: 11020001 | X74: 战士 | Y74: ani_monster_shiwang_01 | Z74: 1.5 | AA74: 100 | AB74: 100 | AC74: 20 | AD74: 30 | AE74: 近战 | AG74: ain_effect_jinengtexiao_58 | AI74: 1600 | AJ74: 生命值 | AK74: 12200 | AL74: 物防下限 | AM74: 16 | AN74: 物防上限 | AO74: 22 | AP74: 魔防下限 | AQ74: 15 | AR74: 魔防上限 | AS74: 21 | AT74: 攻击下限 | AU74: 44 | AV74: 攻击上限 | AW74: 60 | AX74: 魔法下限 | AY74: 44 | AZ74: 魔法上限 | BA74: 60 | BB74: 道术下限 | BC74: 1 | BD74: 道术上限 | BE74: 2 | BF74: 移动速度 | BG74: 100 | BH74: 攻击范围 | BI74: 10 | BJ74: 警戒范围 | BK74: 250 | BN74: 1 | BO74: 2500 | BP74: 2 | BQ74: 2500 | BR74: 怪物说明功能测试： 怪物身份颜色：|cffFF0000BOSS|r，|cff00FF00精英怪|r，普通怪 概率掉落以下物品： |cffFFA500美刀|r、|cffd9d919one刀乐|r、|cffA020F0two刀乐
A75: =60000000+INDEX(编号表!$B:$B,MATCH(I75,编号表!$A:$A,0))*10000+INDEX(编号表!$B:$B,MATCH(J75,编号表!$C:$C,0))*1000+K75 -> 60064001 | B75: b010 | C75: 尸王 | D75: 尸王 | E75: 21 | F75: {=INDEX(编号表!$E:$E,MATCH(J75,编号表!$C:$C,0))} -> 橙色 | G75: 10 | H75: 尸王殿 | I75: 尸王殿 | J75: BOSS | K75: 1 | L75: =COUNTIFS(I$11:I75,I75,J$11:J75,J75)-1 -> 1 | O75: 10 | P75: 300000 | Q75: 否 | R75: 40140003 | U75: 11010001 | V75: 11020001 | X75: 战士 | Y75: ani_monster_shiwang_01 | Z75: 1.5 | AA75: 100 | AB75: 100 | AC75: 20 | AD75: 30 | AE75: 近战 | AG75: ain_effect_jinengtexiao_58 | AI75: 1600 | AJ75: 生命值 | AK75: 12200 | AL75: 物防下限 | AM75: 16 | AN75: 物防上限 | AO75: 22 | AP75: 魔防下限 | AQ75: 15 | AR75: 魔防上限 | AS75: 21 | AT75: 攻击下限 | AU75: 44 | AV75: 攻击上限 | AW75: 60 | AX75: 魔法下限 | AY75: 44 | AZ75: 魔法上限 | BA75: 60 | BB75: 道术下限 | BC75: 1 | BD75: 道术上限 | BE75: 2 | BF75: 移动速度 | BG75: 100 | BH75: 攻击范围 | BI75: 10 | BJ75: 警戒范围 | BK75: 250 | BN75: 1 | BO75: 2500 | BP75: 2 | BQ75: 2500 | BR75: 怪物说明功能测试： 怪物身份颜色：|cffFF0000BOSS|r，|cff00FF00精英怪|r，普通怪 概率掉落以下物品： |cffFFA500美刀|r、|cffd9d919one刀乐|r、|cffA020F0two刀乐
A76: =60000000+INDEX(编号表!$B:$B,MATCH(I76,编号表!$A:$A,0))*10000+INDEX(编号表!$B:$B,MATCH(J76,编号表!$C:$C,0))*1000+K76 -> 60064002 | B76: b011 | C76: 尸王 | D76: 尸王 | E76: 21 | F76: {=INDEX(编号表!$E:$E,MATCH(J76,编号表!$C:$C,0))} -> 橙色 | G76: 10 | H76: 尸王殿 | I76: 尸王殿 | J76: BOSS | K76: 2 | L76: =COUNTIFS(I$11:I76,I76,J$11:J76,J76)-1 -> 2 | O76: 10 | P76: 300000 | Q76: 否 | R76: 40140003 | U76: 11010001 | V76: 11020001 | X76: 战士 | Y76: ani_monster_shiwang_01 | Z76: 1.5 | AA76: 100 | AB76: 100 | AC76: 20 | AD76: 30 | AE76: 近战 | AG76: ain_effect_jinengtexiao_58 | AI76: 1600 | AJ76: 生命值 | AK76: 12200 | AL76: 物防下限 | AM76: 16 | AN76: 物防上限 | AO76: 22 | AP76: 魔防下限 | AQ76: 15 | AR76: 魔防上限 | AS76: 21 | AT76: 攻击下限 | AU76: 44 | AV76: 攻击上限 | AW76: 60 | AX76: 魔法下限 | AY76: 44 | AZ76: 魔法上限 | BA76: 60 | BB76: 道术下限 | BC76: 1 | BD76: 道术上限 | BE76: 2 | BF76: 移动速度 | BG76: 100 | BH76: 攻击范围 | BI76: 10 | BJ76: 警戒范围 | BK76: 250 | BN76: 1 | BO76: 2500 | BP76: 2 | BQ76: 2500 | BR76: 怪物说明功能测试： 怪物身份颜色：|cffFF0000BOSS|r，|cff00FF00精英怪|r，普通怪 概率掉落以下物品： |cffFFA500美刀|r、|cffd9d919one刀乐|r、|cffA020F0two刀乐
A77: =60000000+INDEX(编号表!$B:$B,MATCH(I77,编号表!$A:$A,0))*10000+INDEX(编号表!$B:$B,MATCH(J77,编号表!$C:$C,0))*1000+K77 -> 60071000 | B77: a050 | C77: 黑色恶蛆 | D77: 黑色恶蛆 | E77: 21 | F77: {=INDEX(编号表!$E:$E,MATCH(J77,编号表!$C:$C,0))} -> 白色 | G77: 11 | H77: 地牢 | I77: 地牢 | J77: 普通 | K77: 0 | L77: =COUNTIFS(I$11:I77,I77,J$11:J77,J77)-1 -> 0 | O77: 10 | P77: 300000 | Q77: 否 | R77: 40140003 | U77: 11010001 | V77: 11020001 | X77: 战士 | Y77: ani_monster_equ_01 | Z77: 0.5 | AA77: 50 | AB77: 50 | AC77: 20 | AD77: 30 | AE77: 近战 | AI77: 81 | AJ77: 生命值 | AK77: 460 | AL77: 物防下限 | AM77: 7 | AN77: 物防上限 | AO77: 10 | AP77: 魔防下限 | AQ77: 6 | AR77: 魔防上限 | AS77: 9 | AT77: 攻击下限 | AU77: 16 | AV77: 攻击上限 | AW77: 21 | AX77: 魔法下限 | AY77: 16 | AZ77: 魔法上限 | BA77: 21 | BB77: 道术下限 | BC77: 1 | BD77: 道术上限 | BE77: 2 | BF77: 移动速度 | BG77: 100 | BH77: 攻击范围 | BI77: 10 | BJ77: 警戒范围 | BK77: 250 | BN77: 1 | BO77: 2500 | BP77: 2 | BQ77: 2500 | BR77: 怪物说明功能测试： 怪物身份颜色：|cffFF0000BOSS|r，|cff00FF00精英怪|r，普通怪 概率掉落以下物品： |cffFFA500美刀|r、|cffd9d919one刀乐|r、|cffA020F0two刀乐
A78: =60000000+INDEX(编号表!$B:$B,MATCH(I78,编号表!$A:$A,0))*10000+INDEX(编号表!$B:$B,MATCH(J78,编号表!$C:$C,0))*1000+K78 -> 60071001 | B78: a051 | C78: 跳跳蜂 | D78: 跳跳蜂 | E78: 21 | F78: {=INDEX(编号表!$E:$E,MATCH(J78,编号表!$C:$C,0))} -> 白色 | G78: 11 | H78: 地牢 | I78: 地牢 | J78: 普通 | K78: 1 | L78: =COUNTIFS(I$11:I78,I78,J$11:J78,J78)-1 -> 1 | O78: 10 | P78: 300000 | Q78: 否 | R78: 40140003 | U78: 11010001 | V78: 11020001 | X78: 战士 | Y78: ani_monster_tiaofeng_01 | Z78: 0.5 | AA78: 50 | AB78: 50 | AC78: 20 | AD78: 30 | AE78: 近战 | AI78: 81 | AJ78: 生命值 | AK78: 370 | AL78: 物防下限 | AM78: 6 | AN78: 物防上限 | AO78: 8 | AP78: 魔防下限 | AQ78: 5 | AR78: 魔防上限 | AS78: 8 | AT78: 攻击下限 | AU78: 17 | AV78: 攻击上限 | AW78: 24 | AX78: 魔法下限 | AY78: 17 | AZ78: 魔法上限 | BA78: 24 | BB78: 道术下限 | BC78: 1 | BD78: 道术上限 | BE78: 2 | BF78: 移动速度 | BG78: 100 | BH78: 攻击范围 | BI78: 10 | BJ78: 警戒范围 | BK78: 250 | BN78: 1 | BO78: 2500 | BP78: 2 | BQ78: 2500 | BR78: 怪物说明功能测试： 怪物身份颜色：|cffFF0000BOSS|r，|cff00FF00精英怪|r，普通怪 概率掉落以下物品： |cffFFA500美刀|r、|cffd9d919one刀乐|r、|cffA020F0two刀乐
A79: =60000000+INDEX(编号表!$B:$B,MATCH(I79,编号表!$A:$A,0))*10000+INDEX(编号表!$B:$B,MATCH(J79,编号表!$C:$C,0))*1000+K79 -> 60071002 | B79: a052 | C79: 蜈蚣 | D79: 蜈蚣 | E79: 21 | F79: {=INDEX(编号表!$E:$E,MATCH(J79,编号表!$C:$C,0))} -> 白色 | G79: 11 | H79: 地牢 | I79: 地牢 | J79: 普通 | K79: 2 | L79: =COUNTIFS(I$11:I79,I79,J$11:J79,J79)-1 -> 2 | O79: 10 | P79: 300000 | Q79: 否 | R79: 40140003 | U79: 11010001 | V79: 11020001 | X79: 战士 | Y79: ani_monster_wugong_01 | Z79: 0.5 | AA79: 50 | AB79: 50 | AC79: 20 | AD79: 30 | AE79: 近战 | AI79: 81 | AJ79: 生命值 | AK79: 490 | AL79: 物防下限 | AM79: 8 | AN79: 物防上限 | AO79: 11 | AP79: 魔防下限 | AQ79: 7 | AR79: 魔防上限 | AS79: 10 | AT79: 攻击下限 | AU79: 17 | AV79: 攻击上限 | AW79: 23 | AX79: 魔法下限 | AY79: 17 | AZ79: 魔法上限 | BA79: 23 | BB79: 道术下限 | BC79: 1 | BD79: 道术上限 | BE79: 2 | BF79: 移动速度 | BG79: 100 | BH79: 攻击范围 | BI79: 10 | BJ79: 警戒范围 | BK79: 250 | BN79: 1 | BO79: 2500 | BP79: 2 | BQ79: 2500 | BR79: 怪物说明功能测试： 怪物身份颜色：|cffFF0000BOSS|r，|cff00FF00精英怪|r，普通怪 概率掉落以下物品： |cffFFA500美刀|r、|cffd9d919one刀乐|r、|cffA020F0two刀乐
A80: =60000000+INDEX(编号表!$B:$B,MATCH(I80,编号表!$A:$A,0))*10000+INDEX(编号表!$B:$B,MATCH(J80,编号表!$C:$C,0))*1000+K80 -> 60071003 | B80: a053 | C80: 钳虫 | D80: 钳虫 | E80: 21 | F80: {=INDEX(编号表!$E:$E,MATCH(J80,编号表!$C:$C,0))} -> 白色 | G80: 11 | H80: 地牢 | I80: 地牢 | J80: 普通 | K80: 3 | L80: =COUNTIFS(I$11:I80,I80,J$11:J80,J80)-1 -> 3 | O80: 10 | P80: 300000 | Q80: 否 | R80: 40140003 | U80: 11010001 | V80: 11020001 | X80: 战士 | Y80: ani_monster_qianchong_01 | Z80: 0.5 | AA80: 50 | AB80: 50 | AC80: 20 | AD80: 30 | AE80: 近战 | AI80: 81 | AJ80: 生命值 | AK80: 560 | AL80: 物防下限 | AM80: 9 | AN80: 物防上限 | AO80: 13 | AP80: 魔防下限 | AQ80: 8 | AR80: 魔防上限 | AS80: 12 | AT80: 攻击下限 | AU80: 17 | AV80: 攻击上限 | AW80: 24 | AX80: 魔法下限 | AY80: 17 | AZ80: 魔法上限 | BA80: 24 | BB80: 道术下限 | BC80: 1 | BD80: 道术上限 | BE80: 2 | BF80: 移动速度 | BG80: 100 | BH80: 攻击范围 | BI80: 10 | BJ80: 警戒范围 | BK80: 250 | BN80: 1 | BO80: 2500 | BP80: 2 | BQ80: 2500 | BR80: 怪物说明功能测试： 怪物身份颜色：|cffFF0000BOSS|r，|cff00FF00精英怪|r，普通怪 概率掉落以下物品： |cffFFA500美刀|r、|cffd9d919one刀乐|r、|cffA020F0two刀乐
A81: =60000000+INDEX(编号表!$B:$B,MATCH(I81,编号表!$A:$A,0))*10000+INDEX(编号表!$B:$B,MATCH(J81,编号表!$C:$C,0))*1000+K81 -> 60072000 | B81: a054 | C81: 黑色恶蛆 | D81: 黑色恶蛆10 | E81: 22 | F81: {=INDEX(编号表!$E:$E,MATCH(J81,编号表!$C:$C,0))} -> 绿色 | G81: 11 | H81: 地牢 | I81: 地牢 | J81: 精英 | K81: 0 | L81: =COUNTIFS(I$11:I81,I81,J$11:J81,J81)-1 -> 0 | O81: 10 | P81: 300000 | Q81: 否 | R81: 40140003 | U81: 11010001 | V81: 11020001 | X81: 战士 | Y81: ani_monster_equ_01 | Z81: 0.5 | AA81: 50 | AB81: 50 | AC81: 20 | AD81: 30 | AE81: 近战 | AG81: ain_effect_jinengtexiao_52 | AI81: 350 | AJ81: 生命值 | AK81: 2400 | AL81: 物防下限 | AM81: 10 | AN81: 物防上限 | AO81: 15 | AP81: 魔防下限 | AQ81: 9 | AR81: 魔防上限 | AS81: 14 | AT81: 攻击下限 | AU81: 29 | AV81: 攻击上限 | AW81: 40 | AX81: 魔法下限 | AY81: 29 | AZ81: 魔法上限 | BA81: 40 | BB81: 道术下限 | BC81: 1 | BD81: 道术上限 | BE81: 2 | BF81: 移动速度 | BG81: 100 | BH81: 攻击范围 | BI81: 10 | BJ81: 警戒范围 | BK81: 250 | BN81: 1 | BO81: 2500 | BP81: 2 | BQ81: 2500 | BR81: 怪物说明功能测试： 怪物身份颜色：|cffFF0000BOSS|r，|cff00FF00精英怪|r，普通怪 概率掉落以下物品： |cffFFA500美刀|r、|cffd9d919one刀乐|r、|cffA020F0two刀乐
A82: =60000000+INDEX(编号表!$B:$B,MATCH(I82,编号表!$A:$A,0))*10000+INDEX(编号表!$B:$B,MATCH(J82,编号表!$C:$C,0))*1000+K82 -> 60074000 | B82: b012 | C82: 黑色恶蛆 | D82: 黑色恶蛆10 | E82: 22 | F82: {=INDEX(编号表!$E:$E,MATCH(J82,编号表!$C:$C,0))} -> 橙色 | G82: 11 | H82: 地牢 | I82: 地牢 | J82: BOSS | K82: 0 | L82: =COUNTIFS(I$11:I82,I82,J$11:J82,J82)-1 -> 0 | O82: 10 | P82: 300000 | Q82: 否 | R82: 40140003 | U82: 11010001 | V82: 11020001 | X82: 战士 | Y82: ani_monster_equ_01 | Z82: 1.5 | AA82: 80 | AB82: 80 | AC82: 20 | AD82: 30 | AE82: 近战 | AG82: ain_effect_jinengtexiao_58 | AI82: 1740 | AJ82: 生命值 | AK82: 11900 | AL82: 物防下限 | AM82: 14 | AN82: 物防上限 | AO82: 19 | AP82: 魔防下限 | AQ82: 13 | AR82: 魔防上限 | AS82: 18 | AT82: 攻击下限 | AU82: 45 | AV82: 攻击上限 | AW82: 60 | AX82: 魔法下限 | AY82: 45 | AZ82: 魔法上限 | BA82: 60 | BB82: 道术下限 | BC82: 1 | BD82: 道术上限 | BE82: 2 | BF82: 移动速度 | BG82: 100 | BH82: 攻击范围 | BI82: 10 | BJ82: 警戒范围 | BK82: 250 | BN82: 1 | BO82: 2500 | BP82: 2 | BQ82: 2500 | BR82: 怪物说明功能测试： 怪物身份颜色：|cffFF0000BOSS|r，|cff00FF00精英怪|r，普通怪 概率掉落以下物品： |cffFFA500美刀|r、|cffd9d919one刀乐|r、|cffA020F0two刀乐
A83: =60000000+INDEX(编号表!$B:$B,MATCH(I83,编号表!$A:$A,0))*10000+INDEX(编号表!$B:$B,MATCH(J83,编号表!$C:$C,0))*1000+K83 -> 60074001 | B83: b013 | C83: 黑色恶蛆 | D83: 黑色恶蛆10 | E83: 22 | F83: {=INDEX(编号表!$E:$E,MATCH(J83,编号表!$C:$C,0))} -> 橙色 | G83: 11 | H83: 地牢 | I83: 地牢 | J83: BOSS | K83: 1 | L83: =COUNTIFS(I$11:I83,I83,J$11:J83,J83)-1 -> 1 | O83: 10 | P83: 300000 | Q83: 否 | R83: 40140003 | U83: 11010001 | V83: 11020001 | X83: 战士 | Y83: ani_monster_equ_01 | Z83: 1.5 | AA83: 80 | AB83: 80 | AC83: 20 | AD83: 30 | AE83: 近战 | AG83: ain_effect_jinengtexiao_58 | AI83: 1740 | AJ83: 生命值 | AK83: 11900 | AL83: 物防下限 | AM83: 14 | AN83: 物防上限 | AO83: 19 | AP83: 魔防下限 | AQ83: 13 | AR83: 魔防上限 | AS83: 18 | AT83: 攻击下限 | AU83: 45 | AV83: 攻击上限 | AW83: 60 | AX83: 魔法下限 | AY83: 45 | AZ83: 魔法上限 | BA83: 60 | BB83: 道术下限 | BC83: 1 | BD83: 道术上限 | BE83: 2 | BF83: 移动速度 | BG83: 100 | BH83: 攻击范围 | BI83: 10 | BJ83: 警戒范围 | BK83: 250 | BN83: 1 | BO83: 2500 | BP83: 2 | BQ83: 2500 | BR83: 怪物说明功能测试： 怪物身份颜色：|cffFF0000BOSS|r，|cff00FF00精英怪|r，普通怪 概率掉落以下物品： |cffFFA500美刀|r、|cffd9d919one刀乐|r、|cffA020F0two刀乐
A84: =60000000+INDEX(编号表!$B:$B,MATCH(I84,编号表!$A:$A,0))*10000+INDEX(编号表!$B:$B,MATCH(J84,编号表!$C:$C,0))*1000+K84 -> 60081000 | B84: a055 | C84: 黑色恶蛆 | D84: 黑色恶蛆0 | E84: 22 | F84: {=INDEX(编号表!$E:$E,MATCH(J84,编号表!$C:$C,0))} -> 白色 | G84: 12 | H84: 黑暗地带 | I84: 黑暗地带 | J84: 普通 | K84: 0 | L84: =COUNTIFS(I$11:I84,I84,J$11:J84,J84)-1 -> 0 | O84: 10 | P84: 300000 | Q84: 否 | R84: 40140003 | U84: 11010001 | V84: 11020001 | X84: 战士 | Y84: ani_monster_equ_01 | Z84: 0.5 | AA84: 50 | AB84: 50 | AC84: 20 | AD84: 30 | AE84: 近战 | AI84: 89 | AJ84: 生命值 | AK84: 530 | AL84: 物防下限 | AM84: 8 | AN84: 物防上限 | AO84: 11 | AP84: 魔防下限 | AQ84: 7 | AR84: 魔防上限 | AS84: 10 | AT84: 攻击下限 | AU84: 17 | AV84: 攻击上限 | AW84: 23 | AX84: 魔法下限 | AY84: 17 | AZ84: 魔法上限 | BA84: 23 | BB84: 道术下限 | BC84: 1 | BD84: 道术上限 | BE84: 2 | BF84: 移动速度 | BG84: 100 | BH84: 攻击范围 | BI84: 10 | BJ84: 警戒范围 | BK84: 250 | BN84: 1 | BO84: 2500 | BP84: 2 | BQ84: 2500 | BR84: 怪物说明功能测试： 怪物身份颜色：|cffFF0000BOSS|r，|cff00FF00精英怪|r，普通怪 概率掉落以下物品： |cffFFA500美刀|r、|cffd9d919one刀乐|r、|cffA020F0two刀乐
A85: =60000000+INDEX(编号表!$B:$B,MATCH(I85,编号表!$A:$A,0))*10000+INDEX(编号表!$B:$B,MATCH(J85,编号表!$C:$C,0))*1000+K85 -> 60081001 | B85: a056 | C85: 跳跳蜂 | D85: 跳跳蜂0 | E85: 22 | F85: {=INDEX(编号表!$E:$E,MATCH(J85,编号表!$C:$C,0))} -> 白色 | G85: 12 | H85: 黑暗地带 | I85: 黑暗地带 | J85: 普通 | K85: 1 | L85: =COUNTIFS(I$11:I85,I85,J$11:J85,J85)-1 -> 1 | O85: 10 | P85: 300000 | Q85: 否 | R85: 40140003 | U85: 11010001 | V85: 11020001 | X85: 战士 | Y85: ani_monster_tiaofeng_01 | Z85: 0.5 | AA85: 50 | AB85: 50 | AC85: 20 | AD85: 30 | AE85: 近战 | AI85: 89 | AJ85: 生命值 | AK85: 420 | AL85: 物防下限 | AM85: 6 | AN85: 物防上限 | AO85: 9 | AP85: 魔防下限 | AQ85: 6 | AR85: 魔防上限 | AS85: 9 | AT85: 攻击下限 | AU85: 19 | AV85: 攻击上限 | AW85: 26 | AX85: 魔法下限 | AY85: 19 | AZ85: 魔法上限 | BA85: 26 | BB85: 道术下限 | BC85: 1 | BD85: 道术上限 | BE85: 2 | BF85: 移动速度 | BG85: 100 | BH85: 攻击范围 | BI85: 10 | BJ85: 警戒范围 | BK85: 250 | BN85: 1 | BO85: 2500 | BP85: 2 | BQ85: 2500 | BR85: 怪物说明功能测试： 怪物身份颜色：|cffFF0000BOSS|r，|cff00FF00精英怪|r，普通怪 概率掉落以下物品： |cffFFA500美刀|r、|cffd9d919one刀乐|r、|cffA020F0two刀乐
A86: =60000000+INDEX(编号表!$B:$B,MATCH(I86,编号表!$A:$A,0))*10000+INDEX(编号表!$B:$B,MATCH(J86,编号表!$C:$C,0))*1000+K86 -> 60081002 | B86: a057 | C86: 蜈蚣 | D86: 蜈蚣0 | E86: 22 | F86: {=INDEX(编号表!$E:$E,MATCH(J86,编号表!$C:$C,0))} -> 白色 | G86: 12 | H86: 黑暗地带 | I86: 黑暗地带 | J86: 普通 | K86: 2 | L86: =COUNTIFS(I$11:I86,I86,J$11:J86,J86)-1 -> 2 | O86: 10 | P86: 300000 | Q86: 否 | R86: 40140003 | U86: 11010001 | V86: 11020001 | X86: 战士 | Y86: ani_monster_wugong_01 | Z86: 0.5 | AA86: 50 | AB86: 50 | AC86: 20 | AD86: 30 | AE86: 近战 | AI86: 89 | AJ86: 生命值 | AK86: 550 | AL86: 物防下限 | AM86: 8 | AN86: 物防上限 | AO86: 12 | AP86: 魔防下限 | AQ86: 8 | AR86: 魔防上限 | AS86: 11 | AT86: 攻击下限 | AU86: 18 | AV86: 攻击上限 | AW86: 25 | AX86: 魔法下限 | AY86: 18 | AZ86: 魔法上限 | BA86: 25 | BB86: 道术下限 | BC86: 1 | BD86: 道术上限 | BE86: 2 | BF86: 移动速度 | BG86: 100 | BH86: 攻击范围 | BI86: 10 | BJ86: 警戒范围 | BK86: 250 | BN86: 1 | BO86: 2500 | BP86: 2 | BQ86: 2500 | BR86: 怪物说明功能测试： 怪物身份颜色：|cffFF0000BOSS|r，|cff00FF00精英怪|r，普通怪 概率掉落以下物品： |cffFFA500美刀|r、|cffd9d919one刀乐|r、|cffA020F0two刀乐
A87: =60000000+INDEX(编号表!$B:$B,MATCH(I87,编号表!$A:$A,0))*10000+INDEX(编号表!$B:$B,MATCH(J87,编号表!$C:$C,0))*1000+K87 -> 60081003 | B87: a058 | C87: 钳虫 | D87: 钳虫0 | E87: 22 | F87: {=INDEX(编号表!$E:$E,MATCH(J87,编号表!$C:$C,0))} -> 白色 | G87: 12 | H87: 黑暗地带 | I87: 黑暗地带 | J87: 普通 | K87: 3 | L87: =COUNTIFS(I$11:I87,I87,J$11:J87,J87)-1 -> 3 | O87: 10 | P87: 300000 | Q87: 否 | R87: 40140003 | U87: 11010001 | V87: 11020001 | X87: 战士 | Y87: ani_monster_qianchong_01 | Z87: 0.5 | AA87: 50 | AB87: 50 | AC87: 20 | AD87: 30 | AE87: 近战 | AI87: 89 | AJ87: 生命值 | AK87: 640 | AL87: 物防下限 | AM87: 10 | AN87: 物防上限 | AO87: 14 | AP87: 魔防下限 | AQ87: 9 | AR87: 魔防上限 | AS87: 13 | AT87: 攻击下限 | AU87: 19 | AV87: 攻击上限 | AW87: 26 | AX87: 魔法下限 | AY87: 19 | AZ87: 魔法上限 | BA87: 26 | BB87: 道术下限 | BC87: 1 | BD87: 道术上限 | BE87: 2 | BF87: 移动速度 | BG87: 100 | BH87: 攻击范围 | BI87: 10 | BJ87: 警戒范围 | BK87: 250 | BN87: 1 | BO87: 2500 | BP87: 2 | BQ87: 2500 | BR87: 怪物说明功能测试： 怪物身份颜色：|cffFF0000BOSS|r，|cff00FF00精英怪|r，普通怪 概率掉落以下物品： |cffFFA500美刀|r、|cffd9d919one刀乐|r、|cffA020F0two刀乐
A88: =60000000+INDEX(编号表!$B:$B,MATCH(I88,编号表!$A:$A,0))*10000+INDEX(编号表!$B:$B,MATCH(J88,编号表!$C:$C,0))*1000+K88 -> 60081004 | B88: a059 | C88: 巨型蠕虫 | D88: 巨型蠕虫 | E88: 22 | F88: {=INDEX(编号表!$E:$E,MATCH(J88,编号表!$C:$C,0))} -> 白色 | G88: 12 | H88: 黑暗地带 | I88: 黑暗地带 | J88: 普通 | K88: 4 | L88: =COUNTIFS(I$11:I88,I88,J$11:J88,J88)-1 -> 4 | O88: 10 | P88: 300000 | Q88: 否 | R88: 40140003 | U88: 11010001 | V88: 11020001 | X88: 战士 | Y88: ani_monster_juxingruchong_01 | Z88: 0.5 | AA88: 50 | AB88: 50 | AC88: 20 | AD88: 30 | AE88: 近战 | AI88: 89 | AJ88: 生命值 | AK88: 610 | AL88: 物防下限 | AM88: 9 | AN88: 物防上限 | AO88: 12 | AP88: 魔防下限 | AQ88: 8 | AR88: 魔防上限 | AS88: 12 | AT88: 攻击下限 | AU88: 18 | AV88: 攻击上限 | AW88: 25 | AX88: 魔法下限 | AY88: 18 | AZ88: 魔法上限 | BA88: 25 | BB88: 道术下限 | BC88: 1 | BD88: 道术上限 | BE88: 2 | BF88: 移动速度 | BG88: 100 | BH88: 攻击范围 | BI88: 10 | BJ88: 警戒范围 | BK88: 250 | BN88: 1 | BO88: 2500 | BP88: 2 | BQ88: 2500 | BR88: 怪物说明功能测试： 怪物身份颜色：|cffFF0000BOSS|r，|cff00FF00精英怪|r，普通怪 概率掉落以下物品： |cffFFA500美刀|r、|cffd9d919one刀乐|r、|cffA020F0two刀乐
A89: =60000000+INDEX(编号表!$B:$B,MATCH(I89,编号表!$A:$A,0))*10000+INDEX(编号表!$B:$B,MATCH(J89,编号表!$C:$C,0))*1000+K89 -> 60082000 | B89: a060 | C89: 巨型蠕虫 | D89: 巨型蠕虫10 | E89: 23 | F89: {=INDEX(编号表!$E:$E,MATCH(J89,编号表!$C:$C,0))} -> 绿色 | G89: 12 | H89: 黑暗地带 | I89: 黑暗地带 | J89: 精英 | K89: 0 | L89: =COUNTIFS(I$11:I89,I89,J$11:J89,J89)-1 -> 0 | O89: 10 | P89: 300000 | Q89: 否 | R89: 40140003 | U89: 11010001 | V89: 11020001 | X89: 战士 | Y89: ani_monster_juxingruchong_01 | Z89: 0.5 | AA89: 50 | AB89: 50 | AC89: 20 | AD89: 30 | AE89: 近战 | AG89: ain_effect_jinengtexiao_52 | AI89: 380 | AJ89: 生命值 | AK89: 3150 | AL89: 物防下限 | AM89: 13 | AN89: 物防上限 | AO89: 18 | AP89: 魔防下限 | AQ89: 12 | AR89: 魔防上限 | AS89: 18 | AT89: 攻击下限 | AU89: 34 | AV89: 攻击上限 | AW89: 46 | AX89: 魔法下限 | AY89: 34 | AZ89: 魔法上限 | BA89: 46 | BB89: 道术下限 | BC89: 1 | BD89: 道术上限 | BE89: 2 | BF89: 移动速度 | BG89: 100 | BH89: 攻击范围 | BI89: 10 | BJ89: 警戒范围 | BK89: 250 | BN89: 1 | BO89: 2500 | BP89: 2 | BQ89: 2500 | BR89: 怪物说明功能测试： 怪物身份颜色：|cffFF0000BOSS|r，|cff00FF00精英怪|r，普通怪 概率掉落以下物品： |cffFFA500美刀|r、|cffd9d919one刀乐|r、|cffA020F0two刀乐
A90: =60000000+INDEX(编号表!$B:$B,MATCH(I90,编号表!$A:$A,0))*10000+INDEX(编号表!$B:$B,MATCH(J90,编号表!$C:$C,0))*1000+K90 -> 60084000 | B90: b014 | C90: 巨型蠕虫 | D90: 巨型蠕虫10 | E90: 23 | F90: {=INDEX(编号表!$E:$E,MATCH(J90,编号表!$C:$C,0))} -> 橙色 | G90: 12 | H90: 黑暗地带 | I90: 黑暗地带 | J90: BOSS | K90: 0 | L90: =COUNTIFS(I$11:I90,I90,J$11:J90,J90)-1 -> 0 | O90: 10 | P90: 300000 | Q90: 否 | R90: 40140003 | U90: 11010001 | V90: 11020001 | X90: 战士 | Y90: ani_monster_juxingruchong_01 | Z90: 1.5 | AA90: 80 | AB90: 80 | AC90: 20 | AD90: 30 | AE90: 近战 | AG90: ain_effect_jinengtexiao_58 | AI90: 1900 | AJ90: 生命值 | AK90: 16000 | AL90: 物防下限 | AM90: 17 | AN90: 物防上限 | AO90: 25 | AP90: 魔防下限 | AQ90: 16 | AR90: 魔防上限 | AS90: 23 | AT90: 攻击下限 | AU90: 50 | AV90: 攻击上限 | AW90: 70 | AX90: 魔法下限 | AY90: 50 | AZ90: 魔法上限 | BA90: 70 | BB90: 道术下限 | BC90: 1 | BD90: 道术上限 | BE90: 2 | BF90: 移动速度 | BG90: 100 | BH90: 攻击范围 | BI90: 10 | BJ90: 警戒范围 | BK90: 250 | BN90: 1 | BO90: 2500 | BP90: 2 | BQ90: 2500 | BR90: 怪物说明功能测试： 怪物身份颜色：|cffFF0000BOSS|r，|cff00FF00精英怪|r，普通怪 概率掉落以下物品： |cffFFA500美刀|r、|cffd9d919one刀乐|r、|cffA020F0two刀乐
A91: =60000000+INDEX(编号表!$B:$B,MATCH(I91,编号表!$A:$A,0))*10000+INDEX(编号表!$B:$B,MATCH(J91,编号表!$C:$C,0))*1000+K91 -> 60084001 | B91: b015 | C91: 巨型蠕虫 | D91: 巨型蠕虫10 | E91: 23 | F91: {=INDEX(编号表!$E:$E,MATCH(J91,编号表!$C:$C,0))} -> 橙色 | G91: 12 | H91: 黑暗地带 | I91: 黑暗地带 | J91: BOSS | K91: 1 | L91: =COUNTIFS(I$11:I91,I91,J$11:J91,J91)-1 -> 1 | O91: 10 | P91: 300000 | Q91: 否 | R91: 40140003 | U91: 11010001 | V91: 11020001 | X91: 战士 | Y91: ani_monster_juxingruchong_01 | Z91: 1.5 | AA91: 80 | AB91: 80 | AC91: 20 | AD91: 30 | AE91: 近战 | AG91: ain_effect_jinengtexiao_58 | AI91: 1900 | AJ91: 生命值 | AK91: 16000 | AL91: 物防下限 | AM91: 17 | AN91: 物防上限 | AO91: 25 | AP91: 魔防下限 | AQ91: 16 | AR91: 魔防上限 | AS91: 23 | AT91: 攻击下限 | AU91: 50 | AV91: 攻击上限 | AW91: 70 | AX91: 魔法下限 | AY91: 50 | AZ91: 魔法上限 | BA91: 70 | BB91: 道术下限 | BC91: 1 | BD91: 道术上限 | BE91: 2 | BF91: 移动速度 | BG91: 100 | BH91: 攻击范围 | BI91: 10 | BJ91: 警戒范围 | BK91: 250 | BN91: 1 | BO91: 2500 | BP91: 2 | BQ91: 2500 | BR91: 怪物说明功能测试： 怪物身份颜色：|cffFF0000BOSS|r，|cff00FF00精英怪|r，普通怪 概率掉落以下物品： |cffFFA500美刀|r、|cffd9d919one刀乐|r、|cffA020F0two刀乐
A92: =60000000+INDEX(编号表!$B:$B,MATCH(I92,编号表!$A:$A,0))*10000+INDEX(编号表!$B:$B,MATCH(J92,编号表!$C:$C,0))*1000+K92 -> 60091000 | B92: a061 | C92: 黑色恶蛆 | D92: 黑色恶蛆1 | E92: 23 | F92: {=INDEX(编号表!$E:$E,MATCH(J92,编号表!$C:$C,0))} -> 白色 | G92: 13 | H92: 死亡棺材 | I92: 死亡棺材 | J92: 普通 | K92: 0 | L92: =COUNTIFS(I$11:I92,I92,J$11:J92,J92)-1 -> 0 | O92: 10 | P92: 300000 | Q92: 否 | R92: 40140003 | U92: 11010001 | V92: 11020001 | X92: 战士 | Y92: ani_monster_equ_01 | Z92: 0.5 | AA92: 50 | AB92: 50 | AC92: 20 | AD92: 30 | AE92: 近战 | AI92: 97 | AJ92: 生命值 | AK92: 590 | AL92: 物防下限 | AM92: 8 | AN92: 物防上限 | AO92: 12 | AP92: 魔防下限 | AQ92: 8 | AR92: 魔防上限 | AS92: 11 | AT92: 攻击下限 | AU92: 19 | AV92: 攻击上限 | AW92: 25 | AX92: 魔法下限 | AY92: 19 | AZ92: 魔法上限 | BA92: 25 | BB92: 道术下限 | BC92: 1 | BD92: 道术上限 | BE92: 2 | BF92: 移动速度 | BG92: 100 | BH92: 攻击范围 | BI92: 10 | BJ92: 警戒范围 | BK92: 250 | BN92: 1 | BO92: 2500 | BP92: 2 | BQ92: 2500 | BR92: 怪物说明功能测试： 怪物身份颜色：|cffFF0000BOSS|r，|cff00FF00精英怪|r，普通怪 概率掉落以下物品： |cffFFA500美刀|r、|cffd9d919one刀乐|r、|cffA020F0two刀乐
A93: =60000000+INDEX(编号表!$B:$B,MATCH(I93,编号表!$A:$A,0))*10000+INDEX(编号表!$B:$B,MATCH(J93,编号表!$C:$C,0))*1000+K93 -> 60091001 | B93: a062 | C93: 跳跳蜂 | D93: 跳跳蜂1 | E93: 23 | F93: {=INDEX(编号表!$E:$E,MATCH(J93,编号表!$C:$C,0))} -> 白色 | G93: 13 | H93: 死亡棺材 | I93: 死亡棺材 | J93: 普通 | K93: 1 | L93: =COUNTIFS(I$11:I93,I93,J$11:J93,J93)-1 -> 1 | O93: 10 | P93: 300000 | Q93: 否 | R93: 40140003 | U93: 11010001 | V93: 11020001 | X93: 战士 | Y93: ani_monster_tiaofeng_01 | Z93: 0.5 | AA93: 50 | AB93: 50 | AC93: 20 | AD93: 30 | AE93: 近战 | AI93: 97 | AJ93: 生命值 | AK93: 470 | AL93: 物防下限 | AM93: 7 | AN93: 物防上限 | AO93: 10 | AP93: 魔防下限 | AQ93: 6 | AR93: 魔防上限 | AS93: 9 | AT93: 攻击下限 | AU93: 21 | AV93: 攻击上限 | AW93: 28 | AX93: 魔法下限 | AY93: 21 | AZ93: 魔法上限 | BA93: 28 | BB93: 道术下限 | BC93: 1 | BD93: 道术上限 | BE93: 2 | BF93: 移动速度 | BG93: 100 | BH93: 攻击范围 | BI93: 10 | BJ93: 警戒范围 | BK93: 250 | BN93: 1 | BO93: 2500 | BP93: 2 | BQ93: 2500 | BR93: 怪物说明功能测试： 怪物身份颜色：|cffFF0000BOSS|r，|cff00FF00精英怪|r，普通怪 概率掉落以下物品： |cffFFA500美刀|r、|cffd9d919one刀乐|r、|cffA020F0two刀乐
A94: =60000000+INDEX(编号表!$B:$B,MATCH(I94,编号表!$A:$A,0))*10000+INDEX(编号表!$B:$B,MATCH(J94,编号表!$C:$C,0))*1000+K94 -> 60091002 | B94: a063 | C94: 蜈蚣 | D94: 蜈蚣1 | E94: 23 | F94: {=INDEX(编号表!$E:$E,MATCH(J94,编号表!$C:$C,0))} -> 白色 | G94: 13 | H94: 死亡棺材 | I94: 死亡棺材 | J94: 普通 | K94: 2 | L94: =COUNTIFS(I$11:I94,I94,J$11:J94,J94)-1 -> 2 | O94: 10 | P94: 300000 | Q94: 否 | R94: 40140003 | U94: 11010001 | V94: 11020001 | X94: 战士 | Y94: ani_monster_wugong_01 | Z94: 0.5 | AA94: 50 | AB94: 50 | AC94: 20 | AD94: 30 | AE94: 近战 | AI94: 97 | AJ94: 生命值 | AK94: 630 | AL94: 物防下限 | AM94: 9 | AN94: 物防上限 | AO94: 13 | AP94: 魔防下限 | AQ94: 9 | AR94: 魔防上限 | AS94: 12 | AT94: 攻击下限 | AU94: 20 | AV94: 攻击上限 | AW94: 27 | AX94: 魔法下限 | AY94: 20 | AZ94: 魔法上限 | BA94: 27 | BB94: 道术下限 | BC94: 1 | BD94: 道术上限 | BE94: 2 | BF94: 移动速度 | BG94: 100 | BH94: 攻击范围 | BI94: 10 | BJ94: 警戒范围 | BK94: 250 | BN94: 1 | BO94: 2500 | BP94: 2 | BQ94: 2500 | BR94: 怪物说明功能测试： 怪物身份颜色：|cffFF0000BOSS|r，|cff00FF00精英怪|r，普通怪 概率掉落以下物品： |cffFFA500美刀|r、|cffd9d919one刀乐|r、|cffA020F0two刀乐
A95: =60000000+INDEX(编号表!$B:$B,MATCH(I95,编号表!$A:$A,0))*10000+INDEX(编号表!$B:$B,MATCH(J95,编号表!$C:$C,0))*1000+K95 -> 60091003 | B95: a064 | C95: 钳虫 | D95: 钳虫1 | E95: 23 | F95: {=INDEX(编号表!$E:$E,MATCH(J95,编号表!$C:$C,0))} -> 白色 | G95: 13 | H95: 死亡棺材 | I95: 死亡棺材 | J95: 普通 | K95: 3 | L95: =COUNTIFS(I$11:I95,I95,J$11:J95,J95)-1 -> 3 | O95: 10 | P95: 300000 | Q95: 否 | R95: 40140003 | U95: 11010001 | V95: 11020001 | X95: 战士 | Y95: ani_monster_qianchong_01 | Z95: 0.5 | AA95: 50 | AB95: 50 | AC95: 20 | AD95: 30 | AE95: 近战 | AI95: 97 | AJ95: 生命值 | AK95: 720 | AL95: 物防下限 | AM95: 11 | AN95: 物防上限 | AO95: 15 | AP95: 魔防下限 | AQ95: 10 | AR95: 魔防上限 | AS95: 14 | AT95: 攻击下限 | AU95: 21 | AV95: 攻击上限 | AW95: 28 | AX95: 魔法下限 | AY95: 21 | AZ95: 魔法上限 | BA95: 28 | BB95: 道术下限 | BC95: 1 | BD95: 道术上限 | BE95: 2 | BF95: 移动速度 | BG95: 100 | BH95: 攻击范围 | BI95: 10 | BJ95: 警戒范围 | BK95: 250 | BN95: 1 | BO95: 2500 | BP95: 2 | BQ95: 2500 | BR95: 怪物说明功能测试： 怪物身份颜色：|cffFF0000BOSS|r，|cff00FF00精英怪|r，普通怪 概率掉落以下物品： |cffFFA500美刀|r、|cffd9d919one刀乐|r、|cffA020F0two刀乐
A96: =60000000+INDEX(编号表!$B:$B,MATCH(I96,编号表!$A:$A,0))*10000+INDEX(编号表!$B:$B,MATCH(J96,编号表!$C:$C,0))*1000+K96 -> 60091004 | B96: a065 | C96: 巨型蠕虫 | D96: 巨型蠕虫0 | E96: 23 | F96: {=INDEX(编号表!$E:$E,MATCH(J96,编号表!$C:$C,0))} -> 白色 | G96: 13 | H96: 死亡棺材 | I96: 死亡棺材 | J96: 普通 | K96: 4 | L96: =COUNTIFS(I$11:I96,I96,J$11:J96,J96)-1 -> 4 | O96: 10 | P96: 300000 | Q96: 否 | R96: 40140003 | U96: 11010001 | V96: 11020001 | X96: 战士 | Y96: ani_monster_juxingruchong_01 | Z96: 0.5 | AA96: 50 | AB96: 50 | AC96: 20 | AD96: 30 | AE96: 近战 | AI96: 97 | AJ96: 生命值 | AK96: 680 | AL96: 物防下限 | AM96: 10 | AN96: 物防上限 | AO96: 14 | AP96: 魔防下限 | AQ96: 9 | AR96: 魔防上限 | AS96: 13 | AT96: 攻击下限 | AU96: 20 | AV96: 攻击上限 | AW96: 27 | AX96: 魔法下限 | AY96: 20 | AZ96: 魔法上限 | BA96: 27 | BB96: 道术下限 | BC96: 1 | BD96: 道术上限 | BE96: 2 | BF96: 移动速度 | BG96: 100 | BH96: 攻击范围 | BI96: 10 | BJ96: 警戒范围 | BK96: 250 | BN96: 1 | BO96: 2500 | BP96: 2 | BQ96: 2500 | BR96: 怪物说明功能测试： 怪物身份颜色：|cffFF0000BOSS|r，|cff00FF00精英怪|r，普通怪 概率掉落以下物品： |cffFFA500美刀|r、|cffd9d919one刀乐|r、|cffA020F0two刀乐
A97: =60000000+INDEX(编号表!$B:$B,MATCH(I97,编号表!$A:$A,0))*10000+INDEX(编号表!$B:$B,MATCH(J97,编号表!$C:$C,0))*1000+K97 -> 60092000 | B97: a066 | C97: 钳虫 | D97: 钳虫10 | E97: 24 | F97: {=INDEX(编号表!$E:$E,MATCH(J97,编号表!$C:$C,0))} -> 绿色 | G97: 13 | H97: 死亡棺材 | I97: 死亡棺材 | J97: 精英 | K97: 0 | L97: =COUNTIFS(I$11:I97,I97,J$11:J97,J97)-1 -> 0 | O97: 10 | P97: 300000 | Q97: 否 | R97: 40140003 | U97: 11010001 | V97: 11020001 | X97: 战士 | Y97: ani_monster_qianchong_01 | Z97: 0.5 | AA97: 50 | AB97: 50 | AC97: 20 | AD97: 30 | AE97: 近战 | AG97: ain_effect_jinengtexiao_52 | AI97: 410 | AJ97: 生命值 | AK97: 3800 | AL97: 物防下限 | AM97: 16 | AN97: 物防上限 | AO97: 22 | AP97: 魔防下限 | AQ97: 15 | AR97: 魔防上限 | AS97: 21 | AT97: 攻击下限 | AU97: 39 | AV97: 攻击上限 | AW97: 55 | AX97: 魔法下限 | AY97: 39 | AZ97: 魔法上限 | BA97: 55 | BB97: 道术下限 | BC97: 1 | BD97: 道术上限 | BE97: 2 | BF97: 移动速度 | BG97: 100 | BH97: 攻击范围 | BI97: 10 | BJ97: 警戒范围 | BK97: 250 | BN97: 1 | BO97: 2500 | BP97: 2 | BQ97: 2500 | BR97: 怪物说明功能测试： 怪物身份颜色：|cffFF0000BOSS|r，|cff00FF00精英怪|r，普通怪 概率掉落以下物品： |cffFFA500美刀|r、|cffd9d919one刀乐|r、|cffA020F0two刀乐
A98: =60000000+INDEX(编号表!$B:$B,MATCH(I98,编号表!$A:$A,0))*10000+INDEX(编号表!$B:$B,MATCH(J98,编号表!$C:$C,0))*1000+K98 -> 60092001 | B98: a067 | C98: 巨型蠕虫 | D98: 巨型蠕虫20 | E98: 24 | F98: {=INDEX(编号表!$E:$E,MATCH(J98,编号表!$C:$C,0))} -> 绿色 | G98: 13 | H98: 死亡棺材 | I98: 死亡棺材 | J98: 精英 | K98: 1 | L98: =COUNTIFS(I$11:I98,I98,J$11:J98,J98)-1 -> 1 | O98: 10 | P98: 300000 | Q98: 否 | R98: 40140003 | U98: 11010001 | V98: 11020001 | X98: 战士 | Y98: ani_monster_juxingruchong_01 | Z98: 0.5 | AA98: 50 | AB98: 50 | AC98: 20 | AD98: 30 | AE98: 近战 | AG98: ain_effect_jinengtexiao_52 | AI98: 410 | AJ98: 生命值 | AK98: 3600 | AL98: 物防下限 | AM98: 14 | AN98: 物防上限 | AO98: 20 | AP98: 魔防下限 | AQ98: 13 | AR98: 魔防上限 | AS98: 19 | AT98: 攻击下限 | AU98: 37 | AV98: 攻击上限 | AW98: 50 | AX98: 魔法下限 | AY98: 37 | AZ98: 魔法上限 | BA98: 50 | BB98: 道术下限 | BC98: 1 | BD98: 道术上限 | BE98: 2 | BF98: 移动速度 | BG98: 100 | BH98: 攻击范围 | BI98: 10 | BJ98: 警戒范围 | BK98: 250 | BN98: 1 | BO98: 2500 | BP98: 2 | BQ98: 2500 | BR98: 怪物说明功能测试： 怪物身份颜色：|cffFF0000BOSS|r，|cff00FF00精英怪|r，普通怪 概率掉落以下物品： |cffFFA500美刀|r、|cffd9d919one刀乐|r、|cffA020F0two刀乐
A99: =60000000+INDEX(编号表!$B:$B,MATCH(I99,编号表!$A:$A,0))*10000+INDEX(编号表!$B:$B,MATCH(J99,编号表!$C:$C,0))*1000+K99 -> 60094000 | B99: a068 | C99: 触龙神 | D99: 触龙神 | E99: 25 | F99: {=INDEX(编号表!$E:$E,MATCH(J99,编号表!$C:$C,0))} -> 橙色 | G99: 13 | H99: 死亡棺材 | I99: 死亡棺材 | J99: BOSS | K99: 0 | L99: =COUNTIFS(I$11:I99,I99,J$11:J99,J99)-1 -> 0 | O99: 10 | P99: 300000 | Q99: 否 | R99: 40140003 | U99: 11010001 | V99: 11020001 | X99: 战士 | Y99: ani_monster_chulongshen_01 | Z99: 1.5 | AA99: 50 | AB99: 50 | AC99: 20 | AD99: 30 | AE99: 近战 | AG99: ain_effect_jinengtexiao_58 | AI99: 2200 | AJ99: 生命值 | AK99: 28000 | AL99: 物防下限 | AM99: 23 | AN99: 物防上限 | AO99: 32 | AP99: 魔防下限 | AQ99: 21 | AR99: 魔防上限 | AS99: 31 | AT99: 攻击下限 | AU99: 75 | AV99: 攻击上限 | AW99: 105 | AX99: 魔法下限 | AY99: 75 | AZ99: 魔法上限 | BA99: 105 | BB99: 道术下限 | BC99: 1 | BD99: 道术上限 | BE99: 2 | BF99: 移动速度 | BG99: 100 | BH99: 攻击范围 | BI99: 10 | BJ99: 警戒范围 | BK99: 250 | BN99: 1 | BO99: 2500 | BP99: 2 | BQ99: 2500 | BR99: 怪物说明功能测试： 怪物身份颜色：|cffFF0000BOSS|r，|cff00FF00精英怪|r，普通怪 概率掉落以下物品： |cffFFA500美刀|r、|cffd9d919one刀乐|r、|cffA020F0two刀乐
A100: =60000000+INDEX(编号表!$B:$B,MATCH(I100,编号表!$A:$A,0))*10000+INDEX(编号表!$B:$B,MATCH(J100,编号表!$C:$C,0))*1000+K100 -> 60101000 | B100: a069 | C100: 白野猪 | D100: 白野猪0 | E100: 25 | F100: {=INDEX(编号表!$E:$E,MATCH(J100,编号表!$C:$C,0))} -> 白色 | G100: 14 | H100: 未知暗殿 | I100: 未知暗殿 | J100: 普通 | K100: 0 | L100: =COUNTIFS(I$11:I100,I100,J$11:J100,J100)-1 -> 0 | O100: 10 | P100: 300000 | Q100: 否 | R100: 40140003 | U100: 11010001 | V100: 11020001 | X100: 战士 | Y100: ani_monster_baiyezhu_01 | AA100: 80 | AB100: 80 | AC100: 20 | AD100: 30 | AE100: 近战 | AI100: 110 | AJ100: 生命值 | AK100: 850 | AL100: 物防下限 | AM100: 12 | AN100: 物防上限 | AO100: 17 | AP100: 魔防下限 | AQ100: 11 | AR100: 魔防上限 | AS100: 16 | AT100: 攻击下限 | AU100: 24 | AV100: 攻击上限 | AW100: 32 | AX100: 魔法下限 | AY100: 24 | AZ100: 魔法上限 | BA100: 32 | BB100: 道术下限 | BC100: 1 | BD100: 道术上限 | BE100: 2 | BF100: 移动速度 | BG100: 100 | BH100: 攻击范围 | BI100: 10 | BJ100: 警戒范围 | BK100: 250 | BN100: 1 | BO100: 2500 | BP100: 2 | BQ100: 2500 | BR100: 怪物说明功能测试： 怪物身份颜色：|cffFF0000BOSS|r，|cff00FF00精英怪|r，普通怪 概率掉落以下物品： |cffFFA500美刀|r、|cffd9d919one刀乐|r、|cffA020F0two刀乐
A101: =60000000+INDEX(编号表!$B:$B,MATCH(I101,编号表!$A:$A,0))*10000+INDEX(编号表!$B:$B,MATCH(J101,编号表!$C:$C,0))*1000+K101 -> 60101001 | B101: a070 | C101: 邪恶钳虫 | D101: 邪恶钳虫 | E101: 25 | F101: {=INDEX(编号表!$E:$E,MATCH(J101,编号表!$C:$C,0))} -> 白色 | G101: 14 | H101: 未知暗殿 | I101: 未知暗殿 | J101: 普通 | K101: 1 | L101: =COUNTIFS(I$11:I101,I101,J$11:J101,J101)-1 -> 1 | O101: 10 | P101: 300000 | Q101: 否 | R101: 40140003 | U101: 11010001 | V101: 11020001 | X101: 战士 | Y101: ani_monster_xieeqianchong_01 | Z101: 0.5 | AA101: 50 | AB101: 50 | AC101: 20 | AD101: 30 | AE101: 近战 | AI101: 110 | AJ101: 生命值 | AK101: 850 | AL101: 物防下限 | AM101: 12 | AN101: 物防上限 | AO101: 17 | AP101: 魔防下限 | AQ101: 11 | AR101: 魔防上限 | AS101: 16 | AT101: 攻击下限 | AU101: 24 | AV101: 攻击上限 | AW101: 32 | AX101: 魔法下限 | AY101: 24 | AZ101: 魔法上限 | BA101: 32 | BB101: 道术下限 | BC101: 1 | BD101: 道术上限 | BE101: 2 | BF101: 移动速度 | BG101: 100 | BH101: 攻击范围 | BI101: 10 | BJ101: 警戒范围 | BK101: 250 | BN101: 1 | BO101: 2500 | BP101: 2 | BQ101: 2500 | BR101: 怪物说明功能测试： 怪物身份颜色：|cffFF0000BOSS|r，|cff00FF00精英怪|r，普通怪 概率掉落以下物品： |cffFFA500美刀|r、|cffd9d919one刀乐|r、|cffA020F0two刀乐
A102: =60000000+INDEX(编号表!$B:$B,MATCH(I102,编号表!$A:$A,0))*10000+INDEX(编号表!$B:$B,MATCH(J102,编号表!$C:$C,0))*1000+K102 -> 60101002 | B102: a071 | C102: 沃玛卫士 | D102: 沃玛卫士0 | E102: 25 | F102: {=INDEX(编号表!$E:$E,MATCH(J102,编号表!$C:$C,0))} -> 白色 | G102: 14 | H102: 未知暗殿 | I102: 未知暗殿 | J102: 普通 | K102: 2 | L102: =COUNTIFS(I$11:I102,I102,J$11:J102,J102)-1 -> 2 | O102: 10 | P102: 300000 | Q102: 否 | R102: 40140003 | U102: 11010001 | V102: 11020001 | X102: 战士 | Y102: ani_monster_womaweishi_01 | AA102: 80 | AB102: 80 | AC102: 20 | AD102: 30 | AE102: 近战 | AI102: 110 | AJ102: 生命值 | AK102: 850 | AL102: 物防下限 | AM102: 12 | AN102: 物防上限 | AO102: 17 | AP102: 魔防下限 | AQ102: 11 | AR102: 魔防上限 | AS102: 16 | AT102: 攻击下限 | AU102: 24 | AV102: 攻击上限 | AW102: 32 | AX102: 魔法下限 | AY102: 24 | AZ102: 魔法上限 | BA102: 32 | BB102: 道术下限 | BC102: 1 | BD102: 道术上限 | BE102: 2 | BF102: 移动速度 | BG102: 100 | BH102: 攻击范围 | BI102: 10 | BJ102: 警戒范围 | BK102: 250 | BN102: 1 | BO102: 2500 | BP102: 2 | BQ102: 2500 | BR102: 怪物说明功能测试： 怪物身份颜色：|cffFF0000BOSS|r，|cff00FF00精英怪|r，普通怪 概率掉落以下物品： |cffFFA500美刀|r、|cffd9d919one刀乐|r、|cffA020F0two刀乐
A103: =60000000+INDEX(编号表!$B:$B,MATCH(I103,编号表!$A:$A,0))*10000+INDEX(编号表!$B:$B,MATCH(J103,编号表!$C:$C,0))*1000+K103 -> 60101003 | B103: a072 | C103: 邪恶毒蛇 | D103: 邪恶毒蛇 | E103: 25 | F103: {=INDEX(编号表!$E:$E,MATCH(J103,编号表!$C:$C,0))} -> 白色 | G103: 14 | H103: 未知暗殿 | I103: 未知暗殿 | J103: 普通 | K103: 3 | L103: =COUNTIFS(I$11:I103,I103,J$11:J103,J103)-1 -> 3 | O103: 10 | P103: 300000 | Q103: 否 | R103: 40140003 | U103: 11010001 | V103: 11020001 | X103: 战士 | Y103: ani_monster_xieedushe_01 | Z103: 0.5 | AA103: 50 | AB103: 50 | AC103: 20 | AD103: 30 | AE103: 近战 | AI103: 110 | AJ103: 生命值 | AK103: 740 | AL103: 物防下限 | AM103: 10 | AN103: 物防上限 | AO103: 15 | AP103: 魔防下限 | AQ103: 10 | AR103: 魔防上限 | AS103: 14 | AT103: 攻击下限 | AU103: 24 | AV103: 攻击上限 | AW103: 33 | AX103: 魔法下限 | AY103: 24 | AZ103: 魔法上限 | BA103: 33 | BB103: 道术下限 | BC103: 1 | BD103: 道术上限 | BE103: 2 | BF103: 移动速度 | BG103: 100 | BH103: 攻击范围 | BI103: 10 | BJ103: 警戒范围 | BK103: 250 | BN103: 1 | BO103: 2500 | BP103: 2 | BQ103: 2500 | BR103: 怪物说明功能测试： 怪物身份颜色：|cffFF0000BOSS|r，|cff00FF00精英怪|r，普通怪 概率掉落以下物品： |cffFFA500美刀|r、|cffd9d919one刀乐|r、|cffA020F0two刀乐
A104: =60000000+INDEX(编号表!$B:$B,MATCH(I104,编号表!$A:$A,0))*10000+INDEX(编号表!$B:$B,MATCH(J104,编号表!$C:$C,0))*1000+K104 -> 60101004 | B104: a073 | C104: 沃玛教主 | D104: 沃玛教主0 | E104: 25 | F104: {=INDEX(编号表!$E:$E,MATCH(J104,编号表!$C:$C,0))} -> 白色 | G104: 14 | H104: 未知暗殿 | I104: 未知暗殿 | J104: 普通 | K104: 4 | L104: =COUNTIFS(I$11:I104,I104,J$11:J104,J104)-1 -> 4 | O104: 10 | P104: 300000 | Q104: 否 | R104: 40140003 | U104: 11010001 | V104: 11020001 | X104: 战士 | Y104: ani_monster_womajiaozhu_01 | AA104: 80 | AB104: 80 | AC104: 20 | AD104: 30 | AE104: 近战 | AI104: 110 | AJ104: 生命值 | AK104: 920 | AL104: 物防下限 | AM104: 11 | AN104: 物防上限 | AO104: 16 | AP104: 魔防下限 | AQ104: 11 | AR104: 魔防上限 | AS104: 15 | AT104: 攻击下限 | AU104: 26 | AV104: 攻击上限 | AW104: 35 | AX104: 魔法下限 | AY104: 26 | AZ104: 魔法上限 | BA104: 35 | BB104: 道术下限 | BC104: 1 | BD104: 道术上限 | BE104: 2 | BF104: 移动速度 | BG104: 100 | BH104: 攻击范围 | BI104: 10 | BJ104: 警戒范围 | BK104: 250 | BN104: 1 | BO104: 2500 | BP104: 2 | BQ104: 2500 | BR104: 怪物说明功能测试： 怪物身份颜色：|cffFF0000BOSS|r，|cff00FF00精英怪|r，普通怪 概率掉落以下物品： |cffFFA500美刀|r、|cffd9d919one刀乐|r、|cffA020F0two刀乐
...

Sheet 编号表
A1: 场景归属 | B1: 内部编号 | C1: 怪物身份 | D1: 内部编号 | E1: 颜色 | J1: 新手
A2: 比奇城 | B2: 1 | C2: 普通 | D2: 1 | E2: 白色 | J2: 沃玛级
A3: 兽人古墓一层 | B3: 2 | C3: 精英 | D3: 2 | E3: 绿色 | G3: 装备是5开头8位数 | J3: 祖玛级
A4: 兽人古墓二层 | B4: 3 | C4: 大精英 | D4: 3 | E4: 紫色 | G4: 第1位 | H4: 6开头代表怪物 | J4: 苍月级
A5: 国王陵墓 | B5: 4 | C5: BOSS | D5: 4 | E5: 橙色 | G5: 第2位 | H5: 用场景来代表级别。相当于装备的阶级，沃玛级，祖玛级，苍月级，赤月级等，2位应该够，暂时用3位保险。这个级别和场景区域配置严格匹配，相等。 | J5: 赤月级
A6: 废矿区东部 | B6: 5 | C6: 大BOSS | D6: 5 | E6: 红色 | G6: 第3位 | J6: 雷霆级
A7: 尸王殿 | B7: 6 | C7: 任务 | D7: 6 | E7: 橙色 | G7: 第4位 | J7: 战神级
A8: 地牢 | B8: 7 | C8: 活动 | D8: 7 | E8: 橙色 | G8: 第5位 | H8: 怪物身份，区分普通/精英怪/BOSS | J8: 星王级
A9: 黑暗地带 | B9: 8 | D9: 8 | G9: 第6位 | H9: 具体数字，填在正表E列，3位数总共1000个，代表本类别的具体序号。每个场景的每一类怪物分别计。比如比奇城的普通怪，从0开始计算1，2，3……比奇城的精英怪的序号，BOSS的序号也都是从0开始重新计算 | J9: 天龙级
A10: 死亡棺材 | B10: 9 | D10: 9 | G10: 第7位 | J10: 王者级
A11: 未知暗殿 | B11: 10 | D11: 10 | G11: 第8位 | J11: 皓天级
A12: 沃玛寺庙一层 | B12: 11 | D12: 11 | J12: 传奇级
A13: 沃玛寺庙二层 | B13: 12
A14: 沃玛教主大殿 | B14: 13
A15: 石墓一层 | B15: 14
A16: 石墓阵入口 | B16: 15
A17: 石墓阵出口 | B17: 16 | F17: 怪物的区分 | G17: 区域，代表等级范围或者说级别，决定掉落，经验，数值
A18: 石墓顶层 | B18: 17 | G18: 身份，决定掉落，经验，数值
A19: 桃源之门 | B19: 18
A20: 困惑殿堂 | B20: 19 | F20: ID使用公式的主要原因
A21: 祖玛寺庙一层 | B21: 20 | F21: 在配置内容频繁的变化，新增，尤其是插入新内容的改动时，确保对应ID的内在逻辑顺畅，方便在调用该ID的地方方便配置，减少出错也方便查错。同时保证在频繁变动的情况下，更好的保证ID的唯一性。
A22: 祖玛寺庙二层 | B22: 21 | F22: 比如，技能分战士，法师，道士，坐骑，翅膀等等N个大类，在后续新增了某翅膀和对应的技能，并在道具表，活动配置，装备表，掉落表等多地都要用到该ID时，使用公式算出来的ID填写，查错都会便捷非常多。
A23: 祖玛阁 | B23: 22 | F23: 按照变动频率来预估，变动最频繁的是掉落方案和技能表，状态表和物品表其次，装备表和怪物表的变动频率最低。
A24: 祖玛教主之家 | B24: 23
A25: 封魔矿区 | B25: 24 | F25: BOSS物编使用B开头，BNNN
A26: 光芒回廊 | B26: 25
A27: 封魔殿 | B27: 26
A28: 尸魔洞一层 | B28: 27
A29: 尸魔洞二层 | B29: 28
A30: 骨魔洞一层 | B30: 29
A31: 骨魔洞二层 | B31: 30
A32: 牛魔寺庙入口 | B32: 31
A33: 牛魔寺庙一层 | B33: 32
A34: 牛魔寺庙大厅 | B34: 33
A35: 丛林迷宫 | B35: 34
A36: 赤月峡谷西走廊 | B36: 35
A37: 赤月峡谷东二层 | B37: 36
... A41: 赤月魔穴 | B41: 40
B42: 41
B43: 42
B44: 43
B45: 44
B46: 45
B47: 46
B48: 47
B49: 48
B50: 49
B51: 50
B52: 51
B53: 52
... B58: 57
C73: 化骨妖
C74: 妖姬（小boss）
C75: 血腥女王（大boss）
C76: 血炎兽
C77: 剑刃魔王（大boss）
C78: 邪灵
C79: 巨魔守卫（小boss）
C80: 蛮族尊主（大boss）
C81: 百年尸草
C82: 千年树灵（小boss）
C83: 万年尸草王（大boss）
C84: 魔熊
... C103: 未央遗迹
C113: 第1玩法 | D113: 简单的殴打BOSS
C114: 第2玩法 | D114: 极限刷怪，在规定时间内打到200个怪，就先通关，有些怪物固定伤害的
C115: 第3玩法 | D115: boss叫小怪，每个30秒叫1个小怪固定伤害，小怪增强怪物攻击
C116: 第4玩法 | D116: boss（血厚低攻）叫怪，每个1分钟叫一波小怪攻高，血薄
C117: 第5玩法 | D117: boss叫小怪，小怪固定伤害，极高攻击，需要跑位，或者眩晕小怪，同时boss无敌，共叫4次
C118: 第6玩法 | D118: 极限刷怪，每击杀到50个怪的时候，会出现一个BOSS(BOSS血厚，降低玩家的攻击，最多出现3个)
C119: 第7玩法 | D119: 狂暴-BOSS，每30秒狂暴一次，持续10秒
C120: 地宫小怪

Sheet 名称表
A1: Dignity | E1: OwnerMode | F1: 掉落类型 | H1: 阵营 | K1: 显示名字类型 | N1: 等级 | O1: 名字颜色 | Q1: 职业 | R1: 种族
A2: 怪物身份 | E2: 属主模型 | F2: 掉落_均可见属主拾取 | H2: 阵营_普通玩家 | K2: 名字_显示 | N2: 1 | O2: 绿色 | Q2: 职业_战士 | R2: 种族_风
A3: 怪物类型_普通 | C3: 是 | E3: 属主_首刀 | F3: 掉落_属主可见可拾取 | H3: 阵营_普通怪物 | K3: 名字_不显示 | N3: 2 | O3: 绿色 | Q3: 职业_法师 | R3: 种族_火
A4: 怪物类型_世界BOSS | C4: 否 | E4: 属主_组队伤害 | F4: 掉落_均可见均可拾取 | H4: 阵营_中立怪物 | K4: 名字_永久显示 | N4: 3 | O4: 绿色 | Q4: 职业_牧师 | R4: 种族_雷
A5: 怪物类型_人数值 | E5: 属主_组队伤害唯一 | F5: 掉落_均可见队伍拾取 | H5: 阵营_友好怪物 | N5: 4 | O5: 绿色 | Q5: 职业_萨满 | R5: 种族_水
A6: 怪物类型_宠数值 | E6: 属主_仇恨 | F6: 掉落_均可见区服拾取 | H6: 阵营_动画怪物 | N6: 5 | O6: 绿色
A7: 怪物类型_精英 | E7: 属主_普通 | H7: 阵营_动画怪物2 | N7: 6 | O7: 绿色
E8: 属主_末刀 | H8: 阵营_动画怪物3 | N8: 7 | O8: 绿色
E9: 属主_个人伤害 | H9: 阵营_动画怪物4 | N9: 8 | O9: 绿色
E10: 属主_个人伤害唯一 | N10: 9 | O10: 绿色
N11: 10 | O11: 绿色
N12: 11 | O12: 绿色
N13: 12 | O13: 绿色
N14: 13 | O14: 绿色
N15: 14 | O15: 绿色
N16: 15 | O16: 蓝色
N17: 16 | O17: 蓝色
N18: 17 | O18: 蓝色
N19: 18 | O19: 蓝色
N20: 19 | O20: 蓝色
A21: 怪物类型_首领 | N21: 20 | O21: 蓝色
A22: 怪物类型_世界PVPBOSS | N22: 21 | O22: 蓝色
A23: 怪物类型_散仙陷阱 | N23: 22 | O23: 蓝色
A24: 怪物类型_采集物 | N24: 23 | O24: 蓝色
A25: 怪物类型_琅琊福地NPC | N25: 24 | O25: 蓝色
A26: 怪物类型_阵营战炮台 | N26: 25 | O26: 蓝色
A27: 怪物类型_技能召唤 | N27: 26 | O27: 蓝色
A28: 怪物类型_前台怪 | N28: 27 | O28: 蓝色
A29: 怪物类型_受击掉落 | N29: 28 | O29: 紫色
N30: 29 | O30: 紫色
N31: 30 | O31: 紫色
N32: 31 | O32: 紫色
N33: 32 | O33: 紫色
N34: 33 | O34: 紫色
N35: 34 | O35: 紫色
N36: 35 | O36: 紫色
N37: 36 | O37: 紫色
N38: 37 | O38: 紫色
N39: 38 | O39: 紫色
N40: 39 | O40: 紫色
N41: 40 | O41: 紫色
... N161: 160 | O161: 红色

Sheet 版本变更
A1: 版本号 | B1: 改动内容
A2: V1.12 | B2: 1、删除金币掉落字段 2、更新怪物模型
A3: V1.13 | B3: 1、新增怪物缩放比例 2、更改盔甲虫模型
A4: V1.14 | B4: 1、更改了比奇城怪物攻击数值 2、更改的归属场景数据
A5: V1.15 | B5: 更新掉落方案
A6: V1.16 | B6: 更新怪物普攻和技能ID
A7: V1.17 | B7: 更改怪物的编号计算规则和对应的编号
A8: V1.18 | B8: 更新“蛤蟆”模型
A9: V1.19 | B9: 更新移动速度巡逻半径等数据
A10: V1.20 | B10: 所有蛤蟆模型放大到原5倍
A11: V1.21 | B11: 祖玛弓箭手模型更新
A12: V1.22 | B12: 怪物距离和速度属性更改
... A18: V1.28 | B18: 60371394 60371395，黑狐赤狐改为测试数值
A19: V1.29
A20: V1.30
A21: V1.31
A22: V1.32
A23: V1.33
A24: V1.34
A25: V1.35 | B25: 删掉视野半径和巡逻范围，新增属性警戒范围。
A26: V1.36 | B26: 调整掉落方案，对应调整怪物表
A27: V1.37 | B27: 怪物数据使用李鑫配置版本，同时所有的ID规则进行调整。困惑殿堂新增2普通2精英怪，封魔殿新增3精英物编ID用aa开头
A28: V1.38 | B28: 调整模型大小，1.36版本模型大小应该是对的，这个版本是之前复制李鑫的数据，模型大小可能比较原始，对所有＞0.5的基本都改成0.5了，持续修改 复制过来遗留的0全都删了，模型缩放不要配置0！！！ 所有模型改前缀，很多模型名字乱填的都改了，还有2个模型缺失，先用别的代替了。
A29: V1.39 | B29: 修改模型大小，沃玛战将模型用沃玛勇士暂替，碰撞体积20改为10
A30: V1.40 | B30: 新增任务掉落
A31: V1.41 | B31: 掉落方案出现BUG，把错误的掉落方案ID改正。增加一个木桩。所有怪物复活时间×10
A32: V1.42 | B32: 新增3个配置项，2个绑定特效+缩放，新增一个技能配置，改技能ID。修改警戒范围，
A33: V1.43 | B33: 增加NPC鸡
A34: V1.44
A35: V1.45
A36: V1.46
A37: V1.47
A38: V1.48
A39: V1.49
A40: V1.50

Sheet Sheet1
F1: a001 | G1: 比奇城 | R1: A107 | S1: 比奇城
F2: a002 | G2: 待定 | R2: A038 | S2: 比奇城
F3: a003 | G3: 待定 | R3: A120 | S3: 比奇城
F4: a004 | G4: 待定 | R4: A036 | S4: 比奇城
F5: a005 | G5: 待定 | R5: A033 | S5: 比奇城
F6: a006 | G6: 待定 | R6: A034 | S6: 比奇城
F7: a007 | G7: 待定 | R7: A013 | S7: 比奇城
F8: a008 | G8: 待定 | R8: A001 | S8: 比奇城
F9: a009 | G9: 待定 | R9: A106 | S9: 比奇城
F10: a010 | G10: 待定 | R10: A020 | S10: 比奇城
F11: a011 | G11: 待定 | R11: A029 | S11: 比奇城
F12: a012 | G12: 待定 | R12: A027 | S12: 比奇城
... F20: a020 | G20: 比奇城 | R20: A082 | S20: 比奇城
F21: a021 | G21: 待定
F22: a022 | G22: 待定
F23: a023 | G23: 比奇城
F24: a024 | G24: 待定
F25: a025 | G25: 待定
F26: a026 | G26: 待定
F27: a027 | G27: 比奇城
F28: a028 | G28: 待定
F29: a029 | G29: 比奇城
F30: a030 | G30: 待定
F31: a031 | G31: 待定
F32: a032 | G32: 待定
... F540: a540 | G540: 待定
