Workbook

Sheet item_config
A1: 道具ID | B1: 0名称 | C1: 0颜色 | D1: 0ID编号 | E1: 存在时间 | F1: 0大类 | G1: 0大类 | H1: 0子类 | I1: 0档次 | J1: 0显示分类 | K1: 属性限制 | L1: 存在时间 | M1: 0是否可丢弃 | N1: 是否可以自动使用 | O1: 0使用级别下限 | P1: 0职业限制 | Q1: 0堆叠上限 | R1: 0功能类型 | S1: 0功能ID | T1: 0功能数值 | U1: 0说明 | V1: 0获得说明 | W1: 0背包图标 | X1: 0地表模型 | Y1: 掉落光柱模型 | Z1: 静态边框 | AA1: 动态边框 | AB1: 标签1 | AC1: 标签2 | AD1: 标签3 | AE1: 标签4
A2: ID | B2: Name | C2: Color | E2: DurT | G2: MainClass | H2: SubClass | I2: DropLevel | J2: DisplayType | K2: attrLimit | L2: durT | M2: isDrop | N2: isAutoUse | O2: RequiredLevel | P2: Prof | Q2: PileMax | R2: FunctionType | S2: FunctionID | T2: FunctionValue | U2: Desc | V2: SpecDesc | W2: IconID | X2: mdxID | Y2: LightEffId | Z2: Border1 | AA2: Border2 | AB2: Tag1 | AC2: Tag2 | AD2: Tag3 | AE2: Tag4
A3: 31010001 | B3: 一小袋金币 | C3: 白色 | D3: 1 | E3: 60 | F3: 货币 | G3: 大类_基础 | H3: 子类_货币 | I3: 1 | J3: 货币 | L3: 30000 | M3: 否 | O3: 1 | P3: 无 | Q3: 999 | R3: 货币_金币 | T3: 50 | U3: ="|cff00FF00"&B3&"，打开后可以获得"&T3&"金币。" -> |cff00FF00一小袋金币，打开后可以获得50金币。 | V3: 击杀所有怪物，出售道具装备可获得 | W3: 31010001 | X3: fall_coin | AB3: 货币 | AC3: 金币
A4: 31010002 | B4: 一小袋灵符 | C4: 白色 | D4: 2 | E4: 60 | F4: 货币 | G4: 大类_基础 | H4: 子类_货币 | I4: 2 | J4: 货币 | L4: 30000 | M4: 否 | O4: 1 | P4: 无 | Q4: 999 | R4: 货币_灵符 | T4: 5 | U4: ="|cff00FF00"&B4&"，打开后可以获得"&T4&"灵符。" -> |cff00FF00一小袋灵符，打开后可以获得5灵符。 | V4: 击杀所有怪物，出售道具装备可获得 | W4: 31010002 | X4: fall_lingfu | AB4: 货币 | AC4: 灵符
A5: 31010003 | B5: 一袋金币 | C5: 白色 | D5: 3 | E5: 60 | F5: 货币 | G5: 大类_基础 | H5: 子类_货币 | I5: 3 | J5: 货币 | L5: 30000 | M5: 否 | O5: 1 | P5: 无 | Q5: 999 | R5: 货币_金币 | T5: 100 | U5: ="|cff00FF00"&B5&"，打开后可以获得"&T5&"金币。" -> |cff00FF00一袋金币，打开后可以获得100金币。 | V5: 击杀所有怪物，出售道具装备可获得 | W5: 31010001 | X5: fall_coin | AB5: 货币 | AC5: 金币
A6: 31010004 | B6: 一袋灵符 | C6: 白色 | D6: 4 | E6: 60 | F6: 货币 | G6: 大类_基础 | H6: 子类_货币 | I6: 4 | J6: 货币 | L6: 30000 | M6: 否 | O6: 1 | P6: 无 | Q6: 999 | R6: 货币_灵符 | T6: 10 | U6: ="|cff00FF00"&B6&"，打开后可以获得"&T6&"灵符。" -> |cff00FF00一袋灵符，打开后可以获得10灵符。 | V6: 击杀所有怪物，出售道具装备可获得 | W6: 31010002 | X6: fall_lingfu | AB6: 货币 | AC6: 灵符
A7: 31010005 | B7: 一大袋金币 | C7: 白色 | D7: 5 | E7: 60 | F7: 货币 | G7: 大类_基础 | H7: 子类_货币 | I7: 5 | J7: 货币 | L7: 30000 | M7: 否 | O7: 1 | P7: 无 | Q7: 999 | R7: 货币_金币 | T7: 500 | U7: ="|cff00FF00"&B7&"，打开后可以获得"&T7&"金币。" -> |cff00FF00一大袋金币，打开后可以获得500金币。 | V7: 击杀所有怪物，出售道具装备可获得 | W7: 31010001 | X7: fall_coin | AB7: 货币 | AC7: 金币
A8: 31010006 | B8: 一大袋灵符 | C8: 白色 | D8: 6 | E8: 60 | F8: 货币 | G8: 大类_基础 | H8: 子类_货币 | I8: 6 | J8: 货币 | L8: 30000 | M8: 否 | O8: 1 | P8: 无 | Q8: 999 | R8: 货币_灵符 | T8: 50 | U8: ="|cff00FF00"&B8&"，打开后可以获得"&T8&"灵符。" -> |cff00FF00一大袋灵符，打开后可以获得50灵符。 | V8: 击杀所有怪物，出售道具装备可获得 | W8: 31010002 | X8: fall_lingfu | AB8: 货币 | AC8: 灵符
A9: 31010007 | B9: 一箱金币 | C9: 白色 | D9: 7 | E9: 60 | F9: 货币 | G9: 大类_基础 | H9: 子类_货币 | I9: 7 | J9: 货币 | L9: 30000 | M9: 否 | O9: 1 | P9: 无 | Q9: 999 | R9: 货币_金币 | T9: 1000 | U9: ="|cff00FF00"&B9&"，打开后可以获得"&T9&"金币。" -> |cff00FF00一箱金币，打开后可以获得1000金币。 | V9: 击杀所有怪物，出售道具装备可获得 | W9: 31010001 | X9: fall_coin | AB9: 货币 | AC9: 金币
A10: 31010008 | B10: 一箱灵符 | C10: 白色 | D10: 8 | E10: 60 | F10: 货币 | G10: 大类_基础 | H10: 子类_货币 | I10: 8 | J10: 货币 | L10: 30000 | M10: 否 | O10: 1 | P10: 无 | Q10: 999 | R10: 货币_灵符 | T10: 100 | U10: ="|cff00FF00"&B10&"，打开后可以获得"&T10&"灵符。" -> |cff00FF00一箱灵符，打开后可以获得100灵符。 | V10: 击杀所有怪物，出售道具装备可获得 | W10: 31010002 | X10: fall_lingfu | AB10: 货币 | AC10: 灵符
A11: 31010009 | B11: 一大箱金币 | C11: 白色 | D11: 9 | E11: 60 | F11: 货币 | G11: 大类_基础 | H11: 子类_货币 | I11: 9 | J11: 货币 | L11: 30000 | M11: 否 | O11: 1 | P11: 无 | Q11: 999 | R11: 货币_金币 | T11: 5000 | U11: ="|cff00FF00"&B11&"，打开后可以获得"&T11&"金币。" -> |cff00FF00一大箱金币，打开后可以获得5000金币。 | V11: 击杀所有怪物，出售道具装备可获得 | W11: 31010001 | X11: fall_coin | AB11: 货币 | AC11: 金币
A12: 31010010 | B12: 一大箱灵符 | C12: 白色 | D12: 10 | E12: 60 | F12: 货币 | G12: 大类_基础 | H12: 子类_货币 | I12: 10 | J12: 货币 | L12: 30000 | M12: 否 | O12: 1 | P12: 无 | Q12: 999 | R12: 货币_灵符 | T12: 500 | U12: ="|cff00FF00"&B12&"，打开后可以获得"&T12&"灵符。" -> |cff00FF00一大箱灵符，打开后可以获得500灵符。 | V12: 击杀所有怪物，出售道具装备可获得 | W12: 31010002 | X12: fall_lingfu | AB12: 货币 | AC12: 灵符
A13: 31010011 | B13: 一车金币 | C13: 白色 | D13: 11 | E13: 60 | F13: 货币 | G13: 大类_基础 | H13: 子类_货币 | I13: 11 | J13: 货币 | L13: 30000 | M13: 否 | O13: 1 | P13: 无 | Q13: 999 | R13: 货币_金币 | T13: 10000 | U13: ="|cff00FF00"&B13&"，打开后可以获得"&T13&"金币。" -> |cff00FF00一车金币，打开后可以获得10000金币。 | V13: 击杀所有怪物，出售道具装备可获得 | W13: 31010001 | X13: fall_coin | AB13: 货币 | AC13: 金币
A14: 31010012 | B14: 一车灵符 | C14: 白色 | D14: 12 | E14: 60 | F14: 货币 | G14: 大类_基础 | H14: 子类_货币 | I14: 12 | J14: 货币 | L14: 30000 | M14: 否 | O14: 1 | P14: 无 | Q14: 999 | R14: 货币_灵符 | T14: 100 | U14: ="|cff00FF00"&B14&"，打开后可以获得"&T14&"灵符。" -> |cff00FF00一车灵符，打开后可以获得100灵符。 | V14: 击杀所有怪物，出售道具装备可获得 | W14: 31010002 | X14: fall_lingfu | AB14: 货币 | AC14: 灵符
A15: 31010013 | B15: 一卡车金币 | C15: 白色 | D15: 13 | E15: 60 | F15: 货币 | G15: 大类_基础 | H15: 子类_货币 | I15: 13 | J15: 货币 | L15: 30000 | M15: 否 | O15: 1 | P15: 无 | Q15: 999 | R15: 货币_金币 | T15: 50000 | U15: ="|cff00FF00"&B15&"，打开后可以获得"&T15&"金币。" -> |cff00FF00一卡车金币，打开后可以获得50000金币。 | V15: 击杀所有怪物，出售道具装备可获得 | W15: 31010001 | X15: fall_coin | AB15: 货币 | AC15: 金币
A16: 31010014 | B16: 一卡车灵符 | C16: 白色 | D16: 14 | E16: 60 | F16: 货币 | G16: 大类_基础 | H16: 子类_货币 | I16: 14 | J16: 货币 | L16: 30000 | M16: 否 | O16: 1 | P16: 无 | Q16: 999 | R16: 货币_灵符 | T16: 500 | U16: ="|cff00FF00"&B16&"，打开后可以获得"&T16&"灵符。" -> |cff00FF00一卡车灵符，打开后可以获得500灵符。 | V16: 击杀所有怪物，出售道具装备可获得 | W16: 31010002 | X16: fall_lingfu | AB16: 货币 | AC16: 灵符
A17: 31010015 | B17: 活跃丹 | C17: 紫色 | D17: 15 | E17: 60 | F17: 货币 | G17: 大类_基础 | H17: 子类_货币 | I17: 15 | J17: 货币 | L17: 30000 | M17: 否 | O17: 1 | P17: 无 | Q17: 999 | R17: 货币_活跃点 | T17: 1000 | U17: ="|cff00FF00"&B17&"，打开后可以获得"&T17&"活跃点。" -> |cff00FF00活跃丹，打开后可以获得1000活跃点。 | V17: 系统赠送获得 | X17: fall_lingfu | Y17: ain_effect_ziseguangzhu_85 | Z17: BK_J_zi | AA17: BK_D_zi | AB17: 货币 | AC17: 活跃点
A18: 31010016 | B18: 声望丹 | C18: 紫色 | D18: 16 | E18: 60 | F18: 货币 | G18: 大类_基础 | H18: 子类_货币 | I18: 16 | J18: 货币 | L18: 30000 | M18: 否 | O18: 1 | P18: 无 | Q18: 999 | R18: 货币_声望点 | T18: 1000 | U18: ="|cff00FF00"&B18&"，打开后可以获得"&T18&"声望点。" -> |cff00FF00声望丹，打开后可以获得1000声望点。 | V18: 系统赠送获得 | X18: fall_lingfu | Y18: ain_effect_ziseguangzhu_85 | Z18: BK_J_zi | AA18: BK_D_zi | AB18: 货币 | AC18: 声望点
A19: 34020001 | B19: 基础剑术 | C19: 绿色 | D19: 1 | E19: 60 | F19: 技能 | G19: 大类_基础 | H19: 子类_技能书 | I19: 绿色 | J19: 技能书 | L19: 30000 | M19: 是 | O19: 7 | P19: 战士 | Q19: 999 | R19: 技能书 | S19: 10010001 | U19: ="|cff00FF00达到"&O19&"级后可以学习技能"&B19&"，也可以在当前技能经验满后对该技能进行升级。" -> |cff00FF00达到7级后可以学习技能基础剑术，也可以在当前技能经验满后对该技能进行升级。 | V19: 击杀沃玛怪物获得 | W19: 34020001 | X19: fall_jinengshu_01 | Y19: ain_effect_lvseguangzhu_88 | Z19: BK_J_lv | AA19: BK_D_lv | AB19: 材料 | AC19: 战士技能书
A20: 34020002 | B20: 攻杀剑术 | C20: 绿色 | D20: 2 | E20: 60 | F20: 技能 | G20: 大类_基础 | H20: 子类_技能书 | I20: 绿色 | J20: 技能书 | L20: 30000 | M20: 是 | O20: 19 | P20: 战士 | Q20: 999 | R20: 技能书 | S20: 10020001 | U20: ="|cff00FF00达到"&O20&"级后可以学习技能"&B20&"，也可以在当前技能经验满后对该技能进行升级。" -> |cff00FF00达到19级后可以学习技能攻杀剑术，也可以在当前技能经验满后对该技能进行升级。 | V20: 击杀沃玛怪物获得 | W20: 34020001 | X20: fall_jinengshu_01 | Y20: ain_effect_lvseguangzhu_88 | Z20: BK_J_lv | AA20: BK_D_lv | AB20: 材料 | AC20: 战士技能书
A21: 34020003 | B21: 刺杀剑术 | C21: 绿色 | D21: 3 | E21: 60 | F21: 技能 | G21: 大类_基础 | H21: 子类_技能书 | I21: 绿色 | J21: 技能书 | L21: 30000 | M21: 是 | O21: 25 | P21: 战士 | Q21: 999 | R21: 技能书 | S21: 10030001 | U21: ="|cff00FF00达到"&O21&"级后可以学习技能"&B21&"，也可以在当前技能经验满后对该技能进行升级。" -> |cff00FF00达到25级后可以学习技能刺杀剑术，也可以在当前技能经验满后对该技能进行升级。 | V21: 击杀祖玛怪物获得 | W21: 34020001 | X21: fall_jinengshu_01 | Y21: ain_effect_lvseguangzhu_88 | Z21: BK_J_lv | AA21: BK_D_lv | AB21: 材料 | AC21: 战士技能书
A22: 34020004 | B22: 半月弯刀 | C22: 绿色 | D22: 4 | E22: 60 | F22: 技能 | G22: 大类_基础 | H22: 子类_技能书 | I22: 绿色 | J22: 技能书 | L22: 30000 | M22: 是 | O22: 28 | P22: 战士 | Q22: 999 | R22: 技能书 | S22: 10040001 | U22: ="|cff00FF00达到"&O22&"级后可以学习技能"&B22&"，也可以在当前技能经验满后对该技能进行升级。" -> |cff00FF00达到28级后可以学习技能半月弯刀，也可以在当前技能经验满后对该技能进行升级。 | V22: 击杀祖玛怪物获得 | W22: 34020001 | X22: fall_jinengshu_01 | Y22: ain_effect_lvseguangzhu_88 | Z22: BK_J_lv | AA22: BK_D_lv | AB22: 材料 | AC22: 战士技能书
A23: 34020005 | B23: 野蛮冲撞 | C23: 绿色 | D23: 5 | E23: 60 | F23: 技能 | G23: 大类_基础 | H23: 子类_技能书 | I23: 绿色 | J23: 技能书 | L23: 30000 | M23: 是 | O23: 30 | P23: 战士 | Q23: 999 | R23: 技能书 | S23: 10050001 | U23: ="|cff00FF00达到"&O23&"级后可以学习技能"&B23&"，也可以在当前技能经验满后对该技能进行升级。" -> |cff00FF00达到30级后可以学习技能野蛮冲撞，也可以在当前技能经验满后对该技能进行升级。 | V23: 击杀赤月怪物获得 | W23: 34020001 | X23: fall_jinengshu_01 | Y23: ain_effect_lvseguangzhu_88 | Z23: BK_J_lv | AA23: BK_D_lv | AB23: 材料 | AC23: 战士技能书
A24: 34020006 | B24: 烈火剑法 | C24: 绿色 | D24: 6 | E24: 60 | F24: 技能 | G24: 大类_基础 | H24: 子类_技能书 | I24: 绿色 | J24: 技能书 | L24: 30000 | M24: 是 | O24: 35 | P24: 战士 | Q24: 999 | R24: 技能书 | S24: 10060001 | U24: ="|cff00FF00达到"&O24&"级后可以学习技能"&B24&"，也可以在当前技能经验满后对该技能进行升级。" -> |cff00FF00达到35级后可以学习技能烈火剑法，也可以在当前技能经验满后对该技能进行升级。 | V24: 击杀赤月怪物获得 | W24: 34020001 | X24: fall_jinengshu_01 | Y24: ain_effect_lvseguangzhu_88 | Z24: BK_J_lv | AA24: BK_D_lv | AB24: 材料 | AC24: 战士技能书
A25: 34020031 | B25: 火球术 | C25: 绿色 | D25: 31 | E25: 60 | F25: 技能 | G25: 大类_基础 | H25: 子类_技能书 | I25: 绿色 | J25: 技能书 | L25: 30000 | M25: 是 | O25: 7 | P25: 法师 | Q25: 999 | R25: 技能书 | S25: 10310001 | U25: ="|cff00FF00达到"&O25&"级后可以学习技能"&B25&"，也可以在当前技能经验满后对该技能进行升级。" -> |cff00FF00达到7级后可以学习技能火球术，也可以在当前技能经验满后对该技能进行升级。 | V25: 击杀沃玛怪物获得 | W25: 34020001 | X25: fall_jinengshu_01 | Y25: ain_effect_lvseguangzhu_88 | Z25: BK_J_lv | AA25: BK_D_lv | AB25: 材料 | AC25: 法师技能书
A26: 34020032 | B26: 抗拒火环 | C26: 绿色 | D26: 32 | E26: 60 | F26: 技能 | G26: 大类_基础 | H26: 子类_技能书 | I26: 绿色 | J26: 技能书 | L26: 30000 | M26: 是 | O26: 12 | P26: 法师 | Q26: 999 | R26: 技能书 | S26: 10320001 | U26: ="|cff00FF00达到"&O26&"级后可以学习技能"&B26&"，也可以在当前技能经验满后对该技能进行升级。" -> |cff00FF00达到12级后可以学习技能抗拒火环，也可以在当前技能经验满后对该技能进行升级。 | V26: 击杀沃玛怪物获得 | W26: 34020001 | X26: fall_jinengshu_01 | Y26: ain_effect_lvseguangzhu_88 | Z26: BK_J_lv | AA26: BK_D_lv | AB26: 材料 | AC26: 法师技能书
A27: 34020033 | B27: 雷电术 | C27: 绿色 | D27: 33 | E27: 60 | F27: 技能 | G27: 大类_基础 | H27: 子类_技能书 | I27: 绿色 | J27: 技能书 | L27: 30000 | M27: 是 | O27: 17 | P27: 法师 | Q27: 999 | R27: 技能书 | S27: 10330001 | U27: ="|cff00FF00达到"&O27&"级后可以学习技能"&B27&"，也可以在当前技能经验满后对该技能进行升级。" -> |cff00FF00达到17级后可以学习技能雷电术，也可以在当前技能经验满后对该技能进行升级。 | V27: 击杀祖玛怪物获得 | W27: 34020001 | X27: fall_jinengshu_02 | Y27: ain_effect_lvseguangzhu_88 | Z27: BK_J_lv | AA27: BK_D_lv | AB27: 材料 | AC27: 法师技能书
A28: 34020034 | B28: 火墙 | C28: 绿色 | D28: 34 | E28: 60 | F28: 技能 | G28: 大类_基础 | H28: 子类_技能书 | I28: 绿色 | J28: 技能书 | L28: 30000 | M28: 是 | O28: 22 | P28: 法师 | Q28: 999 | R28: 技能书 | S28: 10340001 | U28: ="|cff00FF00达到"&O28&"级后可以学习技能"&B28&"，也可以在当前技能经验满后对该技能进行升级。" -> |cff00FF00达到22级后可以学习技能火墙，也可以在当前技能经验满后对该技能进行升级。 | V28: 击杀祖玛怪物获得 | W28: 34020001 | X28: fall_jinengshu_02 | Y28: ain_effect_lvseguangzhu_88 | Z28: BK_J_lv | AA28: BK_D_lv | AB28: 材料 | AC28: 法师技能书
A29: 34020035 | B29: 疾光电影 | C29: 绿色 | D29: 35 | E29: 60 | F29: 技能 | G29: 大类_基础 | H29: 子类_技能书 | I29: 绿色 | J29: 技能书 | L29: 30000 | M29: 是 | O29: 26 | P29: 法师 | Q29: 999 | R29: 技能书 | S29: 10350001 | U29: ="|cff00FF00达到"&O29&"级后可以学习技能"&B29&"，也可以在当前技能经验满后对该技能进行升级。" -> |cff00FF00达到26级后可以学习技能疾光电影，也可以在当前技能经验满后对该技能进行升级。 | V29: 击杀赤月怪物获得 | W29: 34020001 | X29: fall_jinengshu_02 | Y29: ain_effect_lvseguangzhu_88 | Z29: BK_J_lv | AA29: BK_D_lv | AB29: 材料 | AC29: 法师技能书
A30: 34020036 | B30: 魔法盾 | C30: 绿色 | D30: 36 | E30: 60 | F30: 技能 | G30: 大类_基础 | H30: 子类_技能书 | I30: 绿色 | J30: 技能书 | L30: 30000 | M30: 是 | O30: 31 | P30: 法师 | Q30: 999 | R30: 技能书 | S30: 10360001 | U30: ="|cff00FF00达到"&O30&"级后可以学习技能"&B30&"，也可以在当前技能经验满后对该技能进行升级。" -> |cff00FF00达到31级后可以学习技能魔法盾，也可以在当前技能经验满后对该技能进行升级。 | V30: 击杀赤月怪物获得 | W30: 34020001 | X30: fall_jinengshu_02 | Y30: ain_effect_lvseguangzhu_88 | Z30: BK_J_lv | AA30: BK_D_lv | AB30: 材料 | AC30: 法师技能书
... A39: 34020068 | B39: 召唤神兽 | C39: 绿色 | D39: 68 | E39: 60 | F39: 技能 | G39: 大类_基础 | H39: 子类_技能书 | I39: 绿色 | J39: 技能书 | L39: 30000 | M39: 是 | O39: 35 | P39: 道士 | Q39: 999 | R39: 技能书 | S39: 10680001 | U39: ="|cff00FF00达到"&O39&"级后可以学习技能"&B39&"，也可以在当前技能经验满后对该技能进行升级。" -> |cff00FF00达到35级后可以学习技能召唤神兽，也可以在当前技能经验满后对该技能进行升级。 | V39: 击杀赤月怪物获得 | W39: 34020001 | X39: fall_jinengshu_02 | Y39: ain_effect_lvseguangzhu_88 | Z39: BK_J_lv | AA39: BK_D_lv | AB39: 材料 | AC39: 道士技能书
A40: 34020100 | B40: 技能书 | C40: 绿色 | D40: 100 | E40: 60 | F40: 技能 | G40: 大类_基础 | H40: 子类_技能书 | I40: 7 | J40: 技能书 | L40: 30000 | M40: 是 | O40: 1 | P40: 无 | Q40: 999 | R40: 技能经验 | U40: |cff00FF00增加技能的经验值 | V40: 参加特殊活动，击杀BOSS可得 | W40: 34020100 | X40: fall_jinengshu_02 | Y40: ain_effect_lvseguangzhu_88 | Z40: BK_J_lv | AA40: BK_D_lv | AB40: 材料 | AC40: 技能书
A41: 34040001 | B41: 祝福油 | C41: 绿色 | D41: 1 | E41: 60 | F41: 强化 | G41: 大类_基础 | H41: 子类_贵重品 | I41: 1 | J41: 强化道具 | L41: 60000 | M41: 是 | O41: 1 | P41: 无 | Q41: 999 | R41: 祝福_幸运 | U41: |cff00FF00使用祝福油有概率提升当前装备武器的幸运值，最高可以提升到7点。 | V41: 击杀赤月怪物获得 | W41: 34040001 | X41: fall_zhufuyou | Y41: ain_effect_lvseguangzhu_88 | Z41: BK_J_lv | AA41: BK_D_lv | AB41: 材料 | AC41: 祝福油
A42: 34040002 | B42: 强化石 | C42: 绿色 | D42: 2 | E42: 60 | F42: 强化 | G42: 大类_基础 | H42: 子类_贵重品 | I42: 2 | J42: 强化道具 | L42: 30000 | M42: 否 | O42: 1 | P42: 无 | Q42: 999 | R42: 系统_强化 | U42: |cff00FF00使用后可以进行装备强化 | V42: 参加特殊活动，击杀BOSS可得 | W42: 34040002 | X42: fall_qianghuashi | Y42: ain_effect_lvseguangzhu_88 | Z42: BK_J_lv | AA42: BK_D_lv | AB42: 材料 | AC42: 强化石
A43: 34040003 | B43: 强化特权 | C43: 紫色 | D43: 3 | E43: 60 | F43: 强化 | G43: 大类_基础 | H43: 子类_贵重品 | I43: 3 | J43: 强化道具 | L43: 30000 | M43: 否 | O43: 1 | P43: 无 | Q43: 999 | R43: 特权_强化 | U43: |cff00FF00使用后增加10%强化成功率 | V43: 参加特殊活动，击杀BOSS可得 | W43: 34040003 | X43: fall_qianghuatequan | Y43: ain_effect_ziseguangzhu_85 | Z43: BK_J_zi | AA43: BK_D_zi
A44: 34040004 | B44: 命格洗练石 | C44: 紫色 | D44: 4 | E44: 60 | F44: 强化 | G44: 大类_基础 | H44: 子类_贵重品 | I44: 4 | J44: 强化道具 | L44: 30000 | M44: 否 | O44: 1 | P44: 无 | Q44: 999 | R44: 命格_洗练 | U44: |cff00FF00使用后可以进行命格洗练 | V44: 参加特殊活动，击杀BOSS可得 | W44: 34040004 | X44: fall_minggeshi | Y44: ain_effect_ziseguangzhu_85 | Z44: BK_J_zi | AA44: BK_D_zi
A45: 34040005 | B45: 羽毛 | C45: 紫色 | D45: 5 | E45: 60 | F45: 强化 | G45: 大类_基础 | H45: 子类_贵重品 | I45: 5 | J45: 强化道具 | L45: 30000 | M45: 否 | O45: 1 | P45: 无 | Q45: 999 | R45: 系统_羽翼 | U45: |cff00FF00使用后可以进行羽翼升级 | V45: 参加特殊活动，击杀BOSS可得 | W45: 34040005 | X45: fall_yumao | Y45: ain_effect_ziseguangzhu_85 | Z45: BK_J_zi | AA45: BK_D_zi | AB45: 材料 | AC45: 羽毛
A46: 34040006 | B46: 背包解锁格 | C46: 紫色 | D46: 6 | E46: 60 | F46: 强化 | G46: 大类_基础 | H46: 子类_贵重品 | I46: 99 | J46: 强化道具 | M46: 否 | O46: 1 | P46: 无 | Q46: 999 | R46: 背包_解锁格 | U46: |cff00FF00使用后可以解锁背包格子 | V46: 参加特殊活动，击杀BOSS可得 | W46: 34040006 | X46: fall_beibaoge | Y46: ain_effect_ziseguangzhu_85 | Z46: BK_J_zi | AA46: BK_D_zi
A47: 34040007 | B47: 背包解锁页 | C47: 紫色 | D47: 7 | E47: 60 | F47: 强化 | G47: 大类_基础 | H47: 子类_贵重品 | I47: 99 | J47: 强化道具 | M47: 否 | O47: 1 | P47: 无 | Q47: 999 | R47: 背包_解锁页 | U47: |cff00FF00使用后可以大量解锁背包页 | V47: 参加特殊活动，击杀BOSS可得 | W47: 34040007 | X47: fall_beibaoye | Y47: ain_effect_ziseguangzhu_85 | Z47: BK_J_zi | AA47: BK_D_zi
A48: 34040008 | B48: 魂之精髓 | C48: 紫色 | D48: 8 | E48: 60 | F48: 强化 | G48: 大类_基础 | H48: 子类_贵重品 | I48: 99 | J48: 强化道具 | M48: 否 | O48: 1 | P48: 无 | Q48: 99 | U48: 打造小极品用|n|cff00FF00凝聚了天地战魂之力的血红结晶。将其投入锻造炉中，可唤醒兵器沉睡的凶性，会赋予其额外的属性或隐藏技能。|n|cffFF0000神物虽神，也看本体天性。 | V48: 参加特殊活动，击杀BOSS可得 | W48: 34040008 | X48: fall_jingsui | Y48: ain_effect_ziseguangzhu_85 | Z48: BK_J_zi | AA48: BK_D_zi
A49: 34040009 | B49: 魄之散华 | C49: 紫色 | D49: 9 | E49: 60 | F49: 强化 | G49: 大类_基础 | H49: 子类_贵重品 | I49: 99 | J49: 强化道具 | M49: 否 | O49: 1 | P49: 无 | Q49: 99 | U49: 重置打造的小极品属性|n|cff00FF00采自幽冥忘川的幽蓝水露。能洗去兵器上一切通过魂之精髓后天唤醒的凶性，使其回归最初状态。|n使用后，所有打造附加的属性与技能将彻底消散。 | V49: 参加特殊活动，击杀BOSS可得 | W49: 34040009 | X49: fall_sanhua | Y49: ain_effect_ziseguangzhu_85 | Z49: BK_J_zi | AA49: BK_D_zi
A50: 34040010 | B50: 超级祝福油 | C50: 紫色 | D50: 10 | E50: 60 | F50: 强化 | G50: 大类_基础 | H50: 子类_贵重品 | I50: 1 | J50: 强化道具 | L50: 60000 | M50: 是 | O50: 1 | P50: 无 | Q50: 999 | R50: 高级祝福_幸运 | U50: |cff00FF00使用祝福油有概率提升当前装备武器的幸运值，最高可以提升到7点。|n失败后不会降低武器幸运。 | V50: 通过祝福油合成，击杀BOSS可得 | W50: 34040010 | X50: fall_bluebottle | Y50: ain_effect_ziseguangzhu_85 | Z50: BK_J_zi | AA50: BK_D_zi
A51: 34040011 | B51: 1转神石 | C51: 紫色 | D51: 11 | E51: 60 | F51: 强化 | G51: 大类_基础 | H51: 子类_贵重品 | I51: 1 | J51: 强化道具 | L51: 30000 | M51: 是 | O51: 1 | P51: 无 | Q51: 999 | R51: 系统_转生 | U51: |cff00FF00玩家1转时需要的材料 | V51: 参加特殊活动，击杀BOSS可得 | W51: 34040011 | X51: fall_zhuansheng_01 | Y51: ain_effect_ziseguangzhu_85 | Z51: BK_J_zi | AA51: BK_D_zi | AB51: 材料 | AC51: 1转神石
A52: 34040012 | B52: 2转神石 | C52: 紫色 | D52: 12 | E52: 60 | F52: 强化 | G52: 大类_基础 | H52: 子类_贵重品 | I52: 1 | J52: 强化道具 | L52: 30000 | M52: 是 | O52: 1 | P52: 无 | Q52: 999 | R52: 系统_转生 | U52: |cff00FF00玩家2转时需要的材料 | V52: 参加特殊活动，击杀BOSS可得 | W52: 34040012 | X52: fall_zhuansheng_02 | Y52: ain_effect_ziseguangzhu_85 | Z52: BK_J_zi | AA52: BK_D_zi | AB52: 材料 | AC52: 2转神石
A53: 34040013 | B53: 3转神石 | C53: 紫色 | D53: 13 | E53: 60 | F53: 强化 | G53: 大类_基础 | H53: 子类_贵重品 | I53: 1 | J53: 强化道具 | L53: 30000 | M53: 是 | O53: 1 | P53: 无 | Q53: 999 | R53: 系统_转生 | U53: |cff00FF00玩家3转时需要的材料 | V53: 参加特殊活动，击杀BOSS可得 | W53: 34040013 | X53: fall_zhuansheng_03 | Y53: ain_effect_ziseguangzhu_85 | Z53: BK_J_zi | AA53: BK_D_zi | AB53: 材料 | AC53: 3转神石
A54: 34040014 | B54: 4转神石 | C54: 紫色 | D54: 14 | E54: 60 | F54: 强化 | G54: 大类_基础 | H54: 子类_贵重品 | I54: 1 | J54: 强化道具 | L54: 30000 | M54: 是 | O54: 1 | P54: 无 | Q54: 999 | R54: 系统_转生 | U54: |cff00FF00玩家4转时需要的材料 | V54: 参加特殊活动，击杀BOSS可得 | W54: 34040014 | X54: fall_zhuansheng_04 | Y54: ain_effect_ziseguangzhu_85 | Z54: BK_J_zi | AA54: BK_D_zi | AB54: 材料 | AC54: 4转神石
A55: 34040015 | B55: 合成符 | C55: 紫色 | D55: 15 | E55: 60 | F55: 强化 | G55: 大类_基础 | H55: 子类_贵重品 | I55: 1 | J55: 强化道具 | L55: 30000 | M55: 是 | O55: 1 | P55: 无 | Q55: 999 | R55: 系统_合成 | U55: |cff00FF00合成贵重物品需要的材料 | V55: 参加特殊活动，击杀BOSS可得 | W55: 34040015 | X55: fall_hechengfu_01 | Y55: ain_effect_ziseguangzhu_85 | Z55: BK_J_zi | AA55: BK_D_zi
A56: 34040016 | B56: 马牌 | C56: 紫色 | D56: 16 | E56: 60 | F56: 强化 | G56: 大类_基础 | H56: 子类_贵重品 | I56: 1 | J56: 强化道具 | L56: 30000 | M56: 是 | O56: 1 | P56: 无 | Q56: 999 | R56: 系统_马牌 | U56: |cff00FF00兑换马匹需要的材料 | V56: 打听马匹入口获得 | W56: 34040016 | X56: fall_props_mapai | Y56: ain_effect_ziseguangzhu_85 | Z56: BK_J_zi | AA56: BK_D_zi
A57: =30000000+INDEX(编号表!$B:$B,MATCH(F57,编号表!$A:$A,0))*10000+D57 -> 30070000 | B57: 基础铭文 | C57: 紫色 | D57: 0 | E57: 60 | F57: 铭文 | G57: 大类_基础 | H57: 子类_贵重品 | I57: 1 | J57: 强化道具 | L57: 30000 | M57: 是 | O57: 1 | P57: 无 | Q57: 999 | R57: 系统_铭文 | U57: 可以激活基础剑术铭文词条 | V57: 击杀赤月怪物获得 | W57: 34040017 | X57: fall_mingwen_jichu | Y57: ain_effect_ziseguangzhu_85 | Z57: BK_J_zi | AA57: BK_D_zi | AB57: 材料 | AC57: 战士技能铭文
A58: =30000000+INDEX(编号表!$B:$B,MATCH(F58,编号表!$A:$A,0))*10000+D58 -> 30070001 | B58: 攻杀铭文 | C58: 紫色 | D58: 1 | E58: 60 | F58: 铭文 | G58: 大类_基础 | H58: 子类_贵重品 | I58: 1 | J58: 强化道具 | L58: 30000 | M58: 是 | O58: 1 | P58: 无 | Q58: 999 | R58: 系统_铭文 | U58: 可以激活攻杀剑术铭文词条 | V58: 击杀赤月怪物获得 | W58: 34040018 | X58: fall_mingwen_gongsha | Y58: ain_effect_ziseguangzhu_85 | Z58: BK_J_zi | AA58: BK_D_zi | AB58: 材料 | AC58: 战士技能铭文
A59: =30000000+INDEX(编号表!$B:$B,MATCH(F59,编号表!$A:$A,0))*10000+D59 -> 30070002 | B59: 刺杀铭文 | C59: 紫色 | D59: 2 | E59: 60 | F59: 铭文 | G59: 大类_基础 | H59: 子类_贵重品 | I59: 1 | J59: 强化道具 | L59: 30000 | M59: 是 | O59: 1 | P59: 无 | Q59: 999 | R59: 系统_铭文 | U59: 可以激活刺杀剑术铭文词条 | V59: 击杀赤月怪物获得 | W59: 34040019 | X59: fall_mingwen_cisha | Y59: ain_effect_ziseguangzhu_85 | Z59: BK_J_zi | AA59: BK_D_zi | AB59: 材料 | AC59: 战士技能铭文
A60: =30000000+INDEX(编号表!$B:$B,MATCH(F60,编号表!$A:$A,0))*10000+D60 -> 30070003 | B60: 半月铭文 | C60: 紫色 | D60: 3 | E60: 60 | F60: 铭文 | G60: 大类_基础 | H60: 子类_贵重品 | I60: 1 | J60: 强化道具 | L60: 30000 | M60: 是 | O60: 1 | P60: 无 | Q60: 999 | R60: 系统_铭文 | U60: 可以激活半月弯刀铭文词条 | V60: 击杀赤月怪物获得 | W60: 34040020 | X60: fall_mingwen_banyue | Y60: ain_effect_ziseguangzhu_85 | Z60: BK_J_zi | AA60: BK_D_zi | AB60: 材料 | AC60: 战士技能铭文
A61: =30000000+INDEX(编号表!$B:$B,MATCH(F61,编号表!$A:$A,0))*10000+D61 -> 30070004 | B61: 烈火铭文 | C61: 紫色 | D61: 4 | E61: 60 | F61: 铭文 | G61: 大类_基础 | H61: 子类_贵重品 | I61: 1 | J61: 强化道具 | L61: 30000 | M61: 是 | O61: 1 | P61: 无 | Q61: 999 | R61: 系统_铭文 | U61: 可以激活烈火剑法铭文词条 | V61: 击杀赤月怪物获得 | W61: 34040021 | X61: fall_mingwen_liehuo | Y61: ain_effect_ziseguangzhu_85 | Z61: BK_J_zi | AA61: BK_D_zi | AB61: 材料 | AC61: 战士技能铭文
A62: =30000000+INDEX(编号表!$B:$B,MATCH(F62,编号表!$A:$A,0))*10000+D62 -> 30070005 | B62: 野蛮铭文 | C62: 紫色 | D62: 5 | E62: 60 | F62: 铭文 | G62: 大类_基础 | H62: 子类_贵重品 | I62: 1 | J62: 强化道具 | L62: 30000 | M62: 是 | O62: 1 | P62: 无 | Q62: 999 | R62: 系统_铭文 | U62: 可以激活野蛮冲撞铭文词条 | V62: 击杀赤月怪物获得 | W62: 34040022 | X62: fall_mingwen_yeman | Y62: ain_effect_ziseguangzhu_85 | Z62: BK_J_zi | AA62: BK_D_zi | AB62: 材料 | AC62: 战士技能铭文
A63: =30000000+INDEX(编号表!$B:$B,MATCH(F63,编号表!$A:$A,0))*10000+D63 -> 30070006 | B63: 开天铭文 | C63: 紫色 | D63: 6 | E63: 60 | F63: 铭文 | G63: 大类_基础 | H63: 子类_贵重品 | I63: 1 | J63: 强化道具 | L63: 30000 | M63: 是 | O63: 1 | P63: 无 | Q63: 999 | R63: 系统_铭文 | U63: 可以激活开天斩铭文词条 | V63: 击杀赤月怪物获得 | W63: 34040023 | X63: fall_mingwen_kaitian | Y63: ain_effect_ziseguangzhu_85 | Z63: BK_J_zi | AA63: BK_D_zi | AB63: 材料 | AC63: 战士技能铭文
A64: =30000000+INDEX(编号表!$B:$B,MATCH(F64,编号表!$A:$A,0))*10000+D64 -> 30070007 | B64: 逐日铭文 | C64: 紫色 | D64: 7 | E64: 60 | F64: 铭文 | G64: 大类_基础 | H64: 子类_贵重品 | I64: 1 | J64: 强化道具 | L64: 30000 | M64: 是 | O64: 1 | P64: 无 | Q64: 999 | R64: 系统_铭文 | U64: 可以激活逐日剑法铭文词条 | V64: 击杀赤月怪物获得 | W64: 34040024 | X64: fall_mingwen_zhuri | Y64: ain_effect_ziseguangzhu_85 | Z64: BK_J_zi | AA64: BK_D_zi | AB64: 材料 | AC64: 战士技能铭文
A65: =30000000+INDEX(编号表!$B:$B,MATCH(F65,编号表!$A:$A,0))*10000+D65 -> 30070008 | B65: 战神纹 | C65: 紫色 | D65: 8 | E65: 60 | F65: 铭文 | G65: 大类_基础 | H65: 子类_贵重品 | I65: 1 | J65: 强化道具 | L65: 30000 | M65: 是 | O65: 1 | P65: 无 | Q65: 999 | R65: 系统_铭文 | U65: 可以激活战士技能第二条词条 | V65: 暂无投放 | W65: 34040025 | X65: fall_mingwen_zhanshen | Y65: ain_effect_ziseguangzhu_85 | Z65: BK_J_zi | AA65: BK_D_zi | AB65: 材料 | AC65: 战士技能铭文
A66: =30000000+INDEX(编号表!$B:$B,MATCH(F66,编号表!$A:$A,0))*10000+D66 -> 30070009 | B66: 火球铭文 | C66: 紫色 | D66: 9 | E66: 60 | F66: 铭文 | G66: 大类_基础 | H66: 子类_贵重品 | I66: 1 | J66: 强化道具 | L66: 30000 | M66: 是 | O66: 1 | P66: 无 | Q66: 999 | R66: 系统_铭文 | U66: 可以激活和洗练相应技能的铭文词条 | V66: 击杀怪物获得 | W66: 34040026 | X66: fall_mingwen_huoqiu | Y66: ain_effect_ziseguangzhu_85 | Z66: BK_J_zi | AA66: BK_D_zi | AB66: 材料 | AC66: 法师技能铭文
A67: =30000000+INDEX(编号表!$B:$B,MATCH(F67,编号表!$A:$A,0))*10000+D67 -> 30070010 | B67: 雷电铭文 | C67: 紫色 | D67: 10 | E67: 60 | F67: 铭文 | G67: 大类_基础 | H67: 子类_贵重品 | I67: 1 | J67: 强化道具 | L67: 30000 | M67: 是 | O67: 1 | P67: 无 | Q67: 999 | R67: 系统_铭文 | U67: 可以激活和洗练相应技能的铭文词条 | V67: 击杀怪物获得 | W67: 34040027 | X67: fall_mingwen_leidian | Y67: ain_effect_ziseguangzhu_85 | Z67: BK_J_zi | AA67: BK_D_zi | AB67: 材料 | AC67: 法师技能铭文
A68: =30000000+INDEX(编号表!$B:$B,MATCH(F68,编号表!$A:$A,0))*10000+D68 -> 30070011 | B68: 抗拒铭文 | C68: 紫色 | D68: 11 | E68: 60 | F68: 铭文 | G68: 大类_基础 | H68: 子类_贵重品 | I68: 1 | J68: 强化道具 | L68: 30000 | M68: 是 | O68: 1 | P68: 无 | Q68: 999 | R68: 系统_铭文 | U68: 可以激活和洗练相应技能的铭文词条 | V68: 击杀怪物获得 | W68: 34040028 | X68: fall_mingwen_kangju | Y68: ain_effect_ziseguangzhu_85 | Z68: BK_J_zi | AA68: BK_D_zi | AB68: 材料 | AC68: 法师技能铭文
... A84: =30000000+INDEX(编号表!$B:$B,MATCH(F84,编号表!$A:$A,0))*10000+D84 -> 30070027 | B84: 道神纹 | C84: 紫色 | D84: 27 | E84: 60 | F84: 铭文 | G84: 大类_基础 | H84: 子类_贵重品 | I84: 1 | J84: 强化道具 | L84: 30000 | M84: 是 | O84: 1 | P84: 无 | Q84: 999 | R84: 系统_铭文 | U84: 可以激活道士技能第二条词条 | V84: 暂无投放 | W84: 34040044 | X84: fall_mingwen_daoshen | Y84: ain_effect_ziseguangzhu_85 | Z84: BK_J_zi | AA84: BK_D_zi | AB84: 材料 | AC84: 道士技能铭文
A85: 31060000 | B85: 鹿茸 | C85: 白色 | D85: 0 | E85: 60 | F85: 任务 | G85: 大类_基础 | H85: 子类_贵重品 | I85: 1 | J85: 强化道具 | L85: 30000 | M85: 是 | O85: 1 | P85: 无 | Q85: 999 | R85: 系统_合成 | U85: |cff00FF00肉类材料 | V85: 参加特殊活动，击杀BOSS可得 | W85: 34040045 | X85: fall_props_lurong | AB85: 材料 | AC85: 肉类
A86: 31060001 | B86: 羊腰子 | C86: 白色 | D86: 1 | E86: 60 | F86: 任务 | G86: 大类_基础 | H86: 子类_贵重品 | I86: 1 | J86: 强化道具 | L86: 30000 | M86: 是 | O86: 1 | P86: 无 | Q86: 999 | R86: 系统_合成 | U86: |cff00FF00肉类材料 | V86: 参加特殊活动，击杀BOSS可得 | W86: 34040046 | X86: fall_props_yangyaozi | AB86: 材料 | AC86: 肉类
A87: 31060002 | B87: 猫粮 | C87: 白色 | D87: 2 | E87: 60 | F87: 任务 | G87: 大类_基础 | H87: 子类_贵重品 | I87: 1 | J87: 强化道具 | L87: 30000 | M87: 是 | O87: 1 | P87: 无 | Q87: 999 | R87: 系统_合成 | U87: |cff00FF00肉类材料 | V87: 参加特殊活动，击杀BOSS可得 | W87: 34040047 | X87: fall_props_maoliang | AB87: 材料 | AC87: 肉类
A88: 31060003 | B88: 狼肉 | C88: 白色 | D88: 3 | E88: 60 | F88: 任务 | G88: 大类_基础 | H88: 子类_贵重品 | I88: 1 | J88: 强化道具 | L88: 30000 | M88: 是 | O88: 1 | P88: 无 | Q88: 999 | R88: 系统_合成 | U88: |cff00FF00肉类材料 | V88: 参加特殊活动，击杀BOSS可得 | W88: 34040048 | X88: fall_props_langrou | AB88: 材料 | AC88: 肉类
A89: 34050001 | B89: 小魔法药 | C89: 白色 | D89: 1 | E89: 60 | F89: 药品 | G89: 大类_基础 | H89: 子类_药品 | I89: 1 | J89: 药品 | L89: 30000 | M89: 是 | O89: 1 | P89: 无 | Q89: 999 | R89: 药品_加蓝 | S89: 21001801 | U89: |cff00FF00使用后在6秒内缓慢增加魔法值60 | V89: 击杀沃玛怪物获得 | W89: 34050001 | X89: fall_bluebottle | AB89: 药水 | AC89: 小魔法药
A90: 34050002 | B90: 强效魔法药 | C90: 白色 | D90: 2 | E90: 60 | F90: 药品 | G90: 大类_基础 | H90: 子类_药品 | I90: 1 | J90: 药品 | L90: 30000 | M90: 是 | O90: 10 | P90: 无 | Q90: 999 | R90: 药品_加蓝 | S90: 21001802 | U90: |cff00FF00使用后在6秒内缓慢增加魔法值120 | V90: 击杀祖玛怪物获得 | W90: 34050002 | X90: fall_bluebottle_02 | AB90: 药水 | AC90: 强效魔法药
A91: 34050003 | B91: 特级魔法药 | C91: 白色 | D91: 3 | E91: 60 | F91: 药品 | G91: 大类_基础 | H91: 子类_药品 | I91: 1 | J91: 药品 | L91: 30000 | M91: 是 | O91: 20 | P91: 无 | Q91: 999 | R91: 药品_加蓝 | S91: 21001803 | U91: |cff00FF00使用后在6秒内缓慢增加魔法值240 | V91: 击杀赤月怪物获得 | W91: 34050003 | X91: fall_bluebottle_03 | AB91: 药水 | AC91: 特级魔法药
A92: 34050004 | B92: 小金创药 | C92: 白色 | D92: 4 | E92: 60 | F92: 药品 | G92: 大类_基础 | H92: 子类_药品 | I92: 1 | J92: 药品 | L92: 30000 | M92: 是 | O92: 1 | P92: 无 | Q92: 999 | R92: 药品_加血 | S92: 21001701 | U92: |cff00FF00使用后在6秒内缓慢增加血量60 | V92: 击杀沃玛怪物获得 | W92: 34050004 | X92: fall_redbottle | AB92: 药水 | AC92: 太阳水
A93: 34050005 | B93: 强效金创药 | C93: 白色 | D93: 5 | E93: 60 | F93: 药品 | G93: 大类_基础 | H93: 子类_药品 | I93: 1 | J93: 药品 | L93: 30000 | M93: 是 | O93: 10 | P93: 无 | Q93: 999 | R93: 药品_加血 | S93: 21001702 | U93: |cff00FF00使用后在6秒内缓慢增加血量120 | V93: 击杀祖玛怪物获得 | W93: 34050005 | X93: fall_redbottle_02 | AB93: 药水 | AC93: 强效太阳水
A94: 34050006 | B94: 特级金创药 | C94: 白色 | D94: 6 | E94: 60 | F94: 药品 | G94: 大类_基础 | H94: 子类_药品 | I94: 1 | J94: 药品 | L94: 30000 | M94: 是 | O94: 20 | P94: 无 | Q94: 999 | R94: 药品_加血 | S94: 21001703 | U94: |cff00FF00使用后在6秒内缓慢增加血量240 | V94: 击杀赤月怪物获得 | W94: 34050006 | X94: fall_redbottle_03 | AB94: 药水 | AC94: 特效太阳水
A95: 34050007 | B95: 太阳水 | C95: 白色 | D95: 7 | E95: 60 | F95: 药品 | G95: 大类_基础 | H95: 子类_药品 | I95: 1 | J95: 药品 | L95: 60000 | M95: 是 | O95: 20 | P95: 无 | Q95: 999 | R95: 药品_加血 | S95: 21003701 | U95: |cff00FF00瞬时恢复血量和魔法值 | V95: 击杀赤月怪物获得 | W95: 34050007 | X95: fall_taiyangshui | AB95: 药水 | AC95: 太阳水
A96: 34050008 | B96: 强效太阳水 | C96: 白色 | D96: 8 | E96: 60 | F96: 药品 | G96: 大类_基础 | H96: 子类_药品 | I96: 1 | J96: 药品 | L96: 60000 | M96: 是 | O96: 20 | P96: 无 | Q96: 999 | R96: 药品_加血 | S96: 21003702 | U96: |cff00FF00瞬时恢复血量和魔法值 | V96: 击杀赤月怪物获得 | W96: 34050008 | X96: fall_taiyangshui_02 | AB96: 药水 | AC96: 强效太阳水
A97: 34050009 | B97: 特效太阳水 | C97: 白色 | D97: 9 | E97: 60 | F97: 药品 | G97: 大类_基础 | H97: 子类_药品 | I97: 1 | J97: 药品 | L97: 60000 | M97: 是 | O97: 20 | P97: 无 | Q97: 999 | R97: 药品_加血 | S97: 21003703 | U97: |cff00FF00瞬时恢复血量和魔法值 | V97: 击杀赤月怪物获得 | W97: 34050009 | X97: fall_taiyangshui_03 | AB97: 药水 | AC97: 特效太阳水
A98: 34050010 | B98: 疗伤药 | C98: 白色 | D98: 10 | E98: 60 | F98: 药品 | G98: 大类_基础 | H98: 子类_药品 | I98: 1 | J98: 药品 | L98: 60000 | M98: 是 | O98: 20 | P98: 无 | Q98: 999 | R98: 药品_加血 | S98: 21003704 | U98: |cff00FF00瞬时恢复血量和魔法值 | V98: 击杀赤月怪物获得 | W98: 34050010 | X98: fall_liaoshang | AB98: 药水 | AC98: 疗伤药
A99: =30000000+INDEX(编号表!$B:$B,MATCH(F99,编号表!$A:$A,0))*10000+D99 -> 30080000 | B99: 屠龙刀 | C99: 绿色 | D99: 0 | E99: 60 | F99: 外观 | G99: 大类_基础 | H99: 子类_外观 | I99: 0 | J99: 外观 | L99: 60000 | M99: 否 | O99: 1 | P99: 无 | Q99: 1 | U99: 使用激活头像 | V99: 系统赠送获得 | W99: 30080000 | X99: fall_xueshuang | Y99: ain_effect_lvseguangzhu_88 | Z99: BK_J_lv | AA99: BK_D_lv
A100: =30000000+INDEX(编号表!$B:$B,MATCH(F100,编号表!$A:$A,0))*10000+D100 -> 30080001 | B100: 不屈战士 | C100: 绿色 | D100: 1 | E100: 60 | F100: 外观 | G100: 大类_基础 | H100: 子类_外观 | I100: 0 | J100: 外观 | L100: 60000 | M100: 否 | O100: 1 | P100: 无 | Q100: 1 | U100: 使用激活头像 | V100: 系统赠送获得 | W100: 30080001 | X100: fall_xueshuang | Y100: ain_effect_lvseguangzhu_88 | Z100: BK_J_lv | AA100: BK_D_lv
A101: =30000000+INDEX(编号表!$B:$B,MATCH(F101,编号表!$A:$A,0))*10000+D101 -> 30080002 | B101: 大魔法师 | C101: 绿色 | D101: 2 | E101: 60 | F101: 外观 | G101: 大类_基础 | H101: 子类_外观 | I101: 0 | J101: 外观 | L101: 60000 | M101: 否 | O101: 1 | P101: 无 | Q101: 1 | U101: 使用激活头像 | V101: 系统赠送获得 | W101: 30080002 | X101: fall_xueshuang | Y101: ain_effect_lvseguangzhu_88 | Z101: BK_J_lv | AA101: BK_D_lv
A102: =30000000+INDEX(编号表!$B:$B,MATCH(F102,编号表!$A:$A,0))*10000+D102 -> 30080003 | B102: 天尊道士 | C102: 绿色 | D102: 3 | E102: 60 | F102: 外观 | G102: 大类_基础 | H102: 子类_外观 | I102: 0 | J102: 外观 | L102: 60000 | M102: 否 | O102: 1 | P102: 无 | Q102: 1 | U102: 使用激活头像 | V102: 系统赠送获得 | W102: 30080003 | X102: fall_xueshuang | Y102: ain_effect_lvseguangzhu_88 | Z102: BK_J_lv | AA102: BK_D_lv
A103: =30000000+INDEX(编号表!$B:$B,MATCH(F103,编号表!$A:$A,0))*10000+D103 -> 30080004 | B103: 龙虾 | C103: 绿色 | D103: 4 | E103: 60 | F103: 外观 | G103: 大类_基础 | H103: 子类_外观 | I103: 0 | J103: 外观 | L103: 60000 | M103: 否 | O103: 1 | P103: 无 | Q103: 1 | U103: 使用激活头像 | V103: 系统赠送获得 | W103: 30080004 | X103: fall_xueshuang | Y103: ain_effect_lvseguangzhu_88 | Z103: BK_J_lv | AA103: BK_D_lv
A104: =30000000+INDEX(编号表!$B:$B,MATCH(F104,编号表!$A:$A,0))*10000+D104 -> 30080005 | B104: AI管家 | C104: 绿色 | D104: 5 | E104: 60 | F104: 外观 | G104: 大类_基础 | H104: 子类_外观 | I104: 0 | J104: 外观 | L104: 60000 | M104: 否 | O104: 1 | P104: 无 | Q104: 1 | U104: 使用激活头像 | V104: 系统赠送获得 | W104: 30080005 | X104: fall_xueshuang | Y104: ain_effect_lvseguangzhu_88 | Z104: BK_J_lv | AA104: BK_D_lv
A105: =30000000+INDEX(编号表!$B:$B,MATCH(F105,编号表!$A:$A,0))*10000+D105 -> 30080006 | B105: 战神白起 | C105: 绿色 | D105: 6 | E105: 60 | F105: 外观 | G105: 大类_基础 | H105: 子类_外观 | I105: 0 | J105: 外观 | L105: 60000 | M105: 否 | O105: 1 | P105: 无 | Q105: 1 | U105: 使用激活头像 | V105: 系统赠送获得 | W105: 30080006 | X105: fall_xueshuang | Y105: ain_effect_lvseguangzhu_88 | Z105: BK_J_lv | AA105: BK_D_lv
A106: =30000000+INDEX(编号表!$B:$B,MATCH(F106,编号表!$A:$A,0))*10000+D106 -> 30080007 | B106: 法神刘秀 | C106: 绿色 | D106: 7 | E106: 60 | F106: 外观 | G106: 大类_基础 | H106: 子类_外观 | I106: 0 | J106: 外观 | L106: 60000 | M106: 否 | O106: 1 | P106: 无 | Q106: 1 | U106: 使用激活头像 | V106: 系统赠送获得 | W106: 30080007 | X106: fall_xueshuang | Y106: ain_effect_lvseguangzhu_88 | Z106: BK_J_lv | AA106: BK_D_lv
A107: =30000000+INDEX(编号表!$B:$B,MATCH(F107,编号表!$A:$A,0))*10000+D107 -> 30080008 | B107: 道神老子 | C107: 绿色 | D107: 8 | E107: 60 | F107: 外观 | G107: 大类_基础 | H107: 子类_外观 | I107: 0 | J107: 外观 | L107: 60000 | M107: 否 | O107: 1 | P107: 无 | Q107: 1 | U107: 使用激活头像 | V107: 系统赠送获得 | W107: 30080008 | X107: fall_xueshuang | Y107: ain_effect_lvseguangzhu_88 | Z107: BK_J_lv | AA107: BK_D_lv
A108: =30000000+INDEX(编号表!$B:$B,MATCH(F108,编号表!$A:$A,0))*10000+D108 -> 30080009 | B108: 斗战马喽 | C108: 绿色 | D108: 9 | E108: 60 | F108: 外观 | G108: 大类_基础 | H108: 子类_外观 | I108: 0 | J108: 外观 | L108: 60000 | M108: 否 | O108: 1 | P108: 无 | Q108: 1 | U108: 使用激活头像 | V108: 系统赠送获得 | W108: 30080009 | X108: fall_xueshuang | Y108: ain_effect_lvseguangzhu_88 | Z108: BK_J_lv | AA108: BK_D_lv
A109: =30000000+INDEX(编号表!$B:$B,MATCH(F109,编号表!$A:$A,0))*10000+D109 -> 30080010 | B109: 测试斗笠皮肤 | C109: 绿色 | D109: 10 | E109: 60 | F109: 外观 | G109: 大类_基础 | H109: 子类_外观 | I109: 0 | J109: 外观 | L109: 60000 | M109: 否 | O109: 1 | P109: 无 | Q109: 1 | U109: 使用激活斗笠皮肤 | V109: 系统赠送获得 | W109: icon_douli_woma | X109: fall_xueshuang | Y109: ain_effect_lvseguangzhu_88 | Z109: BK_J_lv | AA109: BK_D_lv
A110: =30000000+INDEX(编号表!$B:$B,MATCH(F110,编号表!$A:$A,0))*10000+D110 -> 30080011 | B110: 测试武器皮肤 | C110: 绿色 | D110: 11 | E110: 60 | F110: 外观 | G110: 大类_基础 | H110: 子类_外观 | I110: 0 | J110: 外观 | L110: 60000 | M110: 否 | O110: 1 | P110: 无 | Q110: 1 | U110: 使用激活武器皮肤 | V110: 系统赠送获得 | W110: icon_weapon_fs_tianqiong | X110: fall_xueshuang | Y110: ain_effect_lvseguangzhu_88 | Z110: BK_J_lv | AA110: BK_D_lv
A111: =30000000+INDEX(编号表!$B:$B,MATCH(F111,编号表!$A:$A,0))*10000+D111 -> 30080012 | B111: 称号碎片 | C111: 绿色 | D111: 12 | E111: 60 | F111: 外观 | G111: 大类_基础 | H111: 子类_外观 | I111: 0 | J111: 外观 | L111: 60000 | M111: 否 | O111: 1 | P111: 无 | Q111: 1 | U111: 称号升级道具 | W111: 30080012 | X111: fall_chenghaosp | Y111: ain_effect_lvseguangzhu_88 | Z111: BK_J_lv | AA111: BK_D_lv
A112: =30000000+INDEX(编号表!$B:$B,MATCH(F112,编号表!$A:$A,0))*10000+D112 -> 30090000 | B112: 戒指碎片·左 | C112: 紫色 | D112: 0 | E112: 60 | F112: 特戒 | G112: 大类_基础 | H112: 子类_贵重品 | I112: 0 | J112: 特戒 | L112: 60000 | M112: 否 | O112: 1 | P112: 无 | Q112: 999 | U112: 升级左列特戒需要的材料 | V112: 击杀怪物获得 | W112: 34090000 | X112: fall_tejiejs_zuo | Y112: ain_effect_ziseguangzhu_85 | Z112: BK_J_zi | AA112: BK_D_zi
A113: =30000000+INDEX(编号表!$B:$B,MATCH(F113,编号表!$A:$A,0))*10000+D113 -> 30090001 | B113: 戒指碎片·右 | C113: 紫色 | D113: 1 | E113: 60 | F113: 特戒 | G113: 大类_基础 | H113: 子类_贵重品 | J113: 特戒 | L113: 60000 | M113: 否 | O113: 1 | P113: 无 | Q113: 999 | U113: 升级右列特戒需要的材料 | V113: 击杀怪物获得 | W113: 34090001 | X113: fall_tejiejs_you | Y113: ain_effect_ziseguangzhu_85 | Z113: BK_J_zi | AA113: BK_D_zi
A114: =30000000+INDEX(编号表!$B:$B,MATCH(F114,编号表!$A:$A,0))*10000+D114 -> 30090002 | B114: 玄晶 | C114: 紫色 | D114: 2 | E114: 60 | F114: 特戒 | G114: 大类_基础 | H114: 子类_贵重品 | I114: 0 | J114: 特戒 | L114: 60000 | M114: 否 | O114: 1 | P114: 无 | Q114: 999 | U114: 升级特戒需要的材料 | V114: 击杀怪物获得 | W114: 34090002 | X114: fall_tejiejs_xuanjing | Y114: ain_effect_ziseguangzhu_85 | Z114: BK_J_zi | AA114: BK_D_zi
A115: =30000000+INDEX(编号表!$B:$B,MATCH(F115,编号表!$A:$A,0))*10000+D115 -> 30090003 | B115: 时空晶石 | C115: 紫色 | D115: 3 | E115: 60 | F115: 特戒 | G115: 大类_基础 | H115: 子类_贵重品 | I115: 0 | J115: 特戒 | L115: 60000 | M115: 否 | O115: 1 | P115: 无 | Q115: 999 | U115: 升级特戒需要的材料 | V115: 击杀怪物获得 | W115: 34090003 | X115: fall_tejiejs_shikong | Y115: ain_effect_ziseguangzhu_85 | Z115: BK_J_zi | AA115: BK_D_zi
A116: =30000000+INDEX(编号表!$B:$B,MATCH(F116,编号表!$A:$A,0))*10000+D116 -> 30090004 | B116: 金刚晶石 | C116: 紫色 | D116: 4 | E116: 60 | F116: 特戒 | G116: 大类_基础 | H116: 子类_贵重品 | I116: 1 | J116: 特戒 | L116: 60000 | M116: 否 | O116: 1 | P116: 无 | Q116: 999 | U116: 升级特戒需要的材料 | V116: 击杀怪物获得 | W116: 34090004 | X116: fall_tejiejs_jingang | Y116: ain_effect_ziseguangzhu_85 | Z116: BK_J_zi | AA116: BK_D_zi
A117: =30000000+INDEX(编号表!$B:$B,MATCH(F117,编号表!$A:$A,0))*10000+D117 -> 30090005 | B117: 魔法晶石 | C117: 紫色 | D117: 5 | E117: 60 | F117: 特戒 | G117: 大类_基础 | H117: 子类_贵重品 | I117: 1 | J117: 特戒 | L117: 60000 | M117: 否 | O117: 1 | P117: 无 | Q117: 999 | U117: 升级特戒需要的材料 | V117: 击杀怪物获得 | W117: 34090005 | X117: fall_tejiejs_mofa | Y117: ain_effect_ziseguangzhu_85 | Z117: BK_J_zi | AA117: BK_D_zi
A118: =30000000+INDEX(编号表!$B:$B,MATCH(F118,编号表!$A:$A,0))*10000+D118 -> 30090006 | B118: 生命晶石 | C118: 紫色 | D118: 6 | E118: 60 | F118: 特戒 | G118: 大类_基础 | H118: 子类_贵重品 | I118: 1 | J118: 特戒 | L118: 60000 | M118: 否 | O118: 1 | P118: 无 | Q118: 999 | U118: 升级特戒需要的材料 | V118: 击杀怪物获得 | W118: 34090006 | X118: fall_tejiejs_shengming | Y118: ain_effect_ziseguangzhu_85 | Z118: BK_J_zi | AA118: BK_D_zi
A119: =30000000+INDEX(编号表!$B:$B,MATCH(F119,编号表!$A:$A,0))*10000+D119 -> 30090007 | B119: 穿透晶石 | C119: 紫色 | D119: 7 | E119: 60 | F119: 特戒 | G119: 大类_基础 | H119: 子类_贵重品 | I119: 1 | J119: 特戒 | L119: 60000 | M119: 否 | O119: 1 | P119: 无 | Q119: 999 | U119: 升级特戒需要的材料 | V119: 击杀怪物获得 | W119: 34090007 | X119: fall_tejiejs_chuantou | Y119: ain_effect_ziseguangzhu_85 | Z119: BK_J_zi | AA119: BK_D_zi
A120: =30000000+INDEX(编号表!$B:$B,MATCH(F120,编号表!$A:$A,0))*10000+D120 -> 30090008 | B120: 元素晶石 | C120: 紫色 | D120: 8 | E120: 60 | F120: 特戒 | G120: 大类_基础 | H120: 子类_贵重品 | I120: 1 | J120: 特戒 | L120: 60000 | M120: 否 | O120: 1 | P120: 无 | Q120: 999 | U120: 升级特戒需要的材料 | V120: 击杀怪物获得 | W120: 34090008 | X120: fall_tejiejs_yuansu | Y120: ain_effect_ziseguangzhu_85 | Z120: BK_J_zi | AA120: BK_D_zi
A121: =30000000+INDEX(编号表!$B:$B,MATCH(F121,编号表!$A:$A,0))*10000+D121 -> 30090009 | B121: 雷霆晶石 | C121: 紫色 | D121: 9 | E121: 60 | F121: 特戒 | G121: 大类_基础 | H121: 子类_贵重品 | I121: 1 | J121: 特戒 | L121: 60000 | M121: 否 | O121: 1 | P121: 无 | Q121: 999 | U121: 升级特戒需要的材料 | V121: 击杀怪物获得 | W121: 34090009 | X121: fall_tejiejs_leiting | Y121: ain_effect_ziseguangzhu_85 | Z121: BK_J_zi | AA121: BK_D_zi
A122: =30000000+INDEX(编号表!$B:$B,MATCH(F122,编号表!$A:$A,0))*10000+D122 -> 30090010 | B122: 不死晶石 | C122: 紫色 | D122: 10 | E122: 60 | F122: 特戒 | G122: 大类_基础 | H122: 子类_贵重品 | I122: 1 | J122: 特戒 | L122: 60000 | M122: 否 | O122: 1 | P122: 无 | Q122: 999 | U122: 升级特戒需要的材料 | V122: 击杀怪物获得 | W122: 34090010 | X122: fall_tejiejs_busi | Y122: ain_effect_ziseguangzhu_85 | Z122: BK_J_zi | AA122: BK_D_zi
A123: =30000000+INDEX(编号表!$B:$B,MATCH(F123,编号表!$A:$A,0))*10000+D123 -> 30090011 | B123: 疾风晶石 | C123: 紫色 | D123: 11 | E123: 60 | F123: 特戒 | G123: 大类_基础 | H123: 子类_贵重品 | I123: 1 | J123: 特戒 | L123: 60000 | M123: 否 | O123: 1 | P123: 无 | Q123: 999 | U123: 升级特戒需要的材料 | V123: 击杀怪物获得 | W123: 34090011 | X123: fall_tejiejs_jifeng | Y123: ain_effect_ziseguangzhu_85 | Z123: BK_J_zi | AA123: BK_D_zi
...

Sheet 编号表
A1: 内部名 | B1: 编号 | C1: 物编编号 | D1: 颜色 | E1: 编号 | G1: 从左数起
A2: 货币 | B2: 1 | C2: A | D2: 白色 | E2: 1 | G2: 第1位 | H2: 固定为3表示物品
A3: 技能 | B3: 2 | C3: B | D3: 绿色 | E3: 2 | G3: 第2位 | H3: 分大类
A4: 经验 | B4: 3 | C4: C | D4: 蓝色 | E4: 3 | G4: 第3位
A5: 强化 | B5: 4 | C5: D | D5: 紫色 | E5: 4 | G5: 第4位
A6: 药品 | B6: 5 | C6: E | D6: 橙色 | E6: 5 | G6: 第5位 | H6: 本分类下的序号
A7: 任务 | B7: 6 | D7: 红色 | E7: 6 | G7: 第6位
A8: 铭文 | B8: 7 | E8: 7 | G8: 第7位
A9: 外观 | B9: 8 | E9: 8 | G9: 第8位
A10: 特戒 | B10: 9 | E10: 9
B11: 10
B12: 11
B13: 12
B14: 13 | G14: 新物品ID编号计算规则=30000000+@INDEX(编号表!$B:$B,MATCH(C3,编号表!$A:$A,0))*10000+E3
B15: 14 | G15: 改动原因：因为现在的道具配置之后，品质有改动的可能，因此暂时把品质对ID的影响取消掉。
B16: 15
B17: 16
B18: 17
B19: 18
B20: 19
D22: 道具ID必须下拉，使用公式自动生成ID！！！

Sheet 更新说明
A1: 版本 | B1: 说明
A2: 1.12 | B2: 物品编号从2开头七位改为3开头8位 增加光柱配置
A3: 1.13 | B3: 掉落模型
A4: 1.14 | B4: 新增0显示分类DisplayType纯TIPS上显示用
A5: 1.15 | B5: 更新编号规则，增加颜色对应的品质，对应改物品ID
A6: 1.16 | B6: 更新图标
A7: 1.17 | B7: 新增血药蓝药对应功能ID配置
A8: 1.18 | B8: 新增小极品打造相关道具
A9: 1.19 | B9: 给小极品打造道具配置图标，临时使用
A10: 1.2 | B10: 新增双加药
A11: 1.21 | B11: 新增多种金币和灵符道具，打开获得的数量不同。同时更新道具描述
A12: 1.22 | B12: 更新掉落物，物品ID增加格式，重复显示红色
A13: 1.23 | B13: 新增静态边框和动态边框的配置项
A14: 1.24 | B14: 新增铭文ICON编号和对应掉落物模型，修改34040043为道神纹
A15: 1.25
A16: 1.26 | B16: 编号里新增了一类任务，对应新增的任务物品的大类颜色和序号都改了，对应物品的ID也变了
A17: 1.27 | B17: 对ID规则进行改动，在ID编号的计算中删掉了品质的影响。铭文使用新的ID计算规则计算，其他的老物品ID不变，删掉ID编号规则，直接粘贴老的ID | E17: 新物品ID编号计算规则=30000000+@INDEX(编号表!$B:$B,MATCH(C3,编号表!$A:$A,0))*10000+E3
A18: 1.28 | B18: 新增一类外观道具
A19: 1.29
A20: 1.3
A21: 1.31
A22: 1.32
A23: 1.33
A24: 1.34
