Workbook
Name 阵营: [1]名称表!$H$2:$H$9
Name 怪物类型: [1]名称表!$A$3:$A$26
Name 说明: [2]名称表!$A$3:$A$26

Sheet ConfigRefreshMonster
A1: 编号 | B1: 场景名称 | C1: 怪物类型 | D1: 怪物数量 | E1: 说明 | F1: 刷新位置 | G1: 怪物1配置ID | H1: 怪物1数量 | I1: 怪物2配置ID | J1: 怪物2数量 | K1: 怪物3配置ID | L1: 怪物3数量 | M1: 怪物4配置ID | N1: 怪物4数量 | O1: 怪物5配置ID | P1: 怪物5数量 | Q1: 怪物6配置ID | R1: 怪物6数量 | S1: 怪物7配置ID | T1: 怪物7数量 | U1: 怪物8配置ID | V1: 怪物8数量 | W1: 怪物9配置ID | X1: 怪物9数量 | Y1: 怪物10配置ID | Z1: 怪物10数量
A2: config_id | F2: position | G2: MonsterID1 | H2: MonsterCount1 | I2: MonsterID2 | J2: MonsterCount2 | K2: MonsterID3 | L2: MonsterCount3 | M2: MonsterID4 | N2: MonsterCount4 | O2: MonsterID5 | P2: MonsterCount5 | Q2: MonsterID6 | R2: MonsterCount6 | S2: MonsterID7 | T2: MonsterCount7 | U2: MonsterID8 | V2: MonsterCount8 | W2: MonsterID9 | X2: MonsterCount9 | Y2: MonsterID10 | Z2: MonsterCount10
A3: =1000000+INDEX(编号表!$B:$B,MATCH(B3,编号表!$A:$A,0))*1000+INDEX(编号表!$D:$D,MATCH(C3,编号表!$C:$C,0))*100+D3 -> 1001001 | B3: 银杏渔村 | C3: BOSS | D3: 1 | E3: 一个BOSS，数量表示不同BOSS | F3: 区域中心 | G3: 60011000 | H3: 1
A4: =1000000+INDEX(编号表!$B:$B,MATCH(B4,编号表!$A:$A,0))*1000+INDEX(编号表!$D:$D,MATCH(C4,编号表!$C:$C,0))*100+D4 -> 1001002 | B4: 银杏渔村 | C4: BOSS | D4: 2 | E4: 一个BOSS，数量表示不同BOSS | F4: 区域中心 | G4: 60011001 | H4: 2
A5: =1000000+INDEX(编号表!$B:$B,MATCH(B5,编号表!$A:$A,0))*1000+INDEX(编号表!$D:$D,MATCH(C5,编号表!$C:$C,0))*100+D5 -> 1001003 | B5: 银杏渔村 | C5: BOSS | D5: 3 | E5: 一个BOSS，数量表示不同BOSS | F5: 区域中心 | G5: 60011002 | H5: 3
A6: =1000000+INDEX(编号表!$B:$B,MATCH(B6,编号表!$A:$A,0))*1000+INDEX(编号表!$D:$D,MATCH(C6,编号表!$C:$C,0))*100+D6 -> 1001004 | B6: 银杏渔村 | C6: BOSS | D6: 4 | E6: 一个BOSS，数量表示不同BOSS | F6: 区域中心 | G6: 60014001 | H6: 1
A7: =1000000+INDEX(编号表!$B:$B,MATCH(B7,编号表!$A:$A,0))*1000+INDEX(编号表!$D:$D,MATCH(C7,编号表!$C:$C,0))*100+D7 -> 1001005 | B7: 银杏渔村 | C7: BOSS | D7: 5 | E7: 一个BOSS，数量表示不同BOSS | F7: 区域中心 | G7: 60014002 | H7: 1
A8: =1000000+INDEX(编号表!$B:$B,MATCH(B8,编号表!$A:$A,0))*1000+INDEX(编号表!$D:$D,MATCH(C8,编号表!$C:$C,0))*100+D8 -> 1001101 | B8: 银杏渔村 | C8: 精英 | D8: 1 | E8: 一个精英，数量表示不同精英 | F8: 区域中心 | G8: 60011003 | H8: 1
A9: =1000000+INDEX(编号表!$B:$B,MATCH(B9,编号表!$A:$A,0))*1000+INDEX(编号表!$D:$D,MATCH(C9,编号表!$C:$C,0))*100+D9 -> 1001201 | B9: 银杏渔村 | C9: 小怪0 | D9: =H9+J9+L9+N9+P9+R9+T9+V9+X9+Z9 -> 1 | E9: 鸡 | F9: 区域随机 | G9: 60011000 | H9: 1
A10: =1000000+INDEX(编号表!$B:$B,MATCH(B10,编号表!$A:$A,0))*1000+INDEX(编号表!$D:$D,MATCH(C10,编号表!$C:$C,0))*100+D10 -> 1001301 | B10: 银杏渔村 | C10: 小怪1 | D10: =H10+J10+L10+N10+P10+R10+T10+V10+X10+Z10 -> 1 | E10: 鹿 | F10: 区域随机 | G10: 60011001 | H10: 1
A11: =1000000+INDEX(编号表!$B:$B,MATCH(B11,编号表!$A:$A,0))*1000+INDEX(编号表!$D:$D,MATCH(C11,编号表!$C:$C,0))*100+D11 -> 1001401 | B11: 银杏渔村 | C11: 小怪2 | D11: =H11+J11+L11+N11+P11+R11+T11+V11+X11+Z11 -> 1 | E11: 羊 | F11: 区域随机 | G11: 60011002 | H11: 1
A12: =1000000+INDEX(编号表!$B:$B,MATCH(B12,编号表!$A:$A,0))*1000+INDEX(编号表!$D:$D,MATCH(C12,编号表!$C:$C,0))*100+D12 -> 1001501 | B12: 银杏渔村 | C12: 小怪3 | D12: =H12+J12+L12+N12+P12+R12+T12+V12+X12+Z12 -> 1 | E12: 稻草人 | F12: 区域随机 | G12: 60011003 | H12: 1
A13: =1000000+INDEX(编号表!$B:$B,MATCH(B13,编号表!$A:$A,0))*1000+INDEX(编号表!$D:$D,MATCH(C13,编号表!$C:$C,0))*100+D13 -> 1001601 | B13: 银杏渔村 | C13: 小怪4 | D13: =H13+J13+L13+N13+P13+R13+T13+V13+X13+Z13 -> 1 | E13: 蛤蟆 | F13: 区域随机 | G13: 60011004 | H13: 1
A14: =1000000+INDEX(编号表!$B:$B,MATCH(B14,编号表!$A:$A,0))*1000+INDEX(编号表!$D:$D,MATCH(C14,编号表!$C:$C,0))*100+D14 -> 1001202 | B14: 银杏渔村 | C14: 小怪0 | D14: =H14+J14+L14+N14+P14+R14+T14+V14+X14+Z14 -> 2 | E14: NPC鸡 | F14: 区域随机 | G14: 60011020 | H14: 2
A15: =1000000+INDEX(编号表!$B:$B,MATCH(B15,编号表!$A:$A,0))*1000+INDEX(编号表!$D:$D,MATCH(C15,编号表!$C:$C,0))*100+D15 -> 1001302 | B15: 银杏渔村 | C15: 小怪1 | D15: =H15+J15+L15+N15+P15+R15+T15+V15+X15+Z15 -> 2 | E15: 鹿 | F15: 区域随机 | G15: 60011001 | H15: 2
A16: =1000000+INDEX(编号表!$B:$B,MATCH(B16,编号表!$A:$A,0))*1000+INDEX(编号表!$D:$D,MATCH(C16,编号表!$C:$C,0))*100+D16 -> 1001402 | B16: 银杏渔村 | C16: 小怪2 | D16: =H16+J16+L16+N16+P16+R16+T16+V16+X16+Z16 -> 2 | E16: 羊 | F16: 区域随机 | G16: 60011002 | H16: 2
A17: =1000000+INDEX(编号表!$B:$B,MATCH(B17,编号表!$A:$A,0))*1000+INDEX(编号表!$D:$D,MATCH(C17,编号表!$C:$C,0))*100+D17 -> 1001502 | B17: 银杏渔村 | C17: 小怪3 | D17: =H17+J17+L17+N17+P17+R17+T17+V17+X17+Z17 -> 2 | E17: 稻草人 | F17: 区域随机 | G17: 60011003 | H17: 2
A18: =1000000+INDEX(编号表!$B:$B,MATCH(B18,编号表!$A:$A,0))*1000+INDEX(编号表!$D:$D,MATCH(C18,编号表!$C:$C,0))*100+D18 -> 1001602 | B18: 银杏渔村 | C18: 小怪4 | D18: =H18+J18+L18+N18+P18+R18+T18+V18+X18+Z18 -> 2 | E18: 蛤蟆 | F18: 区域随机 | G18: 60011004 | H18: 2
A19: =1000000+INDEX(编号表!$B:$B,MATCH(B19,编号表!$A:$A,0))*1000+INDEX(编号表!$D:$D,MATCH(C19,编号表!$C:$C,0))*100+D19 -> 1001203 | B19: 银杏渔村 | C19: 小怪0 | D19: =H19+J19+L19+N19+P19+R19+T19+V19+X19+Z19 -> 3 | E19: 鸡 | F19: 区域随机 | G19: 60011000 | H19: 3
A20: =1000000+INDEX(编号表!$B:$B,MATCH(B20,编号表!$A:$A,0))*1000+INDEX(编号表!$D:$D,MATCH(C20,编号表!$C:$C,0))*100+D20 -> 1001303 | B20: 银杏渔村 | C20: 小怪1 | D20: =H20+J20+L20+N20+P20+R20+T20+V20+X20+Z20 -> 3 | E20: 鹿 | F20: 区域随机 | G20: 60011001 | H20: 3
... A38: =1000000+INDEX(编号表!$B:$B,MATCH(B38,编号表!$A:$A,0))*1000+INDEX(编号表!$D:$D,MATCH(C38,编号表!$C:$C,0))*100+D38 -> 1001615 | B38: 银杏渔村 | C38: 小怪4 | D38: =H38+J38+L38+N38+P38+R38+T38+V38+X38+Z38 -> 15 | E38: 蛤蟆 | F38: 区域随机 | G38: 60011004 | H38: 15
A39: =1000000+INDEX(编号表!$B:$B,MATCH(B39,编号表!$A:$A,0))*1000+INDEX(编号表!$D:$D,MATCH(C39,编号表!$C:$C,0))*100+D39 -> 1002001 | B39: 比奇城 | C39: BOSS | D39: 1 | E39: 本图1个BOSS | F39: 区域中心 | G39: 60014001 | H39: 1
A40: =1000000+INDEX(编号表!$B:$B,MATCH(B40,编号表!$A:$A,0))*1000+INDEX(编号表!$D:$D,MATCH(C40,编号表!$C:$C,0))*100+D40 -> 1002101 | B40: 比奇城 | C40: 精英 | D40: 1 | E40: 一个精英，数量表示不同精英 | F40: 区域中心 | G40: 60012000 | H40: 1
A41: =1000000+INDEX(编号表!$B:$B,MATCH(B41,编号表!$A:$A,0))*1000+INDEX(编号表!$D:$D,MATCH(C41,编号表!$C:$C,0))*100+D41 -> 1002102 | B41: 比奇城 | C41: 精英 | D41: 2 | E41: 一个精英，数量表示不同精英 | F41: 区域中心 | G41: 60012001 | H41: 1
A42: =1000000+INDEX(编号表!$B:$B,MATCH(B42,编号表!$A:$A,0))*1000+INDEX(编号表!$D:$D,MATCH(C42,编号表!$C:$C,0))*100+D42 -> 1002103 | B42: 比奇城 | C42: 精英 | D42: 3 | E42: 一个精英，数量表示不同精英 | F42: 区域中心 | G42: 60012002 | H42: 1
A43: =1000000+INDEX(编号表!$B:$B,MATCH(B43,编号表!$A:$A,0))*1000+INDEX(编号表!$D:$D,MATCH(C43,编号表!$C:$C,0))*100+D43 -> 1002104 | B43: 比奇城 | C43: 精英 | D43: 4 | E43: 一个精英，数量表示不同精英 | F43: 区域中心 | G43: 60012003 | H43: 1
A44: =1000000+INDEX(编号表!$B:$B,MATCH(B44,编号表!$A:$A,0))*1000+INDEX(编号表!$D:$D,MATCH(C44,编号表!$C:$C,0))*100+D44 -> 1002105 | B44: 比奇城 | C44: 精英 | D44: 5 | E44: 一个精英，数量表示不同精英 | F44: 区域中心 | G44: 60012004 | H44: 1
A45: =1000000+INDEX(编号表!$B:$B,MATCH(B45,编号表!$A:$A,0))*1000+INDEX(编号表!$D:$D,MATCH(C45,编号表!$C:$C,0))*100+D45 -> 1002301 | B45: 比奇城 | C45: 小怪1 | D45: 1 | E45: 比奇城内鸡4 | F45: 区域随机 | G45: 60011020 | H45: 4
A46: =1000000+INDEX(编号表!$B:$B,MATCH(B46,编号表!$A:$A,0))*1000+INDEX(编号表!$D:$D,MATCH(C46,编号表!$C:$C,0))*100+D46 -> 1002302 | B46: 比奇城 | C46: 小怪1 | D46: 2 | E46: 鹿4只 | F46: 区域随机 | G46: 60011001 | H46: 1
A47: =1000000+INDEX(编号表!$B:$B,MATCH(B47,编号表!$A:$A,0))*1000+INDEX(编号表!$D:$D,MATCH(C47,编号表!$C:$C,0))*100+D47 -> 1002303 | B47: 比奇城 | C47: 小怪1 | D47: 3 | E47: 羊4只 | F47: 区域随机 | G47: 60011002 | H47: 1
A48: =1000000+INDEX(编号表!$B:$B,MATCH(B48,编号表!$A:$A,0))*1000+INDEX(编号表!$D:$D,MATCH(C48,编号表!$C:$C,0))*100+D48 -> 1002304 | B48: 比奇城 | C48: 小怪1 | D48: 4 | E48: 稻草人4 | F48: 区域随机 | G48: 60011003 | H48: 1
A49: =1000000+INDEX(编号表!$B:$B,MATCH(B49,编号表!$A:$A,0))*1000+INDEX(编号表!$D:$D,MATCH(C49,编号表!$C:$C,0))*100+D49 -> 1002305 | B49: 比奇城 | C49: 小怪1 | D49: 5 | E49: 蛤蟆4 | F49: 区域随机 | G49: 60011004 | H49: 1
A50: =1000000+INDEX(编号表!$B:$B,MATCH(B50,编号表!$A:$A,0))*1000+INDEX(编号表!$D:$D,MATCH(C50,编号表!$C:$C,0))*100+D50 -> 1002306 | B50: 比奇城 | C50: 小怪1 | D50: 6 | E50: 多钩猫4 | F50: 区域随机 | G50: 60011005 | H50: 1
... A143: =1000000+INDEX(编号表!$B:$B,MATCH(B143,编号表!$A:$A,0))*1000+INDEX(编号表!$D:$D,MATCH(C143,编号表!$C:$C,0))*100+D143 -> 1003101 | B143: 兽人古墓一层 | C143: 精英 | D143: 1 | E143: 一个精英，数量表示不同精英 | F143: 区域中心 | G143: 60022000 | H143: 1
A144: =1000000+INDEX(编号表!$B:$B,MATCH(B144,编号表!$A:$A,0))*1000+INDEX(编号表!$D:$D,MATCH(C144,编号表!$C:$C,0))*100+D144 -> 1003201 | B144: 兽人古墓一层 | C144: 小怪0 | D144: =H144+J144+L144+N144+P144+R144+T144+V144+X144+Z144 -> 1 | E144: 山洞蝙蝠 | F144: 区域随机 | G144: 60021000 | H144: 1
A145: =1000000+INDEX(编号表!$B:$B,MATCH(B145,编号表!$A:$A,0))*1000+INDEX(编号表!$D:$D,MATCH(C145,编号表!$C:$C,0))*100+D145 -> 1003301 | B145: 兽人古墓一层 | C145: 小怪1 | D145: =H145+J145+L145+N145+P145+R145+T145+V145+X145+Z145 -> 1 | E145: 洞蛆 | F145: 区域随机 | G145: 60021001 | H145: 1
A146: =1000000+INDEX(编号表!$B:$B,MATCH(B146,编号表!$A:$A,0))*1000+INDEX(编号表!$D:$D,MATCH(C146,编号表!$C:$C,0))*100+D146 -> 1003401 | B146: 兽人古墓一层 | C146: 小怪2 | D146: =H146+J146+L146+N146+P146+R146+T146+V146+X146+Z146 -> 1 | E146: 骷髅 | F146: 区域随机 | G146: 60021002 | H146: 1
A147: =1000000+INDEX(编号表!$B:$B,MATCH(B147,编号表!$A:$A,0))*1000+INDEX(编号表!$D:$D,MATCH(C147,编号表!$C:$C,0))*100+D147 -> 1003501 | B147: 兽人古墓一层 | C147: 小怪3 | D147: =H147+J147+L147+N147+P147+R147+T147+V147+X147+Z147 -> 1 | E147: 骷髅战士 | F147: 区域随机 | G147: 60021003 | H147: 1
A148: =1000000+INDEX(编号表!$B:$B,MATCH(B148,编号表!$A:$A,0))*1000+INDEX(编号表!$D:$D,MATCH(C148,编号表!$C:$C,0))*100+D148 -> 1003601 | B148: 兽人古墓一层 | C148: 小怪4 | D148: =H148+J148+L148+N148+P148+R148+T148+V148+X148+Z148 -> 1 | E148: 骷髅战将 | F148: 区域随机 | G148: 60021004 | H148: 1
A149: =1000000+INDEX(编号表!$B:$B,MATCH(B149,编号表!$A:$A,0))*1000+INDEX(编号表!$D:$D,MATCH(C149,编号表!$C:$C,0))*100+D149 -> 1003202 | B149: 兽人古墓一层 | C149: 小怪0 | D149: =H149+J149+L149+N149+P149+R149+T149+V149+X149+Z149 -> 2 | E149: 山洞蝙蝠 | F149: 区域随机 | G149: 60021000 | H149: 2
A150: =1000000+INDEX(编号表!$B:$B,MATCH(B150,编号表!$A:$A,0))*1000+INDEX(编号表!$D:$D,MATCH(C150,编号表!$C:$C,0))*100+D150 -> 1003302 | B150: 兽人古墓一层 | C150: 小怪1 | D150: =H150+J150+L150+N150+P150+R150+T150+V150+X150+Z150 -> 2 | E150: 洞蛆 | F150: 区域随机 | G150: 60021001 | H150: 2
A151: =1000000+INDEX(编号表!$B:$B,MATCH(B151,编号表!$A:$A,0))*1000+INDEX(编号表!$D:$D,MATCH(C151,编号表!$C:$C,0))*100+D151 -> 1003402 | B151: 兽人古墓一层 | C151: 小怪2 | D151: =H151+J151+L151+N151+P151+R151+T151+V151+X151+Z151 -> 2 | E151: 骷髅 | F151: 区域随机 | G151: 60021002 | H151: 2
A152: =1000000+INDEX(编号表!$B:$B,MATCH(B152,编号表!$A:$A,0))*1000+INDEX(编号表!$D:$D,MATCH(C152,编号表!$C:$C,0))*100+D152 -> 1003502 | B152: 兽人古墓一层 | C152: 小怪3 | D152: =H152+J152+L152+N152+P152+R152+T152+V152+X152+Z152 -> 2 | E152: 骷髅战士 | F152: 区域随机 | G152: 60021003 | H152: 2
A153: =1000000+INDEX(编号表!$B:$B,MATCH(B153,编号表!$A:$A,0))*1000+INDEX(编号表!$D:$D,MATCH(C153,编号表!$C:$C,0))*100+D153 -> 1003602 | B153: 兽人古墓一层 | C153: 小怪4 | D153: =H153+J153+L153+N153+P153+R153+T153+V153+X153+Z153 -> 2 | E153: 骷髅战将 | F153: 区域随机 | G153: 60021004 | H153: 2
A154: =1000000+INDEX(编号表!$B:$B,MATCH(B154,编号表!$A:$A,0))*1000+INDEX(编号表!$D:$D,MATCH(C154,编号表!$C:$C,0))*100+D154 -> 1003203 | B154: 兽人古墓一层 | C154: 小怪0 | D154: =H154+J154+L154+N154+P154+R154+T154+V154+X154+Z154 -> 3 | E154: 山洞蝙蝠 | F154: 区域随机 | G154: 60021000 | H154: 3
A155: =1000000+INDEX(编号表!$B:$B,MATCH(B155,编号表!$A:$A,0))*1000+INDEX(编号表!$D:$D,MATCH(C155,编号表!$C:$C,0))*100+D155 -> 1003303 | B155: 兽人古墓一层 | C155: 小怪1 | D155: =H155+J155+L155+N155+P155+R155+T155+V155+X155+Z155 -> 3 | E155: 洞蛆 | F155: 区域随机 | G155: 60021001 | H155: 3
... A173: =1000000+INDEX(编号表!$B:$B,MATCH(B173,编号表!$A:$A,0))*1000+INDEX(编号表!$D:$D,MATCH(C173,编号表!$C:$C,0))*100+D173 -> 1003615 | B173: 兽人古墓一层 | C173: 小怪4 | D173: =H173+J173+L173+N173+P173+R173+T173+V173+X173+Z173 -> 15 | E173: 骷髅战将 | F173: 区域随机 | G173: 60021004 | H173: 15
A174: =1000000+INDEX(编号表!$B:$B,MATCH(B174,编号表!$A:$A,0))*1000+INDEX(编号表!$D:$D,MATCH(C174,编号表!$C:$C,0))*100+D174 -> 1004001 | B174: 兽人古墓二层 | C174: BOSS | D174: 1 | E174: 本图1个BOSS | F174: 区域中心 | G174: 60034000 | H174: 1
A175: =1000000+INDEX(编号表!$B:$B,MATCH(B175,编号表!$A:$A,0))*1000+INDEX(编号表!$D:$D,MATCH(C175,编号表!$C:$C,0))*100+D175 -> 1004101 | B175: 兽人古墓二层 | C175: 精英 | D175: 1 | E175: 一个精英，数量表示不同精英 | F175: 区域中心 | G175: 60032000 | H175: 1
A176: =1000000+INDEX(编号表!$B:$B,MATCH(B176,编号表!$A:$A,0))*1000+INDEX(编号表!$D:$D,MATCH(C176,编号表!$C:$C,0))*100+D176 -> 1004102 | B176: 兽人古墓二层 | C176: 精英 | D176: 2 | E176: 一个精英，数量表示不同精英 | F176: 区域中心 | G176: 60032001 | H176: 1
A177: =1000000+INDEX(编号表!$B:$B,MATCH(B177,编号表!$A:$A,0))*1000+INDEX(编号表!$D:$D,MATCH(C177,编号表!$C:$C,0))*100+D177 -> 1004201 | B177: 兽人古墓二层 | C177: 小怪0 | D177: =H177+J177+L177+N177+P177+R177+T177+V177+X177+Z177 -> 1 | E177: 山洞蝙蝠 | F177: 区域随机 | G177: 60031000 | H177: 1
A178: =1000000+INDEX(编号表!$B:$B,MATCH(B178,编号表!$A:$A,0))*1000+INDEX(编号表!$D:$D,MATCH(C178,编号表!$C:$C,0))*100+D178 -> 1004301 | B178: 兽人古墓二层 | C178: 小怪1 | D178: =H178+J178+L178+N178+P178+R178+T178+V178+X178+Z178 -> 1 | E178: 骷髅 | F178: 区域随机 | G178: 60031001 | H178: 1
A179: =1000000+INDEX(编号表!$B:$B,MATCH(B179,编号表!$A:$A,0))*1000+INDEX(编号表!$D:$D,MATCH(C179,编号表!$C:$C,0))*100+D179 -> 1004401 | B179: 兽人古墓二层 | C179: 小怪2 | D179: =H179+J179+L179+N179+P179+R179+T179+V179+X179+Z179 -> 1 | E179: 骷髅战士 | F179: 区域随机 | G179: 60031002 | H179: 1
A180: =1000000+INDEX(编号表!$B:$B,MATCH(B180,编号表!$A:$A,0))*1000+INDEX(编号表!$D:$D,MATCH(C180,编号表!$C:$C,0))*100+D180 -> 1004501 | B180: 兽人古墓二层 | C180: 小怪3 | D180: =H180+J180+L180+N180+P180+R180+T180+V180+X180+Z180 -> 1 | E180: 骷髅战将 | F180: 区域随机 | G180: 60031003 | H180: 1
A181: =1000000+INDEX(编号表!$B:$B,MATCH(B181,编号表!$A:$A,0))*1000+INDEX(编号表!$D:$D,MATCH(C181,编号表!$C:$C,0))*100+D181 -> 1004601 | B181: 兽人古墓二层 | C181: 小怪4 | D181: =H181+J181+L181+N181+P181+R181+T181+V181+X181+Z181 -> 1 | E181: 掷斧骷髅 | F181: 区域随机 | G181: 60031004 | H181: 1
A182: =1000000+INDEX(编号表!$B:$B,MATCH(B182,编号表!$A:$A,0))*1000+INDEX(编号表!$D:$D,MATCH(C182,编号表!$C:$C,0))*100+D182 -> 1004701 | B182: 兽人古墓二层 | C182: 小怪5 | D182: =H182+J182+L182+N182+P182+R182+T182+V182+X182+Z182 -> 1 | E182: 骷髅精灵 | F182: 区域随机 | G182: 60031005 | H182: 1
A183: =1000000+INDEX(编号表!$B:$B,MATCH(B183,编号表!$A:$A,0))*1000+INDEX(编号表!$D:$D,MATCH(C183,编号表!$C:$C,0))*100+D183 -> 1004202 | B183: 兽人古墓二层 | C183: 小怪0 | D183: =H183+J183+L183+N183+P183+R183+T183+V183+X183+Z183 -> 2 | E183: 山洞蝙蝠 | F183: 区域随机 | G183: 60031000 | H183: 2
A184: =1000000+INDEX(编号表!$B:$B,MATCH(B184,编号表!$A:$A,0))*1000+INDEX(编号表!$D:$D,MATCH(C184,编号表!$C:$C,0))*100+D184 -> 1004302 | B184: 兽人古墓二层 | C184: 小怪1 | D184: =H184+J184+L184+N184+P184+R184+T184+V184+X184+Z184 -> 2 | E184: 骷髅 | F184: 区域随机 | G184: 60031001 | H184: 2
A185: =1000000+INDEX(编号表!$B:$B,MATCH(B185,编号表!$A:$A,0))*1000+INDEX(编号表!$D:$D,MATCH(C185,编号表!$C:$C,0))*100+D185 -> 1004402 | B185: 兽人古墓二层 | C185: 小怪2 | D185: =H185+J185+L185+N185+P185+R185+T185+V185+X185+Z185 -> 2 | E185: 骷髅战士 | F185: 区域随机 | G185: 60031002 | H185: 2
A186: =1000000+INDEX(编号表!$B:$B,MATCH(B186,编号表!$A:$A,0))*1000+INDEX(编号表!$D:$D,MATCH(C186,编号表!$C:$C,0))*100+D186 -> 1004502 | B186: 兽人古墓二层 | C186: 小怪3 | D186: =H186+J186+L186+N186+P186+R186+T186+V186+X186+Z186 -> 2 | E186: 骷髅战将 | F186: 区域随机 | G186: 60031003 | H186: 2
A187: =1000000+INDEX(编号表!$B:$B,MATCH(B187,编号表!$A:$A,0))*1000+INDEX(编号表!$D:$D,MATCH(C187,编号表!$C:$C,0))*100+D187 -> 1004602 | B187: 兽人古墓二层 | C187: 小怪4 | D187: =H187+J187+L187+N187+P187+R187+T187+V187+X187+Z187 -> 2 | E187: 掷斧骷髅 | F187: 区域随机 | G187: 60031004 | H187: 2
A188: =1000000+INDEX(编号表!$B:$B,MATCH(B188,编号表!$A:$A,0))*1000+INDEX(编号表!$D:$D,MATCH(C188,编号表!$C:$C,0))*100+D188 -> 1004702 | B188: 兽人古墓二层 | C188: 小怪5 | D188: =H188+J188+L188+N188+P188+R188+T188+V188+X188+Z188 -> 2 | E188: 骷髅精灵 | F188: 区域随机 | G188: 60031005 | H188: 2
... A212: =1000000+INDEX(编号表!$B:$B,MATCH(B212,编号表!$A:$A,0))*1000+INDEX(编号表!$D:$D,MATCH(C212,编号表!$C:$C,0))*100+D212 -> 1004715 | B212: 兽人古墓二层 | C212: 小怪5 | D212: =H212+J212+L212+N212+P212+R212+T212+V212+X212+Z212 -> 15 | E212: 骷髅精灵 | F212: 区域随机 | G212: 60031005 | H212: 15
A213: =1000000+INDEX(编号表!$B:$B,MATCH(B213,编号表!$A:$A,0))*1000+INDEX(编号表!$D:$D,MATCH(C213,编号表!$C:$C,0))*100+D213 -> 1005001 | B213: 国王陵墓 | C213: BOSS | D213: 1 | E213: 一个BOSS，数量表示不同BOSS | F213: 区域中心 | G213: 60044000 | H213: 1
A214: =1000000+INDEX(编号表!$B:$B,MATCH(B214,编号表!$A:$A,0))*1000+INDEX(编号表!$D:$D,MATCH(C214,编号表!$C:$C,0))*100+D214 -> 1005002 | B214: 国王陵墓 | C214: BOSS | D214: 2 | E214: 一个BOSS，数量表示不同BOSS | F214: 区域中心 | G214: 60044001 | H214: 1
A215: =1000000+INDEX(编号表!$B:$B,MATCH(B215,编号表!$A:$A,0))*1000+INDEX(编号表!$D:$D,MATCH(C215,编号表!$C:$C,0))*100+D215 -> 1005101 | B215: 国王陵墓 | C215: 精英 | D215: 1 | E215: 一个精英，数量表示不同精英 | F215: 区域中心 | G215: 60042000 | H215: 1
A216: =1000000+INDEX(编号表!$B:$B,MATCH(B216,编号表!$A:$A,0))*1000+INDEX(编号表!$D:$D,MATCH(C216,编号表!$C:$C,0))*100+D216 -> 1005201 | B216: 国王陵墓 | C216: 小怪0 | D216: =H216+J216+L216+N216+P216+R216+T216+V216+X216+Z216 -> 1 | E216: 额外新增怪A | F216: 区域随机 | G216: 60041000 | H216: 1
A217: =1000000+INDEX(编号表!$B:$B,MATCH(B217,编号表!$A:$A,0))*1000+INDEX(编号表!$D:$D,MATCH(C217,编号表!$C:$C,0))*100+D217 -> 1005301 | B217: 国王陵墓 | C217: 小怪1 | D217: =H217+J217+L217+N217+P217+R217+T217+V217+X217+Z217 -> 1 | E217: 额外新增怪B | F217: 区域随机 | G217: 60041001 | H217: 1
A218: =1000000+INDEX(编号表!$B:$B,MATCH(B218,编号表!$A:$A,0))*1000+INDEX(编号表!$D:$D,MATCH(C218,编号表!$C:$C,0))*100+D218 -> 1005401 | B218: 国王陵墓 | C218: 小怪2 | D218: =H218+J218+L218+N218+P218+R218+T218+V218+X218+Z218 -> 1 | E218: 额外新增怪C | F218: 区域随机 | G218: 60041002 | H218: 1
A219: =1000000+INDEX(编号表!$B:$B,MATCH(B219,编号表!$A:$A,0))*1000+INDEX(编号表!$D:$D,MATCH(C219,编号表!$C:$C,0))*100+D219 -> 1005202 | B219: 国王陵墓 | C219: 小怪0 | D219: =H219+J219+L219+N219+P219+R219+T219+V219+X219+Z219 -> 2 | E219: 额外新增怪A | F219: 区域随机 | G219: 60041000 | H219: 2
A220: =1000000+INDEX(编号表!$B:$B,MATCH(B220,编号表!$A:$A,0))*1000+INDEX(编号表!$D:$D,MATCH(C220,编号表!$C:$C,0))*100+D220 -> 1005302 | B220: 国王陵墓 | C220: 小怪1 | D220: =H220+J220+L220+N220+P220+R220+T220+V220+X220+Z220 -> 2 | E220: 额外新增怪B | F220: 区域随机 | G220: 60041001 | H220: 2
A221: =1000000+INDEX(编号表!$B:$B,MATCH(B221,编号表!$A:$A,0))*1000+INDEX(编号表!$D:$D,MATCH(C221,编号表!$C:$C,0))*100+D221 -> 1005402 | B221: 国王陵墓 | C221: 小怪2 | D221: =H221+J221+L221+N221+P221+R221+T221+V221+X221+Z221 -> 2 | E221: 额外新增怪C | F221: 区域随机 | G221: 60041002 | H221: 2
A222: =1000000+INDEX(编号表!$B:$B,MATCH(B222,编号表!$A:$A,0))*1000+INDEX(编号表!$D:$D,MATCH(C222,编号表!$C:$C,0))*100+D222 -> 1005203 | B222: 国王陵墓 | C222: 小怪0 | D222: =H222+J222+L222+N222+P222+R222+T222+V222+X222+Z222 -> 3 | E222: 额外新增怪A | F222: 区域随机 | G222: 60041000 | H222: 3
A223: =1000000+INDEX(编号表!$B:$B,MATCH(B223,编号表!$A:$A,0))*1000+INDEX(编号表!$D:$D,MATCH(C223,编号表!$C:$C,0))*100+D223 -> 1005303 | B223: 国王陵墓 | C223: 小怪1 | D223: =H223+J223+L223+N223+P223+R223+T223+V223+X223+Z223 -> 3 | E223: 额外新增怪B | F223: 区域随机 | G223: 60041001 | H223: 3
A224: =1000000+INDEX(编号表!$B:$B,MATCH(B224,编号表!$A:$A,0))*1000+INDEX(编号表!$D:$D,MATCH(C224,编号表!$C:$C,0))*100+D224 -> 1005403 | B224: 国王陵墓 | C224: 小怪2 | D224: =H224+J224+L224+N224+P224+R224+T224+V224+X224+Z224 -> 3 | E224: 额外新增怪C | F224: 区域随机 | G224: 60041002 | H224: 3
A225: =1000000+INDEX(编号表!$B:$B,MATCH(B225,编号表!$A:$A,0))*1000+INDEX(编号表!$D:$D,MATCH(C225,编号表!$C:$C,0))*100+D225 -> 1005205 | B225: 国王陵墓 | C225: 小怪0 | D225: =H225+J225+L225+N225+P225+R225+T225+V225+X225+Z225 -> 5 | E225: 额外新增怪A | F225: 区域随机 | G225: 60041000 | H225: 5
A226: =1000000+INDEX(编号表!$B:$B,MATCH(B226,编号表!$A:$A,0))*1000+INDEX(编号表!$D:$D,MATCH(C226,编号表!$C:$C,0))*100+D226 -> 1005305 | B226: 国王陵墓 | C226: 小怪1 | D226: =H226+J226+L226+N226+P226+R226+T226+V226+X226+Z226 -> 5 | E226: 额外新增怪B | F226: 区域随机 | G226: 60041001 | H226: 5
A227: =1000000+INDEX(编号表!$B:$B,MATCH(B227,编号表!$A:$A,0))*1000+INDEX(编号表!$D:$D,MATCH(C227,编号表!$C:$C,0))*100+D227 -> 1005405 | B227: 国王陵墓 | C227: 小怪2 | D227: =H227+J227+L227+N227+P227+R227+T227+V227+X227+Z227 -> 5 | E227: 额外新增怪C | F227: 区域随机 | G227: 60041002 | H227: 5
... A230: =1000000+INDEX(编号表!$B:$B,MATCH(B230,编号表!$A:$A,0))*1000+INDEX(编号表!$D:$D,MATCH(C230,编号表!$C:$C,0))*100+D230 -> 1005410 | B230: 国王陵墓 | C230: 小怪2 | D230: =H230+J230+L230+N230+P230+R230+T230+V230+X230+Z230 -> 10 | E230: 额外新增怪C | F230: 区域随机 | G230: 60041002 | H230: 10
A231: =1000000+INDEX(编号表!$B:$B,MATCH(B231,编号表!$A:$A,0))*1000+INDEX(编号表!$D:$D,MATCH(C231,编号表!$C:$C,0))*100+D231 -> 1006001 | B231: 废矿区东部 | C231: BOSS | D231: 1 | E231: 一个BOSS，数量表示不同BOSS | F231: 区域中心 | G231: 60054000 | H231: 1
A232: =1000000+INDEX(编号表!$B:$B,MATCH(B232,编号表!$A:$A,0))*1000+INDEX(编号表!$D:$D,MATCH(C232,编号表!$C:$C,0))*100+D232 -> 1006002 | B232: 废矿区东部 | C232: BOSS | D232: 2 | E232: 一个BOSS，数量表示不同BOSS | F232: 区域中心 | G232: 60054001 | H232: 1
A233: =1000000+INDEX(编号表!$B:$B,MATCH(B233,编号表!$A:$A,0))*1000+INDEX(编号表!$D:$D,MATCH(C233,编号表!$C:$C,0))*100+D233 -> 1006003 | B233: 废矿区东部 | C233: BOSS | D233: 3 | E233: 一个BOSS，数量表示不同BOSS | F233: 区域中心 | G233: 60054002 | H233: 1
A234: =1000000+INDEX(编号表!$B:$B,MATCH(B234,编号表!$A:$A,0))*1000+INDEX(编号表!$D:$D,MATCH(C234,编号表!$C:$C,0))*100+D234 -> 1006101 | B234: 废矿区东部 | C234: 精英 | D234: 1 | E234: 一个精英，数量表示不同精英 | F234: 区域中心 | G234: 60052000 | H234: 1
A235: =1000000+INDEX(编号表!$B:$B,MATCH(B235,编号表!$A:$A,0))*1000+INDEX(编号表!$D:$D,MATCH(C235,编号表!$C:$C,0))*100+D235 -> 1006201 | B235: 废矿区东部 | C235: 小怪0 | D235: =H235+J235+L235+N235+P235+R235+T235+V235+X235+Z235 -> 1 | E235: 僵尸A | F235: 区域随机 | G235: 60051000 | H235: 1
A236: =1000000+INDEX(编号表!$B:$B,MATCH(B236,编号表!$A:$A,0))*1000+INDEX(编号表!$D:$D,MATCH(C236,编号表!$C:$C,0))*100+D236 -> 1006301 | B236: 废矿区东部 | C236: 小怪1 | D236: =H236+J236+L236+N236+P236+R236+T236+V236+X236+Z236 -> 1 | E236: 僵尸B | F236: 区域随机 | G236: 60051001 | H236: 1
A237: =1000000+INDEX(编号表!$B:$B,MATCH(B237,编号表!$A:$A,0))*1000+INDEX(编号表!$D:$D,MATCH(C237,编号表!$C:$C,0))*100+D237 -> 1006401 | B237: 废矿区东部 | C237: 小怪2 | D237: =H237+J237+L237+N237+P237+R237+T237+V237+X237+Z237 -> 1 | E237: 僵尸C | F237: 区域随机 | G237: 60051002 | H237: 1
A238: =1000000+INDEX(编号表!$B:$B,MATCH(B238,编号表!$A:$A,0))*1000+INDEX(编号表!$D:$D,MATCH(C238,编号表!$C:$C,0))*100+D238 -> 1006501 | B238: 废矿区东部 | C238: 小怪3 | D238: =H238+J238+L238+N238+P238+R238+T238+V238+X238+Z238 -> 1 | E238: 僵尸D | F238: 区域随机 | G238: 60051003 | H238: 1
A239: =1000000+INDEX(编号表!$B:$B,MATCH(B239,编号表!$A:$A,0))*1000+INDEX(编号表!$D:$D,MATCH(C239,编号表!$C:$C,0))*100+D239 -> 1006601 | B239: 废矿区东部 | C239: 小怪4 | D239: =H239+J239+L239+N239+P239+R239+T239+V239+X239+Z239 -> 1 | E239: 僵尸E | F239: 区域随机 | G239: 60051004 | H239: 1
A240: =1000000+INDEX(编号表!$B:$B,MATCH(B240,编号表!$A:$A,0))*1000+INDEX(编号表!$D:$D,MATCH(C240,编号表!$C:$C,0))*100+D240 -> 1006701 | B240: 废矿区东部 | C240: 小怪5 | D240: =H240+J240+L240+N240+P240+R240+T240+V240+X240+Z240 -> 1 | E240: 洞蛆 | F240: 区域随机 | G240: 60051005 | H240: 1
A241: =1000000+INDEX(编号表!$B:$B,MATCH(B241,编号表!$A:$A,0))*1000+INDEX(编号表!$D:$D,MATCH(C241,编号表!$C:$C,0))*100+D241 -> 1006801 | B241: 废矿区东部 | C241: 小怪6 | D241: =H241+J241+L241+N241+P241+R241+T241+V241+X241+Z241 -> 1 | E241: 电僵尸 | F241: 区域随机 | G241: 60051006 | H241: 1
A242: =1000000+INDEX(编号表!$B:$B,MATCH(B242,编号表!$A:$A,0))*1000+INDEX(编号表!$D:$D,MATCH(C242,编号表!$C:$C,0))*100+D242 -> 1006202 | B242: 废矿区东部 | C242: 小怪0 | D242: =H242+J242+L242+N242+P242+R242+T242+V242+X242+Z242 -> 2 | E242: 僵尸A | F242: 区域随机 | G242: 60051000 | H242: 2
A243: =1000000+INDEX(编号表!$B:$B,MATCH(B243,编号表!$A:$A,0))*1000+INDEX(编号表!$D:$D,MATCH(C243,编号表!$C:$C,0))*100+D243 -> 1006302 | B243: 废矿区东部 | C243: 小怪1 | D243: =H243+J243+L243+N243+P243+R243+T243+V243+X243+Z243 -> 2 | E243: 僵尸B | F243: 区域随机 | G243: 60051001 | H243: 2
A244: =1000000+INDEX(编号表!$B:$B,MATCH(B244,编号表!$A:$A,0))*1000+INDEX(编号表!$D:$D,MATCH(C244,编号表!$C:$C,0))*100+D244 -> 1006402 | B244: 废矿区东部 | C244: 小怪2 | D244: =H244+J244+L244+N244+P244+R244+T244+V244+X244+Z244 -> 2 | E244: 僵尸C | F244: 区域随机 | G244: 60051002 | H244: 2
A245: =1000000+INDEX(编号表!$B:$B,MATCH(B245,编号表!$A:$A,0))*1000+INDEX(编号表!$D:$D,MATCH(C245,编号表!$C:$C,0))*100+D245 -> 1006502 | B245: 废矿区东部 | C245: 小怪3 | D245: =H245+J245+L245+N245+P245+R245+T245+V245+X245+Z245 -> 2 | E245: 僵尸D | F245: 区域随机 | G245: 60051003 | H245: 2
A246: =1000000+INDEX(编号表!$B:$B,MATCH(B246,编号表!$A:$A,0))*1000+INDEX(编号表!$D:$D,MATCH(C246,编号表!$C:$C,0))*100+D246 -> 1006602 | B246: 废矿区东部 | C246: 小怪4 | D246: =H246+J246+L246+N246+P246+R246+T246+V246+X246+Z246 -> 2 | E246: 僵尸E | F246: 区域随机 | G246: 60051004 | H246: 2
... A276: =1000000+INDEX(编号表!$B:$B,MATCH(B276,编号表!$A:$A,0))*1000+INDEX(编号表!$D:$D,MATCH(C276,编号表!$C:$C,0))*100+D276 -> 1006815 | B276: 废矿区东部 | C276: 小怪6 | D276: =H276+J276+L276+N276+P276+R276+T276+V276+X276+Z276 -> 15 | E276: 电僵尸 | F276: 区域随机 | G276: 60051006 | H276: 15
A277: =1000000+INDEX(编号表!$B:$B,MATCH(B277,编号表!$A:$A,0))*1000+INDEX(编号表!$D:$D,MATCH(C277,编号表!$C:$C,0))*100+D277 -> 1007001 | B277: 尸王殿 | C277: BOSS | D277: 1 | E277: 一个BOSS，数量表示不同BOSS | F277: 区域中心 | G277: 60064000 | H277: 1
A278: =1000000+INDEX(编号表!$B:$B,MATCH(B278,编号表!$A:$A,0))*1000+INDEX(编号表!$D:$D,MATCH(C278,编号表!$C:$C,0))*100+D278 -> 1007002 | B278: 尸王殿 | C278: BOSS | D278: 2 | E278: 一个BOSS，数量表示不同BOSS | F278: 区域中心 | G278: 60064001 | H278: 1
A279: =1000000+INDEX(编号表!$B:$B,MATCH(B279,编号表!$A:$A,0))*1000+INDEX(编号表!$D:$D,MATCH(C279,编号表!$C:$C,0))*100+D279 -> 1007003 | B279: 尸王殿 | C279: BOSS | D279: 3 | E279: 一个BOSS，数量表示不同BOSS | F279: 区域中心 | G279: 60064002 | H279: 1
A280: =1000000+INDEX(编号表!$B:$B,MATCH(B280,编号表!$A:$A,0))*1000+INDEX(编号表!$D:$D,MATCH(C280,编号表!$C:$C,0))*100+D280 -> 1007101 | B280: 尸王殿 | C280: 精英 | D280: 1 | E280: 一个精英，数量表示不同精英 | F280: 区域中心 | G280: 60062000 | H280: 1
...

Sheet 更新说明
A1: 版本号 | B1: 内容
A2: V1.12 | B2: 减少数量
A3: V1.13 | B3: 增加刷怪场景
A4: V1.14 | B4: 增加两个测试木桩，30和31
A5: V1.15 | B5: 增加蛤蟆刷新场景
A6: V1.16 | B6: 重新整理怪物刷新配置，新增，改ID规则等
A7: V1.17 | B7: 新增新手村刷怪方案；比奇城boss怪物更改为木桩；
A8: V1.18
A9: V1.19
A10: V1.20
A11: V1.21
A12: V1.22
A13: V1.23
A14: V1.24
A15: V1.25
A16: V1.26
A17: V1.27
A18: V1.28
A19: V1.29
... A22: V1.32

Sheet Sheet1
A1: 编号 | B1: 场景名称 | C1: 刷新位置 | D1: 怪物1配置ID | E1: 怪物1数量 | F1: 怪物2配置ID | G1: 怪物2数量 | H1: 怪物3配置ID | I1: 怪物3数量 | J1: 怪物4配置ID | K1: 怪物4数量 | L1: 怪物5配置ID | M1: 怪物5数量 | N1: 怪物6配置ID | O1: 怪物6数量 | P1: 怪物7配置ID | Q1: 怪物7数量 | R1: 怪物8配置ID | S1: 怪物8数量 | T1: 怪物9配置ID | U1: 怪物9数量 | V1: 怪物10配置ID | W1: 怪物10数量
A2: config_id | C2: position | D2: MonsterID1 | E2: MonsterCount1 | F2: MonsterID2 | G2: MonsterCount2 | H2: MonsterID3 | I2: MonsterCount3 | J2: MonsterID4 | K2: MonsterCount4 | L2: MonsterID5 | M2: MonsterCount5 | N2: MonsterID6 | O2: MonsterCount6 | P2: MonsterID7 | Q2: MonsterCount7 | R2: MonsterID8 | S2: MonsterCount8 | T2: MonsterID9 | U2: MonsterCount9 | V2: MonsterID10 | W2: MonsterCount10
A3: 1 | B3: 比奇城 | C3: 区域随机 | D3: 60011037 | E3: 2 | F3: 60011090 | G3: 2 | H3: 60371001 | I3: 2 | J3: 60011033 | K3: 2 | L3: 60011035 | M3: 2 | N3: 60371009 | O3: 2 | P3: 60011016 | Q3: 2 | R3: 60011090 | S3: 2 | T3: 60011081 | U3: 2 | V3: 60371011 | W3: 2
A4: 2 | B4: 祖玛寺庙一层 | C4: 区域随机 | D4: 60011119 | E4: 1 | F4: 60011105 | G4: 1 | H4: 60371107 | I4: 1 | J4: 60011106 | K4: 1 | L4: 60011127 | M4: 1
A5: 3 | B5: 祖玛寺庙一层 | C5: 区域随机 | D5: 60011106 | E5: 1 | F5: 60011127 | G5: 1
A6: 4 | B6: 祖玛寺庙二层 | C6: 区域随机 | D6: 60011105 | E6: 1 | F6: 60371107 | G6: 1 | H6: 60011106 | I6: 1 | J6: 60011127 | K6: 1 | L6: 60011121 | M6: 1
A7: 5 | B7: 祖玛阁 | C7: 区域随机 | D7: 60011105 | E7: 6 | F7: 60371107 | G7: 6 | H7: 60011106 | I7: 6 | J7: 60011127 | K7: 6 | L7: 60011121 | M7: 6 | N7: 60371124 | O7: 6
A8: 6 | B8: 教主大殿 | C8: 区域中心 | D8: 60011132 | E8: 1
A9: 7 | B9: 教主大殿 | C9: 区域随机 | D9: 60011105 | E9: 4 | F9: 60371107 | G9: 4 | H9: 60011106 | I9: 4 | J9: 60011127 | K9: 4 | L9: 60011121 | M9: 4 | N9: 60371124 | O9: 4
A10: 8 | B10: 兽人古墓一层 | C10: 区域随机 | D10: 60011014 | E10: 1 | F10: 60011026 | G10: 1 | H10: 60011032 | I10: 1 | J10: 60371024 | K10: 1 | L10: 60011019 | M10: 1
A11: 9 | B11: 兽人古墓二层 | C11: 区域随机 | D11: 60011014 | E11: 1 | F11: 60011032 | G11: 1 | H11: 60371024 | I11: 1 | J11: 60011019 | K11: 1 | L11: 60011022 | M11: 1
A12: 10 | B12: 国王陵墓 | C12: 区域中心 | D12: 60011028 | E12: 1
A13: 11 | B13: 废矿区东部 | C13: 区域随机 | D13: 60011032 | E13: 1 | F13: 60371059 | G13: 1 | H13: 60371061 | I13: 1 | J13: 60371063 | K13: 1 | L13: 60371065 | M13: 1 | N13: 60371067 | O13: 1 | P13: 60371397 | Q13: 1
A14: 12 | B14: 尸王殿 | C14: 区域随机 | D14: 60371069 | E14: 5
A15: 13 | B15: 地牢 | C15: 区域随机 | D15: 60371091 | E15: 1 | F15: 60371101 | G15: 1 | H15: 60371103 | I15: 2 | J15: 60371094 | K15: 1 | L15: 60371096 | M15: 1
A16: 14 | B16: 黑暗地带 | C16: 区域随机 | D16: 60371091 | E16: 1 | F16: 60371101 | G16: 1 | H16: 60371094 | I16: 1 | J16: 60371096 | K16: 1
A17: 15 | B17: 死亡棺材 | C17: 区域随机 | D17: 60371091 | E17: 1 | F17: 60371101 | G17: 1 | H17: 60371103 | I17: 2 | J17: 60371094 | K17: 1 | L17: 60371096 | M17: 1
A18: 16 | B18: 死亡棺材 | C18: 区域中心 | D18: 60371093 | E18: 1
A19: 17 | B19: 未知暗殿 | C19: 区域随机 | D19: 60011121 | E19: 1 | F19: 60371124 | G19: 1 | H19: 60011127 | I19: 1 | J19: 60371002 | K19: 1
A20: 18 | B20: 未知暗殿 | C20: 区域中心 | D20: 60011132 | E20: 1
A21: 19 | B21: 沃玛寺庙一层 | C21: 区域随机 | D21: 60371057 | E21: 1 | F21: 60371040 | G21: 1 | H21: 60371042 | I21: 1 | J21: 60371044 | K21: 1
A22: 20 | B22: 沃玛寺庙二层 | C22: 区域随机 | D22: 60371042 | E22: 1 | F22: 60371044 | G22: 1 | H22: 60371046 | I22: 1 | J22: 60371055 | K22: 1
A23: 21 | B23: 沃玛教主大殿 | C23: 区域随机 | D23: 60371042 | E23: 1 | F23: 60371044 | G23: 1 | H23: 60371046 | I23: 1 | J23: 60371055 | K23: 1
A24: 22 | B24: 沃玛教主大殿 | C24: 区域中心 | D24: 60371053 | E24: 1
A25: 23 | B25: 石墓一层 | C25: 区域随机 | D25: 60371094 | E25: 1 | F25: 60371107 | G25: 1 | H25: 60371108 | I25: 1 | J25: 60371110 | K25: 1
A26: 24 | B26: 石墓阵入口 | C26: 区域随机 | D26: 60371107 | E26: 1 | F26: 60371108 | G26: 1 | H26: 60371110 | I26: 1 | J26: 60371115 | K26: 1 | L26: 60011105 | M26: 1 | N26: 60011106 | O26: 1
A27: 25 | B27: 石墓阵出口 | C27: 区域随机 | D27: 60371107 | E27: 1 | F27: 60371108 | G27: 1 | H27: 60371110 | I27: 1 | J27: 60371115 | K27: 1 | L27: 60011105 | M27: 1 | N27: 60011106 | O27: 1
A28: 26 | B28: 石墓阵顶层 | C28: 区域随机 | D28: 60371094 | E28: 1 | F28: 60371112 | G28: 2 | H28: 60011105 | I28: 1 | J28: 60011106 | K28: 1
A29: 27 | B29: 石墓阵顶层 | C29: 区域中心 | D29: 60371206 | E29: 1
A30: 28 | B30: 桃源之门 | C30: 区域随机 | D30: 60371207 | E30: 1 | F30: 60371140 | G30: 1 | H30: 60371075 | I30: 1
A31: 29 | B31: 困惑殿堂 | C31: 区域中心 | D31: 60371265 | E31: 1
A32: 30 | B32: 比奇城 | C32: 区域中心 | D32: 60371490 | E32: 1
A33: 31 | B33: 比奇城 | C33: 区域中心 | D33: 60371491 | E33: 1
A38: 1 | B38: 比奇城 | D38: 怪1 | F38: 1000000
A39: 2 | B39: 兽人古墓一层 | D39: 怪2
A40: 3 | B40: 兽人古墓二层 | D40: 怪3
A41: 4 | B41: 国王陵墓 | D41: 怪4
A42: 5 | B42: 废矿区东部 | D42: 怪5
A43: 6 | B43: 尸王殿 | D43: 怪6
A44: 7 | B44: 地牢 | D44: 精英
A45: 8 | B45: 黑暗地带 | D45: BOSS
A46: 9 | B46: 死亡棺材
A47: 10 | B47: 未知暗殿
A48: 11 | B48: 沃玛寺庙一层
A49: 12 | B49: 沃玛寺庙二层
A50: 13 | B50: 沃玛教主大殿
A51: 14 | B51: 石墓一层
A52: 15 | B52: 石墓阵入口
A53: 16 | B53: 石墓阵出口
A54: 17 | B54: 石墓顶层
A55: 18 | B55: 桃源之门
A56: 19 | B56: 困惑殿堂
A57: 20 | B57: 祖玛寺庙一层
... A77: 40 | B77: 赤月魔穴

Sheet 编号表
A1: 场景名 | B1: 编号 | C1: 类型 | D1: 编号
A2: 银杏渔村 | B2: 1 | C2: BOSS | D2: 0
A3: 比奇城 | B3: 2 | C3: 精英 | D3: 1
A4: 兽人古墓一层 | B4: 3 | C4: 小怪0 | D4: 2 | G4: 1001205
A5: 兽人古墓二层 | B5: 4 | C5: 小怪1 | D5: 3 | G5: 怪物刷新配置1开头7位数
A6: 国王陵墓 | B6: 5 | C6: 小怪2 | D6: 4 | G6: 第1位 | H6: 1开头
A7: 废矿区东部 | B7: 6 | C7: 小怪3 | D7: 5 | G7: 第2位 | H7: 用场景来代表级别。相当于装备的阶级，沃玛级，祖玛级，苍月级，赤月级等，2位应该够，暂时用3位保险。这个级别和场景区域配置严格匹配，相等。和其他一样，表示在哪个地图
A8: 尸王殿 | B8: 7 | C8: 小怪4 | D8: 6 | G8: 第3位
A9: 地牢 | B9: 8 | C9: 小怪5 | D9: 7 | G9: 第4位
A10: 黑暗地带 | B10: 9 | C10: 小怪6 | D10: 8 | G10: 第5位 | H10: 怪物身份，区分普通/精英怪/BOSS
A11: 死亡棺材 | B11: 10 | C11: 小怪7 | D11: 9 | G11: 第6位 | H11: 具体数字表示这个怪物刷新配置里刷多少个怪100以内可以随便填 也可以用不同数字代表不同的BOSS，比如末位配置1，2，3，4表示都刷新一个，分别代表BOSS1,BOSS2,BOSS3,BOSS4
A12: 未知暗殿 | B12: 11 | G12: 第7位
A13: 沃玛寺庙一层 | B13: 12
A14: 沃玛寺庙二层 | B14: 13
A15: 沃玛教主大殿 | B15: 14
A16: 石墓一层 | B16: 15
A17: 石墓阵入口 | B17: 16
A18: 石墓阵出口 | B18: 17
A19: 石墓顶层 | B19: 18
A20: 桃源之门 | B20: 19
A21: 困惑殿堂 | B21: 20
A22: 祖玛寺庙一层 | B22: 21
A23: 祖玛寺庙二层 | B23: 22
A24: 祖玛阁 | B24: 23
... A42: 赤月魔穴 | B42: 41
