Workbook
Name 说明: [1]名称表!$A$3:$A$26

Sheet ConfigScene
A1: 场景ID | B1: 场景名 | C1: 镜头距离 | D1: 镜头旋转 | E1: 镜头初始角度 | F1: 小地图 | G1: 大地图 | H1: 场景等级
A2: config_id | B2: scene_name | C2: CameraDistance | D2: CameraRotate | E2: CameraAngle | F2: Minimap | G2: Bigmap | H2: Grade
A3: 1 | B3: 银杏渔村 | C3: 900 | D3: 90 | E3: 315.1 | F3: mini_yxyc | G3: big_yxyc | H3: 0
A4: 2 | B4: 比奇城 | C4: 900 | D4: 90 | E4: 315.1 | F4: mini_biqi | G4: big_biqi | H4: 1
A5: 3 | B5: 兽人古墓一层 | C5: 1000 | D5: 50 | E5: 303.7 | F5: mini_srgm1 | G5: big_srgm1 | H5: 1
A6: 4 | B6: 兽人古墓二层 | C6: 1000 | D6: 50 | E6: 303.7 | F6: mini_srgm2 | G6: big_srgm2 | H6: 1
A7: 5 | B7: 国王陵墓 | C7: 1000 | D7: 120 | E7: 303.7 | F7: mini_srgm3 | G7: big_srgm3 | H7: 1
A8: 6 | B8: 废矿区东部 | C8: 1000 | D8: 50 | E8: 303.7 | F8: mini_bqfk1 | G8: big_bqfk1 | H8: 1
A9: 7 | B9: 尸王殿 | C9: 1000 | D9: 60 | E9: 303.7 | F9: mini_bqfk2 | G9: big_bqfk2 | H9: 2
A10: 8 | B10: 地牢 | C10: 1000 | D10: 50 | E10: 303.7 | F10: mini_dl1 | G10: big_dl1 | H10: 2
A11: 9 | B11: 黑暗地带 | C11: 1000 | D11: 50 | E11: 303.7 | F11: mini_dl2 | G11: big_dl2 | H11: 2
A12: 10 | B12: 死亡棺材 | C12: 1000 | D12: 50 | E12: 303.7 | F12: mini_dl3 | G12: big_dl3 | H12: 2
A13: 11 | B13: 未知暗殿 | C13: 1000 | D13: 50 | E13: 303.7 | F13: mini_wzad | G13: big_wzad | H13: 2
A14: 12 | B14: 沃玛寺庙一层 | C14: 1000 | D14: 50 | E14: 303.7 | F14: mini_wmsm1 | G14: big_wmsm1 | H14: 2
... A43: 41 | B43: 赤月魔穴 | C43: 1000 | D43: 90 | E43: 303.7 | F43: mini_cyxg6 | G43: big_cyxg6 | H43: 5

Sheet ConfigRect
A1: 区域ID | B1: 区域名（传送才外显） | C1: 备注 | D1: 地编名 | E1: 所属区域ID | F1: 类型 | G1: 面积 | H1: 行 | I1: 序号 | J1: 是否场景主区域 | K1: 是否出生区域 | L1: 传送目标区域 | M1: 刷怪方案说明 | N1: 刷怪方案1 | O1: 刷怪方案2 | P1: 刷怪方案3 | Q1: 刷怪方案4 | R1: 刷怪方案5 | S1: 刷怪方案6 | T1: 刷怪方案7 | U1: 刷怪方案8
A2: config_id | B2: rect_name | D2: scene_name | E2: scene_id | J2: is_main_rect | K2: is_born_rect | L2: teleport_target | N2: RefreshMonsterPlan1 | O2: RefreshMonsterPlan2 | P2: RefreshMonsterPlan3 | Q2: RefreshMonsterPlan4 | R2: RefreshMonsterPlan5 | S2: RefreshMonsterPlan6 | T2: RefreshMonsterPlan7 | U2: RefreshMonsterPlan8
A3: =70000000+E3*10000+G3*1000+H3*100+I3 -> 70015101 | B3: 银杏渔村-怪物1 | D3: =E3&(VLOOKUP(F3,编号表!$E$1:$G$8,2,0))&G3&"_"&H3&"_"&I3 -> 1N5_1_1 | E3: 1 | F3: 怪物 | G3: 5 | H3: 1 | I3: =COUNTIFS($E$3:E3,E3,$H$3:H3,H3) -> 1 | N3: 1001302
A4: =70000000+E4*10000+G4*1000+H4*100+I4 -> 70015102 | B4: 银杏渔村-怪物2 | D4: =E4&(VLOOKUP(F4,编号表!$E$1:$G$8,2,0))&G4&"_"&H4&"_"&I4 -> 1N5_1_2 | E4: 1 | F4: 怪物 | G4: 5 | H4: 1 | I4: =COUNTIFS($E$3:E4,E4,$H$3:H4,H4) -> 2 | N4: 1001302
A5: =70000000+E5*10000+G5*1000+H5*100+I5 -> 70015103 | B5: 银杏渔村-怪物3 | D5: =E5&(VLOOKUP(F5,编号表!$E$1:$G$8,2,0))&G5&"_"&H5&"_"&I5 -> 1N5_1_3 | E5: 1 | F5: 怪物 | G5: 5 | H5: 1 | I5: =COUNTIFS($E$3:E5,E5,$H$3:H5,H5) -> 3 | N5: 1001302
A6: =70000000+E6*10000+G6*1000+H6*100+I6 -> 70015104 | B6: 银杏渔村-怪物4 | D6: =E6&(VLOOKUP(F6,编号表!$E$1:$G$8,2,0))&G6&"_"&H6&"_"&I6 -> 1N5_1_4 | E6: 1 | F6: 怪物 | G6: 5 | H6: 1 | I6: =COUNTIFS($E$3:E6,E6,$H$3:H6,H6) -> 4 | N6: 1001302
A7: =70000000+E7*10000+G7*1000+H7*100+I7 -> 70015105 | B7: 银杏渔村-怪物5 | D7: =E7&(VLOOKUP(F7,编号表!$E$1:$G$8,2,0))&G7&"_"&H7&"_"&I7 -> 1N5_1_5 | E7: 1 | F7: 怪物 | G7: 5 | H7: 1 | I7: =COUNTIFS($E$3:E7,E7,$H$3:H7,H7) -> 5 | N7: 1001302
A8: =70000000+E8*10000+G8*1000+H8*100+I8 -> 70015201 | B8: 银杏渔村-怪物6 | D8: =E8&(VLOOKUP(F8,编号表!$E$1:$G$8,2,0))&G8&"_"&H8&"_"&I8 -> 1N5_2_1 | E8: 1 | F8: 怪物 | G8: 5 | H8: 2 | I8: =COUNTIFS($E$3:E8,E8,$H$3:H8,H8) -> 1 | N8: 1001403
A9: =70000000+E9*10000+G9*1000+H9*100+I9 -> 70015202 | B9: 银杏渔村-怪物7 | D9: =E9&(VLOOKUP(F9,编号表!$E$1:$G$8,2,0))&G9&"_"&H9&"_"&I9 -> 1N5_2_2 | E9: 1 | F9: 怪物 | G9: 5 | H9: 2 | I9: =COUNTIFS($E$3:E9,E9,$H$3:H9,H9) -> 2 | N9: 1001403
A10: =70000000+E10*10000+G10*1000+H10*100+I10 -> 70015203 | B10: 银杏渔村-怪物8 | D10: =E10&(VLOOKUP(F10,编号表!$E$1:$G$8,2,0))&G10&"_"&H10&"_"&I10 -> 1N5_2_3 | E10: 1 | F10: 怪物 | G10: 5 | H10: 2 | I10: =COUNTIFS($E$3:E10,E10,$H$3:H10,H10) -> 3 | N10: 1001403
A11: =70000000+E11*10000+G11*1000+H11*100+I11 -> 70015204 | B11: 银杏渔村-怪物9 | D11: =E11&(VLOOKUP(F11,编号表!$E$1:$G$8,2,0))&G11&"_"&H11&"_"&I11 -> 1N5_2_4 | E11: 1 | F11: 怪物 | G11: 5 | H11: 2 | I11: =COUNTIFS($E$3:E11,E11,$H$3:H11,H11) -> 4 | N11: 1001403
A12: =70000000+E12*10000+G12*1000+H12*100+I12 -> 70015205 | B12: 银杏渔村-怪物10 | D12: =E12&(VLOOKUP(F12,编号表!$E$1:$G$8,2,0))&G12&"_"&H12&"_"&I12 -> 1N5_2_5 | E12: 1 | F12: 怪物 | G12: 5 | H12: 2 | I12: =COUNTIFS($E$3:E12,E12,$H$3:H12,H12) -> 5 | N12: 1001403
A13: =70000000+E13*10000+G13*1000+H13*100+I13 -> 70015301 | B13: 银杏渔村-怪物11 | D13: =E13&(VLOOKUP(F13,编号表!$E$1:$G$8,2,0))&G13&"_"&H13&"_"&I13 -> 1N5_3_1 | E13: 1 | F13: 怪物 | G13: 5 | H13: 3 | I13: =COUNTIFS($E$3:E13,E13,$H$3:H13,H13) -> 1 | N13: 1001203
A14: =70000000+E14*10000+G14*1000+H14*100+I14 -> 70015302 | B14: 银杏渔村-怪物12 | D14: =E14&(VLOOKUP(F14,编号表!$E$1:$G$8,2,0))&G14&"_"&H14&"_"&I14 -> 1N5_3_2 | E14: 1 | F14: 怪物 | G14: 5 | H14: 3 | I14: =COUNTIFS($E$3:E14,E14,$H$3:H14,H14) -> 2 | N14: 1001203
... A17: =70000000+E17*10000+G17*1000+H17*100+I17 -> 70015305 | B17: 银杏渔村-怪物15 | D17: =E17&(VLOOKUP(F17,编号表!$E$1:$G$8,2,0))&G17&"_"&H17&"_"&I17 -> 1N5_3_5 | E17: 1 | F17: 怪物 | G17: 5 | H17: 3 | I17: =COUNTIFS($E$3:E17,E17,$H$3:H17,H17) -> 5 | N17: 1001203
A18: =70000000+E18*10000+G18*1000+H18*100+I18 -> 70011306 | B18: 比奇城-银杏渔村 | D18: =E18&(VLOOKUP(F18,编号表!$E$1:$G$8,2,0))&G18&"_"&H18&"_"&I18 -> 1T1_3_6 | E18: 1 | F18: 传送 | G18: 1 | H18: 3 | I18: =COUNTIFS($E$3:E18,E18,$H$3:H18,H18) -> 6
A19: =70000000+E19*10000+G19*1000+H19*100+I19 -> 70011307 | B19: 比奇城 | C19: 银杏渔村-比奇城 | D19: =E19&(VLOOKUP(F19,编号表!$E$1:$G$8,2,0))&G19&"_"&H19&"_"&I19 -> 1T1_3_7 | E19: 1 | F19: 传送 | G19: 1 | H19: 3 | I19: =COUNTIFS($E$3:E19,E19,$H$3:H19,H19) -> 7 | L19: 187
A20: =70000000+E20*10000+G20*1000+H20*100+I20 -> 70011401 | B20: 银杏渔村-卫士1 | D20: =E20&(VLOOKUP(F20,编号表!$E$1:$G$8,2,0))&G20&"_"&H20&"_"&I20 -> 1P1_4_1 | E20: 1 | F20: NPC | G20: 1 | H20: 4 | I20: =COUNTIFS($E$3:E20,E20,$H$3:H20,H20) -> 1
A21: =70000000+E21*10000+G21*1000+H21*100+I21 -> 70011402 | B21: 银杏渔村-卫士2 | D21: =E21&(VLOOKUP(F21,编号表!$E$1:$G$8,2,0))&G21&"_"&H21&"_"&I21 -> 1P1_4_2 | E21: 1 | F21: NPC | G21: 1 | H21: 4 | I21: =COUNTIFS($E$3:E21,E21,$H$3:H21,H21) -> 2
A22: =70000000+E22*10000+G22*1000+H22*100+I22 -> 70013501 | B22: 银杏渔村-散步鸡1 | D22: =E22&(VLOOKUP(F22,编号表!$E$1:$G$8,2,0))&G22&"_"&H22&"_"&I22 -> 1P3_5_1 | E22: 1 | F22: NPC | G22: 3 | H22: 5 | I22: =COUNTIFS($E$3:E22,E22,$H$3:H22,H22) -> 1 | N22: 1001202
A23: =70000000+E23*10000+G23*1000+H23*100+I23 -> 70013502 | B23: 银杏渔村-散步鸡2 | D23: =E23&(VLOOKUP(F23,编号表!$E$1:$G$8,2,0))&G23&"_"&H23&"_"&I23 -> 1P3_5_2 | E23: 1 | F23: NPC | G23: 3 | H23: 5 | I23: =COUNTIFS($E$3:E23,E23,$H$3:H23,H23) -> 2 | N23: 1001202
A24: =70000000+E24*10000+G24*1000+H24*100+I24 -> 70011601 | B24: 银杏渔村-NPC1 | D24: =E24&(VLOOKUP(F24,编号表!$E$1:$G$8,2,0))&G24&"_"&H24&"_"&I24 -> 1P1_6_1 | E24: 1 | F24: NPC | G24: 1 | H24: 6 | I24: =COUNTIFS($E$3:E24,E24,$H$3:H24,H24) -> 1 | N24: 1001004
A25: =70000000+E25*10000+G25*1000+H25*100+I25 -> 70011602 | B25: 银杏渔村-出生 | D25: =E25&(VLOOKUP(F25,编号表!$E$1:$G$8,2,0))&G25&"_"&H25&"_"&I25 -> 1P1_6_2 | E25: 1 | F25: NPC | G25: 1 | H25: 6 | I25: =COUNTIFS($E$3:E25,E25,$H$3:H25,H25) -> 2 | K25: 1
A26: =70000000+E26*10000+G26*1000+H26*100+I26 -> 70011603 | B26: 银杏渔村-NPC2 | D26: =E26&(VLOOKUP(F26,编号表!$E$1:$G$8,2,0))&G26&"_"&H26&"_"&I26 -> 1P1_6_3 | E26: 1 | F26: NPC | G26: 1 | H26: 6 | I26: =COUNTIFS($E$3:E26,E26,$H$3:H26,H26) -> 3
A27: =70000000+E27*10000+G27*1000+H27*100+I27 -> 70011604 | B27: 银杏渔村-NPC3 | D27: =E27&(VLOOKUP(F27,编号表!$E$1:$G$8,2,0))&G27&"_"&H27&"_"&I27 -> 1P1_6_4 | E27: 1 | F27: NPC | G27: 1 | H27: 6 | I27: =COUNTIFS($E$3:E27,E27,$H$3:H27,H27) -> 4
A28: =70000000+E28*10000+G28*1000+H28*100+I28 -> 70013701 | B28: 散步鸡3 | D28: =E28&(VLOOKUP(F28,编号表!$E$1:$G$8,2,0))&G28&"_"&H28&"_"&I28 -> 1P3_7_1 | E28: 1 | F28: NPC | G28: 3 | H28: 7 | I28: =COUNTIFS($E$3:E28,E28,$H$3:H28,H28) -> 1 | N28: 1001202
A29: =70000000+E29*10000+G29*1000+H29*100+I29 -> 70011702 | B29: 银杏渔村-NPC4 | D29: =E29&(VLOOKUP(F29,编号表!$E$1:$G$8,2,0))&G29&"_"&H29&"_"&I29 -> 1P1_7_2 | E29: 1 | F29: NPC | G29: 1 | H29: 7 | I29: 2 | N29: 1001005
A30: =70000000+E30*10000+G30*1000+H30*100+I30 -> 70012703 | B30: 散步鸡4 | D30: =E30&(VLOOKUP(F30,编号表!$E$1:$G$8,2,0))&G30&"_"&H30&"_"&I30 -> 1P2_7_3 | E30: 1 | F30: NPC | G30: 2 | H30: 7 | I30: =COUNTIFS($E$3:E30,E30,$H$3:H30,H30) -> 3 | N30: 1001202
A31: =70000000+E31*10000+G31*1000+H31*100+I31 -> 70011704 | B31: 银杏渔村-NPC5 | D31: =E31&(VLOOKUP(F31,编号表!$E$1:$G$8,2,0))&G31&"_"&H31&"_"&I31 -> 1P1_7_4 | E31: 1 | F31: NPC | G31: 1 | H31: 7 | I31: =COUNTIFS($E$3:E31,E31,$H$3:H31,H31) -> 4
A32: =70000000+E32*10000+G32*1000+H32*100+I32 -> 70014705 | B32: 散步鸡5 | D32: =E32&(VLOOKUP(F32,编号表!$E$1:$G$8,2,0))&G32&"_"&H32&"_"&I32 -> 1P4_7_5 | E32: 1 | F32: NPC | G32: 4 | H32: 7 | I32: =COUNTIFS($E$3:E32,E32,$H$3:H32,H32) -> 5 | N32: 1001202
A33: =70000000+E33*10000+G33*1000+H33*100+I33 -> 70011706 | B33: 银杏渔村-NPC6 | D33: =E33&(VLOOKUP(F33,编号表!$E$1:$G$8,2,0))&G33&"_"&H33&"_"&I33 -> 1P1_7_6 | E33: 1 | F33: NPC | G33: 1 | H33: 7 | I33: =COUNTIFS($E$3:E33,E33,$H$3:H33,H33) -> 6
A34: =70000000+E34*10000+G34*1000+H34*100+I34 -> 70015707 | B34: 银杏渔村-怪物16 | D34: =E34&(VLOOKUP(F34,编号表!$E$1:$G$8,2,0))&G34&"_"&H34&"_"&I34 -> 1N5_7_7 | E34: 1 | F34: 怪物 | G34: 5 | H34: 7 | I34: =COUNTIFS($E$3:E34,E34,$H$3:H34,H34) -> 7 | N34: 1001302
A35: =70000000+E35*10000+G35*1000+H35*100+I35 -> 70014801 | B35: 银杏渔村-怪物17 | D35: =E35&(VLOOKUP(F35,编号表!$E$1:$G$8,2,0))&G35&"_"&H35&"_"&I35 -> 1N4_8_1 | E35: 1 | F35: 怪物 | G35: 4 | H35: 8 | I35: =COUNTIFS($E$3:E35,E35,$H$3:H35,H35) -> 1 | N35: 1001302
A36: =70000000+E36*10000+G36*1000+H36*100+I36 -> 70014802 | B36: 银杏渔村-怪物18 | D36: =E36&(VLOOKUP(F36,编号表!$E$1:$G$8,2,0))&G36&"_"&H36&"_"&I36 -> 1N4_8_2 | E36: 1 | F36: 怪物 | G36: 4 | H36: 8 | I36: =COUNTIFS($E$3:E36,E36,$H$3:H36,H36) -> 2 | N36: 1001203
A37: =70000000+E37*10000+G37*1000+H37*100+I37 -> 70016803 | B37: 银杏渔村-散步鸡6 | D37: =E37&(VLOOKUP(F37,编号表!$E$1:$G$8,2,0))&G37&"_"&H37&"_"&I37 -> 1P6_8_3 | E37: 1 | F37: NPC | G37: 6 | H37: 8 | I37: =COUNTIFS($E$3:E37,E37,$H$3:H37,H37) -> 3 | N37: 1001202
A38: =70000000+E38*10000+G38*1000+H38*100+I38 -> 70015804 | B38: 银杏渔村-怪物19 | D38: =E38&(VLOOKUP(F38,编号表!$E$1:$G$8,2,0))&G38&"_"&H38&"_"&I38 -> 1N5_8_4 | E38: 1 | F38: 怪物 | G38: 5 | H38: 8 | I38: =COUNTIFS($E$3:E38,E38,$H$3:H38,H38) -> 4 | N38: 1001403
A39: =70000000+E39*10000+G39*1000+H39*100+I39 -> 70014901 | B39: 银杏渔村-怪物20 | D39: =E39&(VLOOKUP(F39,编号表!$E$1:$G$8,2,0))&G39&"_"&H39&"_"&I39 -> 1N4_9_1 | E39: 1 | F39: 怪物 | G39: 4 | H39: 9 | I39: =COUNTIFS($E$3:E39,E39,$H$3:H39,H39) -> 1 | N39: 1001403
A40: =70000000+E40*10000+G40*1000+H40*100+I40 -> 70013902 | B40: 银杏渔村-散步鸡7 | D40: =E40&(VLOOKUP(F40,编号表!$E$1:$G$8,2,0))&G40&"_"&H40&"_"&I40 -> 1P3_9_2 | E40: 1 | F40: NPC | G40: 3 | H40: 9 | I40: =COUNTIFS($E$3:E40,E40,$H$3:H40,H40) -> 2 | N40: 1001202
A41: =70000000+E41*10000+G41*1000+H41*100+I41 -> 70013903 | B41: 银杏渔村-散步鸡8 | D41: =E41&(VLOOKUP(F41,编号表!$E$1:$G$8,2,0))&G41&"_"&H41&"_"&I41 -> 1P3_9_3 | E41: 1 | F41: NPC | G41: 3 | H41: 9 | I41: =COUNTIFS($E$3:E41,E41,$H$3:H41,H41) -> 3 | N41: 1001202
A42: =70000000+E42*10000+G42*1000+H42*100+I42 -> 70014904 | B42: 银杏渔村-散步鸡9 | D42: =E42&(VLOOKUP(F42,编号表!$E$1:$G$8,2,0))&G42&"_"&H42&"_"&I42 -> 1P4_9_4 | E42: 1 | F42: NPC | G42: 4 | H42: 9 | I42: =COUNTIFS($E$3:E42,E42,$H$3:H42,H42) -> 4 | N42: 1001202
A43: =70000000+E43*10000+G43*1000+H43*100+I43 -> 70012905 | B43: 银杏渔村-怪物21 | D43: =E43&(VLOOKUP(F43,编号表!$E$1:$G$8,2,0))&G43&"_"&H43&"_"&I43 -> 1N2_9_5 | E43: 1 | F43: 怪物 | G43: 2 | H43: 9 | I43: =COUNTIFS($E$3:E43,E43,$H$3:H43,H43) -> 5 | N43: 1001403
A44: =70000000+E44*10000+G44*1000+H44*100+I44 -> 70012906 | B44: 银杏渔村-怪物22 | D44: =E44&(VLOOKUP(F44,编号表!$E$1:$G$8,2,0))&G44&"_"&H44&"_"&I44 -> 1N2_9_6 | E44: 1 | F44: 怪物 | G44: 2 | H44: 9 | I44: =COUNTIFS($E$3:E44,E44,$H$3:H44,H44) -> 6
A45: =70000000+E45*10000+G45*1000+H45*100+I45 -> 70012907 | B45: 银杏渔村-怪物23 | D45: =E45&(VLOOKUP(F45,编号表!$E$1:$G$8,2,0))&G45&"_"&H45&"_"&I45 -> 1N2_9_7 | E45: 1 | F45: 怪物 | G45: 2 | H45: 9 | I45: =COUNTIFS($E$3:E45,E45,$H$3:H45,H45) -> 7
A46: =70000000+E46*10000+G46*1000+H46*100+I46 -> 70014908 | B46: 银杏渔村-怪物24 | D46: =E46&(VLOOKUP(F46,编号表!$E$1:$G$8,2,0))&G46&"_"&H46&"_"&I46 -> 1N4_9_8 | E46: 1 | F46: 怪物 | G46: 4 | H46: 9 | I46: =COUNTIFS($E$3:E46,E46,$H$3:H46,H46) -> 8 | N46: 1001203
A47: =70000000+E47*10000+G47*1000+H47*100+I47 -> 70014909 | B47: 银杏渔村-怪物25 | D47: =E47&(VLOOKUP(F47,编号表!$E$1:$G$8,2,0))&G47&"_"&H47&"_"&I47 -> 1N4_9_9 | E47: 1 | F47: 怪物 | G47: 4 | H47: 9 | I47: =COUNTIFS($E$3:E47,E47,$H$3:H47,H47) -> 9 | N47: 1001403
A48: =70000000+E48*10000+G48*1000+H48*100+I48 -> 70010001 | B48: 银杏渔村-镜头 | D48: =E48&(VLOOKUP(F48,编号表!$E$1:$G$8,2,0))&G48&"_"&H48&"_"&I48 -> 1J0_0_1 | E48: 1 | F48: 镜头 | G48: 0 | H48: 0 | I48: =COUNTIFS($E$3:E48,E48,$H$3:H48,H48) -> 1 | J48: 1
A49: =70000000+E49*10000+G49*1000+H49*100+I49 -> 70023001 | B49: 兽人古墓一层 | C49: 比奇城-兽人古墓一层 | D49: =E49&(VLOOKUP(F49,编号表!$E$1:$G$8,2,0))&G49&"_"&H49&"_"&I49 -> 2T3_0_1 | E49: 2 | F49: 传送 | G49: 3 | H49: 0 | I49: =COUNTIFS($E$3:E49,E49,$H$3:H49,H49) -> 1 | L49: 103
A50: =70000000+E50*10000+G50*1000+H50*100+I50 -> 70021002 | B50: 兽人古墓一层-比奇城 | D50: =E50&(VLOOKUP(F50,编号表!$E$1:$G$8,2,0))&G50&"_"&H50&"_"&I50 -> 2T1_0_2 | E50: 2 | F50: 传送 | G50: 1 | H50: 0 | I50: =COUNTIFS($E$3:E50,E50,$H$3:H50,H50) -> 2
A51: =70000000+E51*10000+G51*1000+H51*100+I51 -> 70023003 | B51: 地牢 | C51: 比奇城-地牢 | D51: =E51&(VLOOKUP(F51,编号表!$E$1:$G$8,2,0))&G51&"_"&H51&"_"&I51 -> 2T3_0_3 | E51: 2 | F51: 传送 | G51: 3 | H51: 0 | I51: =COUNTIFS($E$3:E51,E51,$H$3:H51,H51) -> 3 | L51: 105
A52: =70000000+E52*10000+G52*1000+H52*100+I52 -> 70021004 | B52: 地牢-比奇城 | D52: =E52&(VLOOKUP(F52,编号表!$E$1:$G$8,2,0))&G52&"_"&H52&"_"&I52 -> 2T1_0_4 | E52: 2 | F52: 传送 | G52: 1 | H52: 0 | I52: =COUNTIFS($E$3:E52,E52,$H$3:H52,H52) -> 4
A53: =70000000+E53*10000+G53*1000+H53*100+I53 -> 70023005 | B53: 沃玛寺庙一层 | C53: 比奇城-沃玛寺庙一层 | D53: =E53&(VLOOKUP(F53,编号表!$E$1:$G$8,2,0))&G53&"_"&H53&"_"&I53 -> 2T3_0_5 | E53: 2 | F53: 传送 | G53: 3 | H53: 0 | I53: =COUNTIFS($E$3:E53,E53,$H$3:H53,H53) -> 5 | L53: 106
A54: =70000000+E54*10000+G54*1000+H54*100+I54 -> 70021006 | B54: 沃玛寺庙一层-比奇城 | D54: =E54&(VLOOKUP(F54,编号表!$E$1:$G$8,2,0))&G54&"_"&H54&"_"&I54 -> 2T1_0_6 | E54: 2 | F54: 传送 | G54: 1 | H54: 0 | I54: =COUNTIFS($E$3:E54,E54,$H$3:H54,H54) -> 6
A55: =70000000+E55*10000+G55*1000+H55*100+I55 -> 70023007 | B55: 废矿区东部 | C55: 比奇城-废矿区东部 | D55: =E55&(VLOOKUP(F55,编号表!$E$1:$G$8,2,0))&G55&"_"&H55&"_"&I55 -> 2T3_0_7 | E55: 2 | F55: 传送 | G55: 3 | H55: 0 | I55: =COUNTIFS($E$3:E55,E55,$H$3:H55,H55) -> 7 | L55: 104
A56: =70000000+E56*10000+G56*1000+H56*100+I56 -> 70021008 | B56: 废矿区东部-比奇城 | D56: =E56&(VLOOKUP(F56,编号表!$E$1:$G$8,2,0))&G56&"_"&H56&"_"&I56 -> 2T1_0_8 | E56: 2 | F56: 传送 | G56: 1 | H56: 0 | I56: =COUNTIFS($E$3:E56,E56,$H$3:H56,H56) -> 8
A57: =70000000+E57*10000+G57*1000+H57*100+I57 -> 70023009 | B57: 银杏渔村 | C57: 比奇城-银杏渔村 | D57: =E57&(VLOOKUP(F57,编号表!$E$1:$G$8,2,0))&G57&"_"&H57&"_"&I57 -> 2T3_0_9 | E57: 2 | F57: 传送 | G57: 3 | H57: 0 | I57: =COUNTIFS($E$3:E57,E57,$H$3:H57,H57) -> 9 | L57: 188
A58: =70000000+E58*10000+G58*1000+H58*100+I58 -> 70021010 | B58: 银杏渔村-比奇城 | D58: =E58&(VLOOKUP(F58,编号表!$E$1:$G$8,2,0))&G58&"_"&H58&"_"&I58 -> 2T1_0_10 | E58: 2 | F58: 传送 | G58: 1 | H58: 0 | I58: =COUNTIFS($E$3:E58,E58,$H$3:H58,H58) -> 10
A59: =70000000+E59*10000+G59*1000+H59*100+I59 -> 70028101 | B59: 比奇城-怪物1 | D59: =E59&(VLOOKUP(F59,编号表!$E$1:$G$8,2,0))&G59&"_"&H59&"_"&I59 -> 2N8_1_1 | E59: 2 | F59: 怪物 | G59: 8 | H59: 1 | I59: =COUNTIFS($E$3:E59,E59,$H$3:H59,H59) -> 1 | N59: 1002303 | O59: 1002304 | P59: 1002305 | Q59: 1002001
A60: =70000000+E60*10000+G60*1000+H60*100+I60 -> 70028102 | B60: 比奇城-怪物2 | D60: =E60&(VLOOKUP(F60,编号表!$E$1:$G$8,2,0))&G60&"_"&H60&"_"&I60 -> 2N8_1_2 | E60: 2 | F60: 怪物 | G60: 8 | H60: 1 | I60: =COUNTIFS($E$3:E60,E60,$H$3:H60,H60) -> 2 | N60: 1002303 | O60: 1002304 | P60: 1002305 | Q60: 1002101
A61: =70000000+E61*10000+G61*1000+H61*100+I61 -> 70028103 | B61: 比奇城-怪物3 | D61: =E61&(VLOOKUP(F61,编号表!$E$1:$G$8,2,0))&G61&"_"&H61&"_"&I61 -> 2N8_1_3 | E61: 2 | F61: 怪物 | G61: 8 | H61: 1 | I61: =COUNTIFS($E$3:E61,E61,$H$3:H61,H61) -> 3 | N61: 1002303 | O61: 1002304 | P61: 1002305
A62: =70000000+E62*10000+G62*1000+H62*100+I62 -> 70028104 | B62: 比奇城-怪物4 | D62: =E62&(VLOOKUP(F62,编号表!$E$1:$G$8,2,0))&G62&"_"&H62&"_"&I62 -> 2N8_1_4 | E62: 2 | F62: 怪物 | G62: 8 | H62: 1 | I62: =COUNTIFS($E$3:E62,E62,$H$3:H62,H62) -> 4 | N62: 1002304 | O62: 1002305 | P62: 1002306
A63: =70000000+E63*10000+G63*1000+H63*100+I63 -> 70028105 | B63: 比奇城-怪物5 | D63: =E63&(VLOOKUP(F63,编号表!$E$1:$G$8,2,0))&G63&"_"&H63&"_"&I63 -> 2N8_1_5 | E63: 2 | F63: 怪物 | G63: 8 | H63: 1 | I63: =COUNTIFS($E$3:E63,E63,$H$3:H63,H63) -> 5 | N63: 1002304 | O63: 1002305 | P63: 1002306
A64: =70000000+E64*10000+G64*1000+H64*100+I64 -> 70028106 | B64: 比奇城-怪物6 | D64: =E64&(VLOOKUP(F64,编号表!$E$1:$G$8,2,0))&G64&"_"&H64&"_"&I64 -> 2N8_1_6 | E64: 2 | F64: 怪物 | G64: 8 | H64: 1 | I64: =COUNTIFS($E$3:E64,E64,$H$3:H64,H64) -> 6 | N64: 1002304 | O64: 1002305 | P64: 1002306
A65: =70000000+E65*10000+G65*1000+H65*100+I65 -> 70026107 | B65: 比奇城-怪物7 | D65: =E65&(VLOOKUP(F65,编号表!$E$1:$G$8,2,0))&G65&"_"&H65&"_"&I65 -> 2N6_1_7 | E65: 2 | F65: 怪物 | G65: 6 | H65: 1 | I65: =COUNTIFS($E$3:E65,E65,$H$3:H65,H65) -> 7 | N65: 1002304 | O65: 1002305 | P65: 1002306
A66: =70000000+E66*10000+G66*1000+H66*100+I66 -> 70028108 | B66: 比奇城-怪物8 | D66: =E66&(VLOOKUP(F66,编号表!$E$1:$G$8,2,0))&G66&"_"&H66&"_"&I66 -> 2N8_1_8 | E66: 2 | F66: 怪物 | G66: 8 | H66: 1 | I66: =COUNTIFS($E$3:E66,E66,$H$3:H66,H66) -> 8 | N66: 1002304 | O66: 1002305 | P66: 1002306
A67: =70000000+E67*10000+G67*1000+H67*100+I67 -> 70028109 | B67: 比奇城-怪物9 | D67: =E67&(VLOOKUP(F67,编号表!$E$1:$G$8,2,0))&G67&"_"&H67&"_"&I67 -> 2N8_1_9 | E67: 2 | F67: 怪物 | G67: 8 | H67: 1 | I67: =COUNTIFS($E$3:E67,E67,$H$3:H67,H67) -> 9 | N67: 1002304 | O67: 1002305 | P67: 1002306
A68: =70000000+E68*10000+G68*1000+H68*100+I68 -> 70028110 | B68: 比奇城-怪物10 | D68: =E68&(VLOOKUP(F68,编号表!$E$1:$G$8,2,0))&G68&"_"&H68&"_"&I68 -> 2N8_1_10 | E68: 2 | F68: 怪物 | G68: 8 | H68: 1 | I68: =COUNTIFS($E$3:E68,E68,$H$3:H68,H68) -> 10 | N68: 1002304 | O68: 1002305 | P68: 1002306
A69: =70000000+E69*10000+G69*1000+H69*100+I69 -> 70028111 | B69: 比奇城-怪物11 | D69: =E69&(VLOOKUP(F69,编号表!$E$1:$G$8,2,0))&G69&"_"&H69&"_"&I69 -> 2N8_1_11 | E69: 2 | F69: 怪物 | G69: 8 | H69: 1 | I69: =COUNTIFS($E$3:E69,E69,$H$3:H69,H69) -> 11 | N69: 1002304 | O69: 1002305 | P69: 1002306
A70: =70000000+E70*10000+G70*1000+H70*100+I70 -> 70028112 | B70: 比奇城-怪物12 | D70: =E70&(VLOOKUP(F70,编号表!$E$1:$G$8,2,0))&G70&"_"&H70&"_"&I70 -> 2N8_1_12 | E70: 2 | F70: 怪物 | G70: 8 | H70: 1 | I70: =COUNTIFS($E$3:E70,E70,$H$3:H70,H70) -> 12 | N70: 1002304 | O70: 1002305 | P70: 1002306
A71: =70000000+E71*10000+G71*1000+H71*100+I71 -> 70026113 | B71: 比奇城-怪物13 | D71: =E71&(VLOOKUP(F71,编号表!$E$1:$G$8,2,0))&G71&"_"&H71&"_"&I71 -> 2N6_1_13 | E71: 2 | F71: 怪物 | G71: 6 | H71: 1 | I71: =COUNTIFS($E$3:E71,E71,$H$3:H71,H71) -> 13 | N71: 1002305 | O71: 1002306
A72: =70000000+E72*10000+G72*1000+H72*100+I72 -> 70023114 | B72: 比奇城-怪物14 | D72: =E72&(VLOOKUP(F72,编号表!$E$1:$G$8,2,0))&G72&"_"&H72&"_"&I72 -> 2N3_1_14 | E72: 2 | F72: 怪物 | G72: 3 | H72: 1 | I72: =COUNTIFS($E$3:E72,E72,$H$3:H72,H72) -> 14 | N72: 1002302 | O72: 1002305 | P72: 1002306
A73: =70000000+E73*10000+G73*1000+H73*100+I73 -> 70028115 | B73: 比奇城-怪物15 | D73: =E73&(VLOOKUP(F73,编号表!$E$1:$G$8,2,0))&G73&"_"&H73&"_"&I73 -> 2N8_1_15 | E73: 2 | F73: 怪物 | G73: 8 | H73: 1 | I73: =COUNTIFS($E$3:E73,E73,$H$3:H73,H73) -> 15 | N73: 1002302 | O73: 1002305 | P73: 1002306
A74: =70000000+E74*10000+G74*1000+H74*100+I74 -> 70028116 | B74: 比奇城-怪物16 | D74: =E74&(VLOOKUP(F74,编号表!$E$1:$G$8,2,0))&G74&"_"&H74&"_"&I74 -> 2N8_1_16 | E74: 2 | F74: 怪物 | G74: 8 | H74: 1 | I74: =COUNTIFS($E$3:E74,E74,$H$3:H74,H74) -> 16 | N74: 1002302 | O74: 1002303 | P74: 1002306
A75: =70000000+E75*10000+G75*1000+H75*100+I75 -> 70028117 | B75: 比奇城-怪物17 | D75: =E75&(VLOOKUP(F75,编号表!$E$1:$G$8,2,0))&G75&"_"&H75&"_"&I75 -> 2N8_1_17 | E75: 2 | F75: 怪物 | G75: 8 | H75: 1 | I75: =COUNTIFS($E$3:E75,E75,$H$3:H75,H75) -> 17 | N75: 1002302 | O75: 1002303 | P75: 1002306
A76: =70000000+E76*10000+G76*1000+H76*100+I76 -> 70028118 | B76: 比奇城-怪物18 | D76: =E76&(VLOOKUP(F76,编号表!$E$1:$G$8,2,0))&G76&"_"&H76&"_"&I76 -> 2N8_1_18 | E76: 2 | F76: 怪物 | G76: 8 | H76: 1 | I76: =COUNTIFS($E$3:E76,E76,$H$3:H76,H76) -> 18 | N76: 1002302 | O76: 1002303 | P76: 1002306
A77: =70000000+E77*10000+G77*1000+H77*100+I77 -> 70026119 | B77: 比奇城-怪物19 | D77: =E77&(VLOOKUP(F77,编号表!$E$1:$G$8,2,0))&G77&"_"&H77&"_"&I77 -> 2N6_1_19 | E77: 2 | F77: 怪物 | G77: 6 | H77: 1 | I77: =COUNTIFS($E$3:E77,E77,$H$3:H77,H77) -> 19 | N77: 1002302 | O77: 1002303 | P77: 1002306
A78: =70000000+E78*10000+G78*1000+H78*100+I78 -> 70023120 | B78: 比奇城-怪物20 | D78: =E78&(VLOOKUP(F78,编号表!$E$1:$G$8,2,0))&G78&"_"&H78&"_"&I78 -> 2N3_1_20 | E78: 2 | F78: 怪物 | G78: 3 | H78: 1 | I78: =COUNTIFS($E$3:E78,E78,$H$3:H78,H78) -> 20 | N78: 1002302 | O78: 1002303 | P78: 1002306
A79: =70000000+E79*10000+G79*1000+H79*100+I79 -> 70028121 | B79: 比奇城-怪物21 | D79: =E79&(VLOOKUP(F79,编号表!$E$1:$G$8,2,0))&G79&"_"&H79&"_"&I79 -> 2N8_1_21 | E79: 2 | F79: 怪物 | G79: 8 | H79: 1 | I79: =COUNTIFS($E$3:E79,E79,$H$3:H79,H79) -> 21 | N79: 1002302 | O79: 1002303 | P79: 1002306
A80: =70000000+E80*10000+G80*1000+H80*100+I80 -> 70028122 | B80: 比奇城-怪物22 | D80: =E80&(VLOOKUP(F80,编号表!$E$1:$G$8,2,0))&G80&"_"&H80&"_"&I80 -> 2N8_1_22 | E80: 2 | F80: 怪物 | G80: 8 | H80: 1 | I80: =COUNTIFS($E$3:E80,E80,$H$3:H80,H80) -> 22 | N80: 1002302 | O80: 1002303
A81: =70000000+E81*10000+G81*1000+H81*100+I81 -> 70028123 | B81: 比奇城-怪物23 | D81: =E81&(VLOOKUP(F81,编号表!$E$1:$G$8,2,0))&G81&"_"&H81&"_"&I81 -> 2N8_1_23 | E81: 2 | F81: 怪物 | G81: 8 | H81: 1 | I81: =COUNTIFS($E$3:E81,E81,$H$3:H81,H81) -> 23 | N81: 1002302 | O81: 1002303
A82: =70000000+E82*10000+G82*1000+H82*100+I82 -> 70026124 | B82: 比奇城-怪物24 | D82: =E82&(VLOOKUP(F82,编号表!$E$1:$G$8,2,0))&G82&"_"&H82&"_"&I82 -> 2N6_1_24 | E82: 2 | F82: 怪物 | G82: 6 | H82: 1 | I82: =COUNTIFS($E$3:E82,E82,$H$3:H82,H82) -> 24 | N82: 1002302 | O82: 1002303
A83: =70000000+E83*10000+G83*1000+H83*100+I83 -> 70023125 | B83: 比奇城-怪物25 | D83: =E83&(VLOOKUP(F83,编号表!$E$1:$G$8,2,0))&G83&"_"&H83&"_"&I83 -> 2N3_1_25 | E83: 2 | F83: 怪物 | G83: 3 | H83: 1 | I83: =COUNTIFS($E$3:E83,E83,$H$3:H83,H83) -> 25 | N83: 1002302 | O83: 1002303 | P83: 1002304
A84: =70000000+E84*10000+G84*1000+H84*100+I84 -> 70028126 | B84: 比奇城-怪物26 | D84: =E84&(VLOOKUP(F84,编号表!$E$1:$G$8,2,0))&G84&"_"&H84&"_"&I84 -> 2N8_1_26 | E84: 2 | F84: 怪物 | G84: 8 | H84: 1 | I84: =COUNTIFS($E$3:E84,E84,$H$3:H84,H84) -> 26 | N84: 1002302 | O84: 1002303 | P84: 1002304
A85: =70000000+E85*10000+G85*1000+H85*100+I85 -> 70028127 | B85: 比奇城-怪物27 | D85: =E85&(VLOOKUP(F85,编号表!$E$1:$G$8,2,0))&G85&"_"&H85&"_"&I85 -> 2N8_1_27 | E85: 2 | F85: 怪物 | G85: 8 | H85: 1 | I85: =COUNTIFS($E$3:E85,E85,$H$3:H85,H85) -> 27 | N85: 1002302 | O85: 1002303 | P85: 1002304
A86: =70000000+E86*10000+G86*1000+H86*100+I86 -> 70026128 | B86: 比奇城-怪物28 | D86: =E86&(VLOOKUP(F86,编号表!$E$1:$G$8,2,0))&G86&"_"&H86&"_"&I86 -> 2N6_1_28 | E86: 2 | F86: 怪物 | G86: 6 | H86: 1 | I86: =COUNTIFS($E$3:E86,E86,$H$3:H86,H86) -> 28 | N86: 1002303 | O86: 1002304 | P86: 1002305
A87: =70000000+E87*10000+G87*1000+H87*100+I87 -> 70023129 | B87: 比奇城-怪物29 | D87: =E87&(VLOOKUP(F87,编号表!$E$1:$G$8,2,0))&G87&"_"&H87&"_"&I87 -> 2N3_1_29 | E87: 2 | F87: 怪物 | G87: 3 | H87: 1 | I87: =COUNTIFS($E$3:E87,E87,$H$3:H87,H87) -> 29 | N87: 1002303 | O87: 1002304 | P87: 1002305
A88: =70000000+E88*10000+G88*1000+H88*100+I88 -> 70028130 | B88: 比奇城-怪物30 | D88: =E88&(VLOOKUP(F88,编号表!$E$1:$G$8,2,0))&G88&"_"&H88&"_"&I88 -> 2N8_1_30 | E88: 2 | F88: 怪物 | G88: 8 | H88: 1 | I88: =COUNTIFS($E$3:E88,E88,$H$3:H88,H88) -> 30 | N88: 1002303 | O88: 1002304 | P88: 1002305
A89: =70000000+E89*10000+G89*1000+H89*100+I89 -> 70026131 | B89: 比奇城-怪物31 | D89: =E89&(VLOOKUP(F89,编号表!$E$1:$G$8,2,0))&G89&"_"&H89&"_"&I89 -> 2N6_1_31 | E89: 2 | F89: 怪物 | G89: 6 | H89: 1 | I89: =COUNTIFS($E$3:E89,E89,$H$3:H89,H89) -> 31 | N89: 1002303 | O89: 1002304 | P89: 1002305
A90: =70000000+E90*10000+G90*1000+H90*100+I90 -> 70023132 | B90: 比奇城-怪物32 | D90: =E90&(VLOOKUP(F90,编号表!$E$1:$G$8,2,0))&G90&"_"&H90&"_"&I90 -> 2N3_1_32 | E90: 2 | F90: 怪物 | G90: 3 | H90: 1 | I90: =COUNTIFS($E$3:E90,E90,$H$3:H90,H90) -> 32 | N90: 1002303 | O90: 1002304 | P90: 1002305
A91: =70000000+E91*10000+G91*1000+H91*100+I91 -> 70027133 | B91: 比奇城-怪物33 | D91: =E91&(VLOOKUP(F91,编号表!$E$1:$G$8,2,0))&G91&"_"&H91&"_"&I91 -> 2N7_1_33 | E91: 2 | F91: 怪物 | G91: 7 | H91: 1 | I91: =COUNTIFS($E$3:E91,E91,$H$3:H91,H91) -> 33 | N91: 1002303 | O91: 1002304 | P91: 1002305
A92: =70000000+E92*10000+G92*1000+H92*100+I92 -> 70023134 | B92: 比奇城-怪物34 | D92: =E92&(VLOOKUP(F92,编号表!$E$1:$G$8,2,0))&G92&"_"&H92&"_"&I92 -> 2N3_1_34 | E92: 2 | F92: 怪物 | G92: 3 | H92: 1 | I92: =COUNTIFS($E$3:E92,E92,$H$3:H92,H92) -> 34 | N92: 1002303 | O92: 1002304 | P92: 1002305
A93: =70000000+E93*10000+G93*1000+H93*100+I93 -> 70024201 | B93: 比奇城-怪物35 | D93: =E93&(VLOOKUP(F93,编号表!$E$1:$G$8,2,0))&G93&"_"&H93&"_"&I93 -> 2N4_2_1 | E93: 2 | F93: 怪物 | G93: 4 | H93: 2 | I93: =COUNTIFS($E$3:E93,E93,$H$3:H93,H93) -> 1 | N93: 1002308 | O93: 1002309 | P93: 1002311 | Q93: 1002001
A94: =70000000+E94*10000+G94*1000+H94*100+I94 -> 70028202 | B94: 比奇城-怪物36 | D94: =E94&(VLOOKUP(F94,编号表!$E$1:$G$8,2,0))&G94&"_"&H94&"_"&I94 -> 2N8_2_2 | E94: 2 | F94: 怪物 | G94: 8 | H94: 2 | I94: =COUNTIFS($E$3:E94,E94,$H$3:H94,H94) -> 2 | N94: 1002308 | O94: 1002309 | P94: 1002311 | Q94: 1002102
A95: =70000000+E95*10000+G95*1000+H95*100+I95 -> 70028203 | B95: 比奇城-怪物37 | D95: =E95&(VLOOKUP(F95,编号表!$E$1:$G$8,2,0))&G95&"_"&H95&"_"&I95 -> 2N8_2_3 | E95: 2 | F95: 怪物 | G95: 8 | H95: 2 | I95: =COUNTIFS($E$3:E95,E95,$H$3:H95,H95) -> 3 | N95: 1002308 | O95: 1002309 | P95: 1002311
A96: =70000000+E96*10000+G96*1000+H96*100+I96 -> 70028204 | B96: 比奇城-怪物38 | D96: =E96&(VLOOKUP(F96,编号表!$E$1:$G$8,2,0))&G96&"_"&H96&"_"&I96 -> 2N8_2_4 | E96: 2 | F96: 怪物 | G96: 8 | H96: 2 | I96: =COUNTIFS($E$3:E96,E96,$H$3:H96,H96) -> 4 | N96: 1002308 | O96: 1002309 | P96: 1002311
A97: =70000000+E97*10000+G97*1000+H97*100+I97 -> 70028205 | B97: 比奇城-怪物39 | D97: =E97&(VLOOKUP(F97,编号表!$E$1:$G$8,2,0))&G97&"_"&H97&"_"&I97 -> 2N8_2_5 | E97: 2 | F97: 怪物 | G97: 8 | H97: 2 | I97: =COUNTIFS($E$3:E97,E97,$H$3:H97,H97) -> 5 | N97: 1002308 | O97: 1002309 | P97: 1002311
A98: =70000000+E98*10000+G98*1000+H98*100+I98 -> 70028206 | B98: 比奇城-怪物40 | D98: =E98&(VLOOKUP(F98,编号表!$E$1:$G$8,2,0))&G98&"_"&H98&"_"&I98 -> 2N8_2_6 | E98: 2 | F98: 怪物 | G98: 8 | H98: 2 | I98: =COUNTIFS($E$3:E98,E98,$H$3:H98,H98) -> 6 | N98: 1002308 | O98: 1002309 | P98: 1002311
A99: =70000000+E99*10000+G99*1000+H99*100+I99 -> 70028207 | B99: 比奇城-怪物41 | D99: =E99&(VLOOKUP(F99,编号表!$E$1:$G$8,2,0))&G99&"_"&H99&"_"&I99 -> 2N8_2_7 | E99: 2 | F99: 怪物 | G99: 8 | H99: 2 | I99: =COUNTIFS($E$3:E99,E99,$H$3:H99,H99) -> 7 | N99: 1002308 | O99: 1002309 | P99: 1002311
A100: =70000000+E100*10000+G100*1000+H100*100+I100 -> 70028208 | B100: 比奇城-怪物42 | D100: =E100&(VLOOKUP(F100,编号表!$E$1:$G$8,2,0))&G100&"_"&H100&"_"&I100 -> 2N8_2_8 | E100: 2 | F100: 怪物 | G100: 8 | H100: 2 | I100: =COUNTIFS($E$3:E100,E100,$H$3:H100,H100) -> 8 | N100: 1002308 | O100: 1002309 | P100: 1002311
A101: =70000000+E101*10000+G101*1000+H101*100+I101 -> 70024209 | B101: 比奇城-怪物43 | D101: =E101&(VLOOKUP(F101,编号表!$E$1:$G$8,2,0))&G101&"_"&H101&"_"&I101 -> 2N4_2_9 | E101: 2 | F101: 怪物 | G101: 4 | H101: 2 | I101: =COUNTIFS($E$3:E101,E101,$H$3:H101,H101) -> 9 | N101: 1002308 | O101: 1002309 | P101: 1002311
A102: =70000000+E102*10000+G102*1000+H102*100+I102 -> 70028210 | B102: 比奇城-怪物44 | D102: =E102&(VLOOKUP(F102,编号表!$E$1:$G$8,2,0))&G102&"_"&H102&"_"&I102 -> 2N8_2_10 | E102: 2 | F102: 怪物 | G102: 8 | H102: 2 | I102: =COUNTIFS($E$3:E102,E102,$H$3:H102,H102) -> 10 | N102: 1002308 | O102: 1002309 | P102: 1002311
...

Sheet 编号表
A1: 场景名 | B1: 序号 | C1: 地编名 | D1: 序号 | E1: 类型 | F1: 缩写 | G1: 序号
A2: 比奇城 | B2: 1 | C2: D1_1_ | D2: 1 | E2: 怪物 | F2: N | G2: 1 | I2: =F4&"-"&E3 -> P-传送
A3: 兽人古墓一层 | B3: 2 | C3: D1_2_ | D3: 2 | E3: 传送 | F3: T | G3: 2 | I3: =F3&"-"&E4 -> T-NPC
A4: 兽人古墓二层 | B4: 3 | C4: D1_3_ | D4: 3 | E4: NPC | F4: P | G4: 3 | I4: =F2&"-"&E2 -> N-怪物
A5: 国王陵墓 | B5: 4 | C5: D1_4_ | D5: 4 | E5: 音效 | F5: M | G5: 4 | I5: =F5&"-"&E5 -> M-音效
A6: 废矿区东部 | B6: 5 | C6: D1_5_ | D6: 5 | E6: 镜头 | F6: J | G6: 5 | I6: =F6&"-"&E6 -> J-镜头
A7: 尸王殿 | B7: 6 | C7: D1_6_ | D7: 6
A8: 地牢 | B8: 7 | C8: D2_1_ | D8: 7
A9: 黑暗地带 | B9: 8 | C9: D2_2_ | D9: 8
A10: 死亡棺材 | B10: 9 | C10: D2_3_ | D10: 9
A11: 未知暗殿 | B11: 10 | C11: D2_4_ | D11: 10
A12: 沃玛寺庙一层 | B12: 11 | C12: D2_5_ | D12: 11
A13: 沃玛寺庙二层 | B13: 12 | C13: D2_6_ | D13: 12
A14: 沃玛教主大殿 | B14: 13 | C14: D3_1_ | D14: 13
A15: 石墓一层 | B15: 14 | C15: D3_2_ | D15: 14
A16: 石墓阵入口 | B16: 15 | C16: D3_3_ | D16: 15
A17: 石墓阵出口 | B17: 16 | C17: D3_4_ | D17: 16
A18: 石墓顶层 | B18: 17 | C18: D3_5_ | D18: 17
... A25: 封魔矿区 | B25: 24 | C25: D4_6_ | D25: 24
A26: 光芒回廊 | B26: 25 | C26: D5_1_ | D26: 25 | M26: 编号命名 | N26: 1 | O26: 2 | P26: 3 | Q26: 4 | R26: 5 | S26: 6 | T26: 7 | U26: 8
A27: 封魔殿 | B27: 26 | C27: D5_2_ | D27: 26 | N27: 固定“7” | O27: 地图序号 | R27: 格子边长 | S27: 地图从上往下格子所在第x行 | T27: 格子所在行左起第x个
A28: 尸魔洞一层 | B28: 27 | C28: D5_3_ | D28: 27
A29: 尸魔洞二层 | B29: 28 | C29: D5_4_ | D29: 28 | M29: 示例：70015304，解释：序号1的地图边长为5的区域位置在地图从上往下第3行左数第4个
A30: 骨魔洞一层 | B30: 29 | C30: D5_5_ | D30: 29
A31: 骨魔洞二层 | B31: 30 | C31: D5_6_ | D31: 30 | M31: 比奇城按6区域划分行数，传送点-0，左上-1，右上-2，左下-3，右下4，城中-5
A32: 牛魔寺庙入口 | B32: 31 | C32: D6_1_ | D32: 31
A33: 牛魔寺庙一层 | B33: 32 | C33: D6_2_ | D33: 32
A34: 牛魔寺庙大厅 | B34: 33 | C34: D6_3_ | D34: 33 | M34: 地编命名 | N34: 1 | O34: 2 | P34: 3 | Q34: 4 | R34: 5
A35: 丛林迷宫 | B35: 34 | C35: D6_4_ | D35: 34 | N35: 地图序号 | O35: 区域类型 | P35: 格子边长 | Q35: 格子所在第x行 | R35: 格子所在行左起第x个
A36: 赤月峡谷西走廊 | B36: 35 | C36: D6_5_ | D36: 35 | O36: P-传送
A37: 赤月峡谷东二层 | B37: 36 | C37: D6_6_ | D37: 36 | O37: T-NPC
A38: 赤月峡谷广场 | B38: 37 | C38: M1 | D38: 37 | O38: N-怪物
A39: 抉择之地 | B39: 38 | C39: M2 | D39: 38 | O39: M-音效
A40: 恶魔祭坛 | B40: 39 | C40: M3 | D40: 39 | O40: J-镜头
A41: 赤月魔穴 | B41: 40 | C41: M4 | D41: 40 | M41: 示例：1N3_4_5，解释：序号1的地图边长为3的从上往下第4行左数第5个怪物区域
A42: 新手村 | B42: 41 | C42: M5 | D42: 41
D43: 42
D44: 43
D45: 44
D46: 45

Sheet 说明
A1: 版本 | B1: 内容
A2: V1.11 | B2: 新增场景区域
A3: V1.12 | B3: 修改兽人古墓、矿区传送、位置
A4: V1.13
A5: V1.14
A6: V1.15 | B6: 更新传送方案，刷怪方案
A7: V1.16 | B7: 增加两个测试木桩，biqi_77,biqi_78
A8: V1.17 | B8: 增加主场景区域-场景镜头区域
A9: V1.18 | B9: 增加场景小地图大地图
A10: V1.19 | B10: 按照新的怪物刷新配置，刷新场景内的怪物配置
A11: V1.20 | B11: 更新场景
A12: V1.21 | B12: 比奇城新增羊，鹿和狼的配置，测试任务用。
A13: V1.22 | B13: 新增新手村场景区域；比奇城22,77,78刷新木桩；
A14: V1.23 | B14: ① 新手村、比奇城各一个出生点 ② 新手村5个备用传送区域，5个落点区域，备用NPC区域10个，普通40，精英10，BOSS 5，音乐10，镜头1
A15: V1.24 | B15: 区域版本重制 1、传送落地点与传送起始点分开 2、区域密度提高，适配更多刷怪密度和位置策略 3、区域命名方式优化，附带区域信息
