Workbook

Sheet ConfigSuitCollect
A1: 图鉴属性id | B1: 套装id | C1: 套装名 | D1: 装备id1 | E1: 装备名策划填 | F1: 装备数量1 | G1: 装备id2 | H1: 装备名策划填 | I1: 装备数量2 | J1: 装备id3 | K1: 装备名策划填 | L1: 装备数量3 | M1: 装备id4 | N1: 装备名策划填 | O1: 装备数量4 | P1: 装备id5 | Q1: 装备名策划填 | R1: 装备数量5 | S1: 装备id6 | T1: 装备名策划填 | U1: 装备数量6 | V1: 属性名1 | W1: 属性值1 | X1: 属性名2 | Y1: 属性值2 | Z1: 属性名3 | AA1: 属性值3
A2: ID | B2: suitId | D2: eqId1 | F2: eqNum1 | G2: eqId2 | I2: eqNum2 | J2: eqId3 | L2: eqNum3 | M2: eqId4 | O2: eqNum4 | P2: eqId5 | R2: eqNum5 | S2: eqId6 | U2: eqNum6 | V2: attr1 | W2: val1 | X2: attr2 | Y2: val2 | Z2: attr3 | AA2: val3
A3: 1 | B3: 1 | C3: 祈祷套 | D3: {=INDEX(编号表!$A:$A,MATCH(E3,编号表!$B:$B,0))} -> 50500208 | E3: 祈祷之刃 | F3: 2 | G3: {=INDEX(编号表!$A:$A,MATCH(H3,编号表!$B:$B,0))} -> 50506202 | H3: 祈祷头盔 | I3: 2 | J3: {=INDEX(编号表!$A:$A,MATCH(K3,编号表!$B:$B,0))} -> 50501203 | K3: 祈祷项链 | L3: 2 | M3: {=INDEX(编号表!$A:$A,MATCH(N3,编号表!$B:$B,0))} -> 50502200 | N3: 祈祷手镯 | O3: 2 | P3: {=INDEX(编号表!$A:$A,MATCH(Q3,编号表!$B:$B,0))} -> 50503200 | Q3: 祈祷戒指 | R3: 2 | V3: 生命值 | W3: 10 | X3: 攻击下限 | Y3: 1 | Z3: 攻击上限 | AA3: 1
A4: 2 | B4: 1 | C4: 祈祷套 | D4: {=INDEX(编号表!$A:$A,MATCH(E4,编号表!$B:$B,0))} -> 50500208 | E4: 祈祷之刃 | F4: 4 | G4: {=INDEX(编号表!$A:$A,MATCH(H4,编号表!$B:$B,0))} -> 50506202 | H4: 祈祷头盔 | I4: 4 | J4: {=INDEX(编号表!$A:$A,MATCH(K4,编号表!$B:$B,0))} -> 50501203 | K4: 祈祷项链 | L4: 4 | M4: {=INDEX(编号表!$A:$A,MATCH(N4,编号表!$B:$B,0))} -> 50502200 | N4: 祈祷手镯 | O4: 4 | P4: {=INDEX(编号表!$A:$A,MATCH(Q4,编号表!$B:$B,0))} -> 50503200 | Q4: 祈祷戒指 | R4: 4 | V4: 生命值 | W4: 20 | X4: 攻击下限 | Y4: 2 | Z4: 攻击上限 | AA4: 2
A5: 3 | B5: 1 | C5: 祈祷套 | D5: {=INDEX(编号表!$A:$A,MATCH(E5,编号表!$B:$B,0))} -> 50500208 | E5: 祈祷之刃 | F5: 6 | G5: {=INDEX(编号表!$A:$A,MATCH(H5,编号表!$B:$B,0))} -> 50506202 | H5: 祈祷头盔 | I5: 6 | J5: {=INDEX(编号表!$A:$A,MATCH(K5,编号表!$B:$B,0))} -> 50501203 | K5: 祈祷项链 | L5: 6 | M5: {=INDEX(编号表!$A:$A,MATCH(N5,编号表!$B:$B,0))} -> 50502200 | N5: 祈祷手镯 | O5: 6 | P5: {=INDEX(编号表!$A:$A,MATCH(Q5,编号表!$B:$B,0))} -> 50503200 | Q5: 祈祷戒指 | R5: 6 | V5: 生命值 | W5: 30 | X5: 攻击下限 | Y5: 3 | Z5: 攻击上限 | AA5: 3
A6: 4 | B6: 2 | C6: 记忆套 | D6: {=INDEX(编号表!$A:$A,MATCH(E6,编号表!$B:$B,0))} -> 50506204 | E6: 记忆头盔 | F6: 2 | G6: {=INDEX(编号表!$A:$A,MATCH(H6,编号表!$B:$B,0))} -> 50502208 | H6: 记忆手镯 | I6: 2 | J6: {=INDEX(编号表!$A:$A,MATCH(K6,编号表!$B:$B,0))} -> 50503208 | K6: 记忆戒指 | L6: 2 | M6: {=INDEX(编号表!$A:$A,MATCH(N6,编号表!$B:$B,0))} -> 50501211 | N6: 记忆项链 | O6: 2 | V6: 生命值 | W6: 10 | X6: 攻击下限 | Y6: 1 | Z6: 攻击上限 | AA6: 1
A7: 5 | B7: 2 | C7: 记忆套 | D7: {=INDEX(编号表!$A:$A,MATCH(E7,编号表!$B:$B,0))} -> 50506204 | E7: 记忆头盔 | F7: 4 | G7: {=INDEX(编号表!$A:$A,MATCH(H7,编号表!$B:$B,0))} -> 50502208 | H7: 记忆手镯 | I7: 4 | J7: {=INDEX(编号表!$A:$A,MATCH(K7,编号表!$B:$B,0))} -> 50503208 | K7: 记忆戒指 | L7: 4 | M7: {=INDEX(编号表!$A:$A,MATCH(N7,编号表!$B:$B,0))} -> 50501211 | N7: 记忆项链 | O7: 4 | V7: 生命值 | W7: 20 | X7: 攻击下限 | Y7: 2 | Z7: 攻击上限 | AA7: 2
A8: 6 | B8: 2 | C8: 记忆套 | D8: {=INDEX(编号表!$A:$A,MATCH(E8,编号表!$B:$B,0))} -> 50506204 | E8: 记忆头盔 | F8: 6 | G8: {=INDEX(编号表!$A:$A,MATCH(H8,编号表!$B:$B,0))} -> 50502208 | H8: 记忆手镯 | I8: 6 | J8: {=INDEX(编号表!$A:$A,MATCH(K8,编号表!$B:$B,0))} -> 50503208 | K8: 记忆戒指 | L8: 6 | M8: {=INDEX(编号表!$A:$A,MATCH(N8,编号表!$B:$B,0))} -> 50501211 | N8: 记忆项链 | O8: 6 | V8: 生命值 | W8: 30 | X8: 攻击下限 | Y8: 3 | Z8: 攻击上限 | AA8: 3
A9: 7 | B9: 3 | C9: 齿虎套 | D9: {=INDEX(编号表!$A:$A,MATCH(E9,编号表!$B:$B,0))} -> 50501402 | E9: 白色虎齿项链 | F9: 2 | G9: {=INDEX(编号表!$A:$A,MATCH(H9,编号表!$B:$B,0))} -> 50502404 | H9: 黑金手镯 | I9: 2 | J9: {=INDEX(编号表!$A:$A,MATCH(K9,编号表!$B:$B,0))} -> 50503402 | K9: 龙之戒指 | L9: 2 | V9: 生命值 | W9: 10 | X9: 攻击下限 | Y9: 1 | Z9: 攻击上限 | AA9: 1
A10: 8 | B10: 3 | C10: 齿虎套 | D10: {=INDEX(编号表!$A:$A,MATCH(E10,编号表!$B:$B,0))} -> 50501402 | E10: 白色虎齿项链 | F10: 4 | G10: {=INDEX(编号表!$A:$A,MATCH(H10,编号表!$B:$B,0))} -> 50502404 | H10: 黑金手镯 | I10: 4 | J10: {=INDEX(编号表!$A:$A,MATCH(K10,编号表!$B:$B,0))} -> 50503402 | K10: 龙之戒指 | L10: 4 | V10: 生命值 | W10: 20 | X10: 攻击下限 | Y10: 2 | Z10: 攻击上限 | AA10: 2
A11: 9 | B11: 3 | C11: 齿虎套 | D11: {=INDEX(编号表!$A:$A,MATCH(E11,编号表!$B:$B,0))} -> 50501402 | E11: 白色虎齿项链 | F11: 6 | G11: {=INDEX(编号表!$A:$A,MATCH(H11,编号表!$B:$B,0))} -> 50502404 | H11: 黑金手镯 | I11: 6 | J11: {=INDEX(编号表!$A:$A,MATCH(K11,编号表!$B:$B,0))} -> 50503402 | K11: 龙之戒指 | L11: 6 | V11: 生命值 | W11: 30 | X11: 攻击下限 | Y11: 3 | Z11: 攻击上限 | AA11: 3
A12: 10 | B12: 4 | C12: 魔力套 | D12: {=INDEX(编号表!$A:$A,MATCH(E12,编号表!$B:$B,0))} -> 50501401 | E12: 生命项链 | F12: 2 | G12: {=INDEX(编号表!$A:$A,MATCH(H12,编号表!$B:$B,0))} -> 50502401 | H12: 魔力手镯 | I12: 2 | J12: {=INDEX(编号表!$A:$A,MATCH(K12,编号表!$B:$B,0))} -> 50503401 | K12: 红宝石戒指 | L12: 2 | V12: 生命值 | W12: 10 | X12: 攻击下限 | Y12: 1 | Z12: 攻击上限 | AA12: 1
A13: 11 | B13: 4 | C13: 魔力套 | D13: {=INDEX(编号表!$A:$A,MATCH(E13,编号表!$B:$B,0))} -> 50501401 | E13: 生命项链 | F13: 4 | G13: {=INDEX(编号表!$A:$A,MATCH(H13,编号表!$B:$B,0))} -> 50502401 | H13: 魔力手镯 | I13: 4 | J13: {=INDEX(编号表!$A:$A,MATCH(K13,编号表!$B:$B,0))} -> 50503401 | K13: 红宝石戒指 | L13: 4 | V13: 生命值 | W13: 20 | X13: 攻击下限 | Y13: 2 | Z13: 攻击上限 | AA13: 2
A14: 12 | B14: 4 | C14: 魔力套 | D14: {=INDEX(编号表!$A:$A,MATCH(E14,编号表!$B:$B,0))} -> 50501401 | E14: 生命项链 | F14: 6 | G14: {=INDEX(编号表!$A:$A,MATCH(H14,编号表!$B:$B,0))} -> 50502401 | H14: 魔力手镯 | I14: 6 | J14: {=INDEX(编号表!$A:$A,MATCH(K14,编号表!$B:$B,0))} -> 50503401 | K14: 红宝石戒指 | L14: 6 | V14: 生命值 | W14: 30 | X14: 攻击下限 | Y14: 3 | Z14: 攻击上限 | AA14: 3
A15: 13 | B15: 5 | C15: 天珠套 | D15: {=INDEX(编号表!$A:$A,MATCH(E15,编号表!$B:$B,0))} -> 50501400 | E15: 天珠项链 | F15: 2 | G15: {=INDEX(编号表!$A:$A,MATCH(H15,编号表!$B:$B,0))} -> 50502203 | H15: 避邪手镯 | I15: 2 | J15: {=INDEX(编号表!$A:$A,MATCH(K15,编号表!$B:$B,0))} -> 50503400 | K15: 降妖除魔戒指 | L15: 2 | V15: 生命值 | W15: 10 | X15: 攻击下限 | Y15: 1 | Z15: 攻击上限 | AA15: 1
A16: 14 | B16: 5 | C16: 天珠套 | D16: {=INDEX(编号表!$A:$A,MATCH(E16,编号表!$B:$B,0))} -> 50501400 | E16: 天珠项链 | F16: 4 | G16: {=INDEX(编号表!$A:$A,MATCH(H16,编号表!$B:$B,0))} -> 50502203 | H16: 避邪手镯 | I16: 4 | J16: {=INDEX(编号表!$A:$A,MATCH(K16,编号表!$B:$B,0))} -> 50503400 | K16: 降妖除魔戒指 | L16: 4 | V16: 生命值 | W16: 20 | X16: 攻击下限 | Y16: 2 | Z16: 攻击上限 | AA16: 2
A17: 15 | B17: 5 | C17: 天珠套 | D17: {=INDEX(编号表!$A:$A,MATCH(E17,编号表!$B:$B,0))} -> 50501400 | E17: 天珠项链 | F17: 6 | G17: {=INDEX(编号表!$A:$A,MATCH(H17,编号表!$B:$B,0))} -> 50502203 | H17: 避邪手镯 | I17: 6 | J17: {=INDEX(编号表!$A:$A,MATCH(K17,编号表!$B:$B,0))} -> 50503400 | K17: 降妖除魔戒指 | L17: 6 | V17: 生命值 | W17: 30 | X17: 攻击下限 | Y17: 3 | Z17: 攻击上限 | AA17: 3
A18: 16 | B18: 6 | C18: 幽灵套 | D18: {=INDEX(编号表!$A:$A,MATCH(E18,编号表!$B:$B,0))} -> 50501216 | E18: 幽灵项链 | F18: 2 | G18: {=INDEX(编号表!$A:$A,MATCH(H18,编号表!$B:$B,0))} -> 50502405 | H18: 幽灵手套 | I18: 2 | V18: 生命值 | W18: 10 | X18: 攻击下限 | Y18: 1 | Z18: 攻击上限 | AA18: 1
A19: 17 | B19: 6 | C19: 幽灵套 | D19: {=INDEX(编号表!$A:$A,MATCH(E19,编号表!$B:$B,0))} -> 50501216 | E19: 幽灵项链 | F19: 4 | G19: {=INDEX(编号表!$A:$A,MATCH(H19,编号表!$B:$B,0))} -> 50502405 | H19: 幽灵手套 | I19: 4 | V19: 生命值 | W19: 20 | X19: 攻击下限 | Y19: 2 | Z19: 攻击上限 | AA19: 2
A20: 18 | B20: 6 | C20: 幽灵套 | D20: {=INDEX(编号表!$A:$A,MATCH(E20,编号表!$B:$B,0))} -> 50501216 | E20: 幽灵项链 | F20: 6 | G20: {=INDEX(编号表!$A:$A,MATCH(H20,编号表!$B:$B,0))} -> 50502405 | H20: 幽灵手套 | I20: 6 | V20: 生命值 | W20: 30 | X20: 攻击下限 | Y20: 3 | Z20: 攻击上限 | AA20: 3
A21: 19 | B21: 7 | C21: 思贝套 | D21: {=INDEX(编号表!$A:$A,MATCH(E21,编号表!$B:$B,0))} -> 50506203 | E21: 黑铁头盔 | F21: 2 | G21: {=INDEX(编号表!$A:$A,MATCH(H21,编号表!$B:$B,0))} -> 50502403 | H21: 思贝儿手镯 | I21: 2 | V21: 生命值 | W21: 10 | X21: 攻击下限 | Y21: 1 | Z21: 攻击上限 | AA21: 1
A22: 20 | B22: 7 | C22: 思贝套 | D22: {=INDEX(编号表!$A:$A,MATCH(E22,编号表!$B:$B,0))} -> 50506203 | E22: 黑铁头盔 | F22: 4 | G22: {=INDEX(编号表!$A:$A,MATCH(H22,编号表!$B:$B,0))} -> 50502403 | H22: 思贝儿手镯 | I22: 4 | V22: 生命值 | W22: 20 | X22: 攻击下限 | Y22: 2 | Z22: 攻击上限 | AA22: 2
A23: 21 | B23: 7 | C23: 思贝套 | D23: {=INDEX(编号表!$A:$A,MATCH(E23,编号表!$B:$B,0))} -> 50506203 | E23: 黑铁头盔 | F23: 6 | G23: {=INDEX(编号表!$A:$A,MATCH(H23,编号表!$B:$B,0))} -> 50502403 | H23: 思贝儿手镯 | I23: 6 | V23: 生命值 | W23: 30 | X23: 攻击下限 | Y23: 3 | Z23: 攻击上限 | AA23: 3
A24: 22 | B24: 8 | C24: 三眼套 | D24: {=INDEX(编号表!$A:$A,MATCH(E24,编号表!$B:$B,0))} -> 50503204 | E24: 黄石戒指 | F24: 2 | G24: {=INDEX(编号表!$A:$A,MATCH(H24,编号表!$B:$B,0))} -> 50502402 | H24: 三眼手镯 | I24: 2 | V24: 生命值 | W24: 10 | X24: 攻击下限 | Y24: 1 | Z24: 攻击上限 | AA24: 1
A25: 23 | B25: 8 | C25: 三眼套 | D25: {=INDEX(编号表!$A:$A,MATCH(E25,编号表!$B:$B,0))} -> 50503204 | E25: 黄石戒指 | F25: 4 | G25: {=INDEX(编号表!$A:$A,MATCH(H25,编号表!$B:$B,0))} -> 50502402 | H25: 三眼手镯 | I25: 4 | V25: 生命值 | W25: 20 | X25: 攻击下限 | Y25: 2 | Z25: 攻击上限 | AA25: 2
A26: 24 | B26: 8 | C26: 三眼套 | D26: {=INDEX(编号表!$A:$A,MATCH(E26,编号表!$B:$B,0))} -> 50503204 | E26: 黄石戒指 | F26: 6 | G26: {=INDEX(编号表!$A:$A,MATCH(H26,编号表!$B:$B,0))} -> 50502402 | H26: 三眼手镯 | I26: 6 | V26: 生命值 | W26: 30 | X26: 攻击下限 | Y26: 3 | Z26: 攻击上限 | AA26: 3
A27: 25 | B27: 9 | C27: 修罗套 | D27: {=INDEX(编号表!$A:$A,MATCH(E27,编号表!$B:$B,0))} -> 50500402 | E27: 修罗 | F27: 2 | G27: {=INDEX(编号表!$A:$A,MATCH(H27,编号表!$B:$B,0))} -> 50505404 | H27: 苍山衣服 | I27: 2 | J27: {=INDEX(编号表!$A:$A,MATCH(K27,编号表!$B:$B,0))} -> 50505405 | K27: 翠林衣服 | L27: 2 | V27: 生命值 | W27: 10 | X27: 攻击下限 | Y27: 1 | Z27: 攻击上限 | AA27: 1
A28: 26 | B28: 9 | C28: 修罗套 | D28: {=INDEX(编号表!$A:$A,MATCH(E28,编号表!$B:$B,0))} -> 50500402 | E28: 修罗 | F28: 4 | G28: {=INDEX(编号表!$A:$A,MATCH(H28,编号表!$B:$B,0))} -> 50505404 | H28: 苍山衣服 | I28: 4 | J28: {=INDEX(编号表!$A:$A,MATCH(K28,编号表!$B:$B,0))} -> 50505405 | K28: 翠林衣服 | L28: 4 | V28: 生命值 | W28: 20 | X28: 攻击下限 | Y28: 2 | Z28: 攻击上限 | AA28: 2
A29: 27 | B29: 9 | C29: 修罗套 | D29: {=INDEX(编号表!$A:$A,MATCH(E29,编号表!$B:$B,0))} -> 50500402 | E29: 修罗 | F29: 6 | G29: {=INDEX(编号表!$A:$A,MATCH(H29,编号表!$B:$B,0))} -> 50505404 | H29: 苍山衣服 | I29: 6 | J29: {=INDEX(编号表!$A:$A,MATCH(K29,编号表!$B:$B,0))} -> 50505405 | K29: 翠林衣服 | L29: 6 | V29: 生命值 | W29: 30 | X29: 攻击下限 | Y29: 3 | Z29: 攻击上限 | AA29: 3
A30: 28 | B30: 10 | C30: 魔杖套 | D30: {=INDEX(编号表!$A:$A,MATCH(E30,编号表!$B:$B,0))} -> 50500401 | E30: 魔杖 | F30: 2 | G30: {=INDEX(编号表!$A:$A,MATCH(H30,编号表!$B:$B,0))} -> 50505403 | H30: 青云衣服 | I30: 2 | J30: {=INDEX(编号表!$A:$A,MATCH(K30,编号表!$B:$B,0))} -> 50505402 | K30: 碧溪衣服 | L30: 2 | V30: 生命值 | W30: 10 | X30: 攻击下限 | Y30: 1 | Z30: 攻击上限 | AA30: 1
A31: 29 | B31: 10 | C31: 魔杖套 | D31: {=INDEX(编号表!$A:$A,MATCH(E31,编号表!$B:$B,0))} -> 50500401 | E31: 魔杖 | F31: 4 | G31: {=INDEX(编号表!$A:$A,MATCH(H31,编号表!$B:$B,0))} -> 50505403 | H31: 青云衣服 | I31: 4 | J31: {=INDEX(编号表!$A:$A,MATCH(K31,编号表!$B:$B,0))} -> 50505402 | K31: 碧溪衣服 | L31: 4 | V31: 生命值 | W31: 20 | X31: 攻击下限 | Y31: 2 | Z31: 攻击上限 | AA31: 2
A32: 30 | B32: 10 | C32: 魔杖套 | D32: {=INDEX(编号表!$A:$A,MATCH(E32,编号表!$B:$B,0))} -> 50500401 | E32: 魔杖 | F32: 6 | G32: {=INDEX(编号表!$A:$A,MATCH(H32,编号表!$B:$B,0))} -> 50505403 | H32: 青云衣服 | I32: 6 | J32: {=INDEX(编号表!$A:$A,MATCH(K32,编号表!$B:$B,0))} -> 50505402 | K32: 碧溪衣服 | L32: 6 | V32: 生命值 | W32: 30 | X32: 攻击下限 | Y32: 3 | Z32: 攻击上限 | AA32: 3
A33: 31 | B33: 11 | C33: 银蛇套 | D33: {=INDEX(编号表!$A:$A,MATCH(E33,编号表!$B:$B,0))} -> 50500400 | E33: 银蛇 | F33: 2 | G33: {=INDEX(编号表!$A:$A,MATCH(H33,编号表!$B:$B,0))} -> 50505401 | H33: 丹霞衣服 | I33: 2 | J33: {=INDEX(编号表!$A:$A,MATCH(K33,编号表!$B:$B,0))} -> 50505400 | K33: 赤霞衣服 | L33: 2 | V33: 生命值 | W33: 10 | X33: 攻击下限 | Y33: 1 | Z33: 攻击上限 | AA33: 1
A34: 32 | B34: 11 | C34: 银蛇套 | D34: {=INDEX(编号表!$A:$A,MATCH(E34,编号表!$B:$B,0))} -> 50500400 | E34: 银蛇 | F34: 4 | G34: {=INDEX(编号表!$A:$A,MATCH(H34,编号表!$B:$B,0))} -> 50505401 | H34: 丹霞衣服 | I34: 4 | J34: {=INDEX(编号表!$A:$A,MATCH(K34,编号表!$B:$B,0))} -> 50505400 | K34: 赤霞衣服 | L34: 4 | V34: 生命值 | W34: 20 | X34: 攻击下限 | Y34: 2 | Z34: 攻击上限 | AA34: 2
A35: 33 | B35: 11 | C35: 银蛇套 | D35: {=INDEX(编号表!$A:$A,MATCH(E35,编号表!$B:$B,0))} -> 50500400 | E35: 银蛇 | F35: 6 | G35: {=INDEX(编号表!$A:$A,MATCH(H35,编号表!$B:$B,0))} -> 50505401 | H35: 丹霞衣服 | I35: 6 | J35: {=INDEX(编号表!$A:$A,MATCH(K35,编号表!$B:$B,0))} -> 50505400 | K35: 赤霞衣服 | L35: 6 | V35: 生命值 | W35: 30 | X35: 攻击下限 | Y35: 3 | Z35: 攻击上限 | AA35: 3
A36: 34 | B36: 12 | C36: 奔雷勋章套（战） | D36: {=INDEX(编号表!$A:$A,MATCH(E36,编号表!$B:$B,0))} -> 50508402 | E36: 奔雷战靴 | F36: 2 | G36: {=INDEX(编号表!$A:$A,MATCH(H36,编号表!$B:$B,0))} -> 50507402 | H36: 奔雷腰带 | I36: 2 | J36: {=INDEX(编号表!$A:$A,MATCH(K36,编号表!$B:$B,0))} -> 50506402 | K36: 奔雷头盔 | L36: 2 | V36: 生命值 | W36: 10 | X36: 攻击下限 | Y36: 1 | Z36: 攻击上限 | AA36: 1
A37: 35 | B37: 12 | C37: 奔雷勋章套（战） | D37: {=INDEX(编号表!$A:$A,MATCH(E37,编号表!$B:$B,0))} -> 50508402 | E37: 奔雷战靴 | F37: 4 | G37: {=INDEX(编号表!$A:$A,MATCH(H37,编号表!$B:$B,0))} -> 50507402 | H37: 奔雷腰带 | I37: 4 | J37: {=INDEX(编号表!$A:$A,MATCH(K37,编号表!$B:$B,0))} -> 50506402 | K37: 奔雷头盔 | L37: 4 | V37: 生命值 | W37: 20 | X37: 攻击下限 | Y37: 2 | Z37: 攻击上限 | AA37: 2
A38: 36 | B38: 12 | C38: 奔雷勋章套（战） | D38: {=INDEX(编号表!$A:$A,MATCH(E38,编号表!$B:$B,0))} -> 50508402 | E38: 奔雷战靴 | F38: 6 | G38: {=INDEX(编号表!$A:$A,MATCH(H38,编号表!$B:$B,0))} -> 50507402 | H38: 奔雷腰带 | I38: 6 | J38: {=INDEX(编号表!$A:$A,MATCH(K38,编号表!$B:$B,0))} -> 50506402 | K38: 奔雷头盔 | L38: 6 | V38: 生命值 | W38: 30 | X38: 攻击下限 | Y38: 3 | Z38: 攻击上限 | AA38: 3
... A44: 42 | B44: 14 | C44: 极光勋章套（道） | D44: {=INDEX(编号表!$A:$A,MATCH(E44,编号表!$B:$B,0))} -> 50508400 | E44: 极光道靴 | F44: 6 | G44: {=INDEX(编号表!$A:$A,MATCH(H44,编号表!$B:$B,0))} -> 50507400 | H44: 极光腰带 | I44: 6 | J44: {=INDEX(编号表!$A:$A,MATCH(K44,编号表!$B:$B,0))} -> 50506401 | K44: 极光头盔 | L44: 6 | V44: 生命值 | W44: 30 | X44: 攻击下限 | Y44: 3 | Z44: 攻击上限 | AA44: 3
A45: 43 | B45: 15 | C45: 蓝晶套 | D45: {=INDEX(编号表!$A:$A,MATCH(E45,编号表!$B:$B,0))} -> 51003404 | E45: 蓝色水晶戒指 | F45: 2 | G45: {=INDEX(编号表!$A:$A,MATCH(H45,编号表!$B:$B,0))} -> 51002402 | H45: 夏普儿手镯 | I45: 2 | V45: 生命值 | W45: 10 | X45: 攻击下限 | Y45: 1 | Z45: 攻击上限 | AA45: 1
A46: 44 | B46: 15 | C46: 蓝晶套 | D46: {=INDEX(编号表!$A:$A,MATCH(E46,编号表!$B:$B,0))} -> 51003404 | E46: 蓝色水晶戒指 | F46: 4 | G46: {=INDEX(编号表!$A:$A,MATCH(H46,编号表!$B:$B,0))} -> 51002402 | H46: 夏普儿手镯 | I46: 4 | V46: 生命值 | W46: 20 | X46: 攻击下限 | Y46: 2 | Z46: 攻击上限 | AA46: 2
A47: 45 | B47: 15 | C47: 蓝晶套 | D47: {=INDEX(编号表!$A:$A,MATCH(E47,编号表!$B:$B,0))} -> 51003404 | E47: 蓝色水晶戒指 | F47: 6 | G47: {=INDEX(编号表!$A:$A,MATCH(H47,编号表!$B:$B,0))} -> 51002402 | H47: 夏普儿手镯 | I47: 6 | V47: 生命值 | W47: 30 | X47: 攻击下限 | Y47: 3 | Z47: 攻击上限 | AA47: 3
A48: 46 | B48: 16 | C48: 黑晶套 | D48: {=INDEX(编号表!$A:$A,MATCH(E48,编号表!$B:$B,0))} -> 51003405 | E48: 黑色水晶戒指 | F48: 2 | G48: {=INDEX(编号表!$A:$A,MATCH(H48,编号表!$B:$B,0))} -> 51002404 | H48: 龙之手镯 | I48: 2 | V48: 生命值 | W48: 10 | X48: 攻击下限 | Y48: 1 | Z48: 攻击上限 | AA48: 1
A49: 47 | B49: 16 | C49: 黑晶套 | D49: {=INDEX(编号表!$A:$A,MATCH(E49,编号表!$B:$B,0))} -> 51003405 | E49: 黑色水晶戒指 | F49: 4 | G49: {=INDEX(编号表!$A:$A,MATCH(H49,编号表!$B:$B,0))} -> 51002404 | H49: 龙之手镯 | I49: 4 | V49: 生命值 | W49: 20 | X49: 攻击下限 | Y49: 2 | Z49: 攻击上限 | AA49: 2
A50: 48 | B50: 16 | C50: 黑晶套 | D50: {=INDEX(编号表!$A:$A,MATCH(E50,编号表!$B:$B,0))} -> 51003405 | E50: 黑色水晶戒指 | F50: 6 | G50: {=INDEX(编号表!$A:$A,MATCH(H50,编号表!$B:$B,0))} -> 51002404 | H50: 龙之手镯 | I50: 6 | V50: 生命值 | W50: 30 | X50: 攻击下限 | Y50: 3 | Z50: 攻击上限 | AA50: 3
A51: 49 | B51: 17 | C51: 泰坦套 | D51: {=INDEX(编号表!$A:$A,MATCH(E51,编号表!$B:$B,0))} -> 51003402 | E51: 泰坦戒指 | F51: 2 | G51: {=INDEX(编号表!$A:$A,MATCH(H51,编号表!$B:$B,0))} -> 51002403 | H51: 心灵手镯 | I51: 2 | V51: 生命值 | W51: 10 | X51: 攻击下限 | Y51: 1 | Z51: 攻击上限 | AA51: 1
A52: 50 | B52: 17 | C52: 泰坦套 | D52: {=INDEX(编号表!$A:$A,MATCH(E52,编号表!$B:$B,0))} -> 51003402 | E52: 泰坦戒指 | F52: 4 | G52: {=INDEX(编号表!$A:$A,MATCH(H52,编号表!$B:$B,0))} -> 51002403 | H52: 心灵手镯 | I52: 4 | V52: 生命值 | W52: 20 | X52: 攻击下限 | Y52: 2 | Z52: 攻击上限 | AA52: 2
A53: 51 | B53: 17 | C53: 泰坦套 | D53: {=INDEX(编号表!$A:$A,MATCH(E53,编号表!$B:$B,0))} -> 51003402 | E53: 泰坦戒指 | F53: 6 | G53: {=INDEX(编号表!$A:$A,MATCH(H53,编号表!$B:$B,0))} -> 51002403 | H53: 心灵手镯 | I53: 6 | V53: 生命值 | W53: 30 | X53: 攻击下限 | Y53: 3 | Z53: 攻击上限 | AA53: 3
A54: 52 | B54: 18 | C54: 神秘套 | D54: {=INDEX(编号表!$A:$A,MATCH(E54,编号表!$B:$B,0))} -> 51006401 | E54: 神秘头盔 | F54: 2 | G54: {=INDEX(编号表!$A:$A,MATCH(H54,编号表!$B:$B,0))} -> 51003400 | H54: 神秘戒指 | I54: 2 | J54: {=INDEX(编号表!$A:$A,MATCH(K54,编号表!$B:$B,0))} -> 51007403 | K54: 神秘腰带 | L54: 2 | V54: 生命值 | W54: 10 | X54: 攻击下限 | Y54: 1 | Z54: 攻击上限 | AA54: 1
A55: 53 | B55: 18 | C55: 神秘套 | D55: {=INDEX(编号表!$A:$A,MATCH(E55,编号表!$B:$B,0))} -> 51006401 | E55: 神秘头盔 | F55: 4 | G55: {=INDEX(编号表!$A:$A,MATCH(H55,编号表!$B:$B,0))} -> 51003400 | H55: 神秘戒指 | I55: 4 | J55: {=INDEX(编号表!$A:$A,MATCH(K55,编号表!$B:$B,0))} -> 51007403 | K55: 神秘腰带 | L55: 4 | V55: 生命值 | W55: 20 | X55: 攻击下限 | Y55: 2 | Z55: 攻击上限 | AA55: 2
A56: 54 | B56: 18 | C56: 神秘套 | D56: {=INDEX(编号表!$A:$A,MATCH(E56,编号表!$B:$B,0))} -> 51006401 | E56: 神秘头盔 | F56: 6 | G56: {=INDEX(编号表!$A:$A,MATCH(H56,编号表!$B:$B,0))} -> 51003400 | H56: 神秘戒指 | I56: 6 | J56: {=INDEX(编号表!$A:$A,MATCH(K56,编号表!$B:$B,0))} -> 51007403 | K56: 神秘腰带 | L56: 6 | V56: 生命值 | W56: 30 | X56: 攻击下限 | Y56: 3 | Z56: 攻击上限 | AA56: 3
A57: 55 | B57: 19 | C57: 狂风套 | D57: {=INDEX(编号表!$A:$A,MATCH(E57,编号表!$B:$B,0))} -> 51001400 | E57: 狂风项链 | F57: 2 | G57: {=INDEX(编号表!$A:$A,MATCH(H57,编号表!$B:$B,0))} -> 51003401 | H57: 狂风戒指 | I57: 2 | V57: 生命值 | W57: 10 | X57: 攻击下限 | Y57: 1 | Z57: 攻击上限 | AA57: 1
A58: 56 | B58: 19 | C58: 狂风套 | D58: {=INDEX(编号表!$A:$A,MATCH(E58,编号表!$B:$B,0))} -> 51001400 | E58: 狂风项链 | F58: 4 | G58: {=INDEX(编号表!$A:$A,MATCH(H58,编号表!$B:$B,0))} -> 51003401 | H58: 狂风戒指 | I58: 4 | V58: 生命值 | W58: 20 | X58: 攻击下限 | Y58: 2 | Z58: 攻击上限 | AA58: 2
A59: 57 | B59: 19 | C59: 狂风套 | D59: {=INDEX(编号表!$A:$A,MATCH(E59,编号表!$B:$B,0))} -> 51001400 | E59: 狂风项链 | F59: 6 | G59: {=INDEX(编号表!$A:$A,MATCH(H59,编号表!$B:$B,0))} -> 51003401 | H59: 狂风戒指 | I59: 6 | V59: 生命值 | W59: 30 | X59: 攻击下限 | Y59: 3 | Z59: 攻击上限 | AA59: 3
A60: 58 | B60: 20 | C60: 骑士套 | D60: {=INDEX(编号表!$A:$A,MATCH(E60,编号表!$B:$B,0))} -> 51002405 | E60: 骑士手镯 | F60: 2 | G60: {=INDEX(编号表!$A:$A,MATCH(H60,编号表!$B:$B,0))} -> 51001406 | H60: 骑士项链 | I60: 2 | J60: {=INDEX(编号表!$A:$A,MATCH(K60,编号表!$B:$B,0))} -> 51003407 | K60: 力量戒指 | L60: 2 | V60: 生命值 | W60: 10 | X60: 攻击下限 | Y60: 1 | Z60: 攻击上限 | AA60: 1
A61: 59 | B61: 20 | C61: 骑士套 | D61: {=INDEX(编号表!$A:$A,MATCH(E61,编号表!$B:$B,0))} -> 51002405 | E61: 骑士手镯 | F61: 4 | G61: {=INDEX(编号表!$A:$A,MATCH(H61,编号表!$B:$B,0))} -> 51001406 | H61: 骑士项链 | I61: 4 | J61: {=INDEX(编号表!$A:$A,MATCH(K61,编号表!$B:$B,0))} -> 51003407 | K61: 力量戒指 | L61: 4 | V61: 生命值 | W61: 20 | X61: 攻击下限 | Y61: 2 | Z61: 攻击上限 | AA61: 2
A62: 60 | B62: 20 | C62: 骑士套 | D62: {=INDEX(编号表!$A:$A,MATCH(E62,编号表!$B:$B,0))} -> 51002405 | E62: 骑士手镯 | F62: 6 | G62: {=INDEX(编号表!$A:$A,MATCH(H62,编号表!$B:$B,0))} -> 51001406 | H62: 骑士项链 | I62: 6 | J62: {=INDEX(编号表!$A:$A,MATCH(K62,编号表!$B:$B,0))} -> 51003407 | K62: 力量戒指 | L62: 6 | V62: 生命值 | W62: 30 | X62: 攻击下限 | Y62: 3 | Z62: 攻击上限 | AA62: 3
A63: 61 | B63: 21 | C63: 恶魔套 | D63: {=INDEX(编号表!$A:$A,MATCH(E63,编号表!$B:$B,0))} -> 51001405 | E63: 恶魔铃铛 | F63: 2 | G63: {=INDEX(编号表!$A:$A,MATCH(H63,编号表!$B:$B,0))} -> 51002401 | H63: 魔法手镯 | I63: 2 | J63: {=INDEX(编号表!$A:$A,MATCH(K63,编号表!$B:$B,0))} -> 51003403 | K63: 紫碧螺 | L63: 2 | V63: 生命值 | W63: 10 | X63: 攻击下限 | Y63: 1 | Z63: 攻击上限 | AA63: 1
A64: 62 | B64: 21 | C64: 恶魔套 | D64: {=INDEX(编号表!$A:$A,MATCH(E64,编号表!$B:$B,0))} -> 51001405 | E64: 恶魔铃铛 | F64: 4 | G64: {=INDEX(编号表!$A:$A,MATCH(H64,编号表!$B:$B,0))} -> 51002401 | H64: 魔法手镯 | I64: 4 | J64: {=INDEX(编号表!$A:$A,MATCH(K64,编号表!$B:$B,0))} -> 51003403 | K64: 紫碧螺 | L64: 4 | V64: 生命值 | W64: 20 | X64: 攻击下限 | Y64: 2 | Z64: 攻击上限 | AA64: 2
A65: 63 | B65: 21 | C65: 恶魔套 | D65: {=INDEX(编号表!$A:$A,MATCH(E65,编号表!$B:$B,0))} -> 51001405 | E65: 恶魔铃铛 | F65: 6 | G65: {=INDEX(编号表!$A:$A,MATCH(H65,编号表!$B:$B,0))} -> 51002401 | H65: 魔法手镯 | I65: 6 | J65: {=INDEX(编号表!$A:$A,MATCH(K65,编号表!$B:$B,0))} -> 51003403 | K65: 紫碧螺 | L65: 6 | V65: 生命值 | W65: 30 | X65: 攻击下限 | Y65: 3 | Z65: 攻击上限 | AA65: 3
A66: 64 | B66: 22 | C66: 灵魂套 | D66: {=INDEX(编号表!$A:$A,MATCH(E66,编号表!$B:$B,0))} -> 51002400 | E66: 灵魂手镯 | F66: 2 | G66: {=INDEX(编号表!$A:$A,MATCH(H66,编号表!$B:$B,0))} -> 51001404 | H66: 灵魂项链 | I66: 2 | J66: {=INDEX(编号表!$A:$A,MATCH(K66,编号表!$B:$B,0))} -> 51003406 | K66: 蛇眼戒指 | L66: 2 | V66: 生命值 | W66: 10 | X66: 攻击下限 | Y66: 1 | Z66: 攻击上限 | AA66: 1
A67: 65 | B67: 22 | C67: 灵魂套 | D67: {=INDEX(编号表!$A:$A,MATCH(E67,编号表!$B:$B,0))} -> 51002400 | E67: 灵魂手镯 | F67: 4 | G67: {=INDEX(编号表!$A:$A,MATCH(H67,编号表!$B:$B,0))} -> 51001404 | H67: 灵魂项链 | I67: 4 | J67: {=INDEX(编号表!$A:$A,MATCH(K67,编号表!$B:$B,0))} -> 51003406 | K67: 蛇眼戒指 | L67: 4 | V67: 生命值 | W67: 20 | X67: 攻击下限 | Y67: 2 | Z67: 攻击上限 | AA67: 2
A68: 66 | B68: 22 | C68: 灵魂套 | D68: {=INDEX(编号表!$A:$A,MATCH(E68,编号表!$B:$B,0))} -> 51002400 | E68: 灵魂手镯 | F68: 6 | G68: {=INDEX(编号表!$A:$A,MATCH(H68,编号表!$B:$B,0))} -> 51001404 | H68: 灵魂项链 | I68: 6 | J68: {=INDEX(编号表!$A:$A,MATCH(K68,编号表!$B:$B,0))} -> 51003406 | K68: 蛇眼戒指 | L68: 6 | V68: 生命值 | W68: 30 | X68: 攻击下限 | Y68: 3 | Z68: 攻击上限 | AA68: 3
A69: 67 | B69: 23 | C69: 井中月套 | D69: {=INDEX(编号表!$A:$A,MATCH(E69,编号表!$B:$B,0))} -> 51000405 | E69: 井中月 | F69: 2 | G69: {=INDEX(编号表!$A:$A,MATCH(H69,编号表!$B:$B,0))} -> 51005404 | H69: 重盔甲（男） | I69: 2 | V69: 生命值 | W69: 10 | X69: 攻击下限 | Y69: 1 | Z69: 攻击上限 | AA69: 1
A70: 68 | B70: 23 | C70: 井中月套 | D70: {=INDEX(编号表!$A:$A,MATCH(E70,编号表!$B:$B,0))} -> 51000405 | E70: 井中月 | F70: 4 | G70: {=INDEX(编号表!$A:$A,MATCH(H70,编号表!$B:$B,0))} -> 51005404 | H70: 重盔甲（男） | I70: 4 | V70: 生命值 | W70: 20 | X70: 攻击下限 | Y70: 2 | Z70: 攻击上限 | AA70: 2
A71: 69 | B71: 23 | C71: 井中月套 | D71: {=INDEX(编号表!$A:$A,MATCH(E71,编号表!$B:$B,0))} -> 51000405 | E71: 井中月 | F71: 6 | G71: {=INDEX(编号表!$A:$A,MATCH(H71,编号表!$B:$B,0))} -> 51005404 | H71: 重盔甲（男） | I71: 6 | V71: 生命值 | W71: 30 | X71: 攻击下限 | Y71: 3 | Z71: 攻击上限 | AA71: 3
A72: 70 | B72: 24 | C72: 血饮套 | D72: {=INDEX(编号表!$A:$A,MATCH(E72,编号表!$B:$B,0))} -> 51000404 | E72: 血饮 | F72: 2 | G72: {=INDEX(编号表!$A:$A,MATCH(H72,编号表!$B:$B,0))} -> 51005402 | H72: 魔法长袍（男） | I72: 2 | V72: 生命值 | W72: 10 | X72: 攻击下限 | Y72: 1 | Z72: 攻击上限 | AA72: 1
A73: 71 | B73: 24 | C73: 血饮套 | D73: {=INDEX(编号表!$A:$A,MATCH(E73,编号表!$B:$B,0))} -> 51000404 | E73: 血饮 | F73: 4 | G73: {=INDEX(编号表!$A:$A,MATCH(H73,编号表!$B:$B,0))} -> 51005402 | H73: 魔法长袍（男） | I73: 4 | V73: 生命值 | W73: 20 | X73: 攻击下限 | Y73: 2 | Z73: 攻击上限 | AA73: 2
A74: 72 | B74: 24 | C74: 血饮套 | D74: {=INDEX(编号表!$A:$A,MATCH(E74,编号表!$B:$B,0))} -> 51000404 | E74: 血饮 | F74: 6 | G74: {=INDEX(编号表!$A:$A,MATCH(H74,编号表!$B:$B,0))} -> 51005402 | H74: 魔法长袍（男） | I74: 6 | V74: 生命值 | W74: 30 | X74: 攻击下限 | Y74: 3 | Z74: 攻击上限 | AA74: 3
A75: 73 | B75: 25 | C75: 无极棍套 | D75: {=INDEX(编号表!$A:$A,MATCH(E75,编号表!$B:$B,0))} -> 51000403 | E75: 无极棍 | F75: 2 | G75: {=INDEX(编号表!$A:$A,MATCH(H75,编号表!$B:$B,0))} -> 51005400 | H75: 灵魂战衣（男） | I75: 2 | V75: 生命值 | W75: 10 | X75: 攻击下限 | Y75: 1 | Z75: 攻击上限 | AA75: 1
A76: 74 | B76: 25 | C76: 无极棍套 | D76: {=INDEX(编号表!$A:$A,MATCH(E76,编号表!$B:$B,0))} -> 51000403 | E76: 无极棍 | F76: 4 | G76: {=INDEX(编号表!$A:$A,MATCH(H76,编号表!$B:$B,0))} -> 51005400 | H76: 灵魂战衣（男） | I76: 4 | V76: 生命值 | W76: 20 | X76: 攻击下限 | Y76: 2 | Z76: 攻击上限 | AA76: 2
A77: 75 | B77: 25 | C77: 无极棍套 | D77: {=INDEX(编号表!$A:$A,MATCH(E77,编号表!$B:$B,0))} -> 51000403 | E77: 无极棍 | F77: 6 | G77: {=INDEX(编号表!$A:$A,MATCH(H77,编号表!$B:$B,0))} -> 51005400 | H77: 灵魂战衣（男） | I77: 6 | V77: 生命值 | W77: 30 | X77: 攻击下限 | Y77: 3 | Z77: 攻击上限 | AA77: 3
A78: 76 | B78: 26 | C78: 骷髅勋章套（战） | D78: {=INDEX(编号表!$A:$A,MATCH(E78,编号表!$B:$B,0))} -> 51006406 | E78: 骷髅头盔 | F78: 2 | G78: {=INDEX(编号表!$A:$A,MATCH(H78,编号表!$B:$B,0))} -> 51008402 | H78: 骷髅战靴 | I78: 2 | J78: {=INDEX(编号表!$A:$A,MATCH(K78,编号表!$B:$B,0))} -> 51007402 | K78: 骷髅腰带 | L78: 2 | M78: {=INDEX(编号表!$A:$A,MATCH(N78,编号表!$B:$B,0))} -> 51001403 | N78: 骷髅项链 | O78: 2 | V78: 生命值 | W78: 10 | X78: 攻击下限 | Y78: 1 | Z78: 攻击上限 | AA78: 1
A79: 77 | B79: 26 | C79: 骷髅勋章套（战） | D79: {=INDEX(编号表!$A:$A,MATCH(E79,编号表!$B:$B,0))} -> 51006406 | E79: 骷髅头盔 | F79: 4 | G79: {=INDEX(编号表!$A:$A,MATCH(H79,编号表!$B:$B,0))} -> 51008402 | H79: 骷髅战靴 | I79: 4 | J79: {=INDEX(编号表!$A:$A,MATCH(K79,编号表!$B:$B,0))} -> 51007402 | K79: 骷髅腰带 | L79: 4 | M79: {=INDEX(编号表!$A:$A,MATCH(N79,编号表!$B:$B,0))} -> 51001403 | N79: 骷髅项链 | O79: 4 | V79: 生命值 | W79: 20 | X79: 攻击下限 | Y79: 2 | Z79: 攻击上限 | AA79: 2
A80: 78 | B80: 26 | C80: 骷髅勋章套（战） | D80: {=INDEX(编号表!$A:$A,MATCH(E80,编号表!$B:$B,0))} -> 51006406 | E80: 骷髅头盔 | F80: 6 | G80: {=INDEX(编号表!$A:$A,MATCH(H80,编号表!$B:$B,0))} -> 51008402 | H80: 骷髅战靴 | I80: 6 | J80: {=INDEX(编号表!$A:$A,MATCH(K80,编号表!$B:$B,0))} -> 51007402 | K80: 骷髅腰带 | L80: 6 | M80: {=INDEX(编号表!$A:$A,MATCH(N80,编号表!$B:$B,0))} -> 51001403 | N80: 骷髅项链 | O80: 6 | V80: 生命值 | W80: 30 | X80: 攻击下限 | Y80: 3 | Z80: 攻击上限 | AA80: 3
A81: 79 | B81: 27 | C81: 飞龙勋章套（法） | D81: {=INDEX(编号表!$A:$A,MATCH(E81,编号表!$B:$B,0))} -> 51006403 | E81: 飞龙头盔 | F81: 2 | G81: {=INDEX(编号表!$A:$A,MATCH(H81,编号表!$B:$B,0))} -> 51008401 | H81: 飞龙魔靴 | I81: 2 | J81: {=INDEX(编号表!$A:$A,MATCH(K81,编号表!$B:$B,0))} -> 51007401 | K81: 飞龙腰带 | L81: 2 | M81: {=INDEX(编号表!$A:$A,MATCH(N81,编号表!$B:$B,0))} -> 51001402 | N81: 飞龙项链 | O81: 2 | V81: 生命值 | W81: 10 | X81: 攻击下限 | Y81: 1 | Z81: 攻击上限 | AA81: 1
A82: 80 | B82: 27 | C82: 飞龙勋章套（法） | D82: {=INDEX(编号表!$A:$A,MATCH(E82,编号表!$B:$B,0))} -> 51006403 | E82: 飞龙头盔 | F82: 4 | G82: {=INDEX(编号表!$A:$A,MATCH(H82,编号表!$B:$B,0))} -> 51008401 | H82: 飞龙魔靴 | I82: 4 | J82: {=INDEX(编号表!$A:$A,MATCH(K82,编号表!$B:$B,0))} -> 51007401 | K82: 飞龙腰带 | L82: 4 | M82: {=INDEX(编号表!$A:$A,MATCH(N82,编号表!$B:$B,0))} -> 51001402 | N82: 飞龙项链 | O82: 4 | V82: 生命值 | W82: 20 | X82: 攻击下限 | Y82: 2 | Z82: 攻击上限 | AA82: 2
A83: 81 | B83: 27 | C83: 飞龙勋章套（法） | D83: {=INDEX(编号表!$A:$A,MATCH(E83,编号表!$B:$B,0))} -> 51006403 | E83: 飞龙头盔 | F83: 6 | G83: {=INDEX(编号表!$A:$A,MATCH(H83,编号表!$B:$B,0))} -> 51008401 | H83: 飞龙魔靴 | I83: 6 | J83: {=INDEX(编号表!$A:$A,MATCH(K83,编号表!$B:$B,0))} -> 51007401 | K83: 飞龙腰带 | L83: 6 | M83: {=INDEX(编号表!$A:$A,MATCH(N83,编号表!$B:$B,0))} -> 51001402 | N83: 飞龙项链 | O83: 6 | V83: 生命值 | W83: 30 | X83: 攻击下限 | Y83: 3 | Z83: 攻击上限 | AA83: 3
A84: 82 | B84: 28 | C84: 道术勋章套（道） | D84: {=INDEX(编号表!$A:$A,MATCH(E84,编号表!$B:$B,0))} -> 51006404 | E84: 道术头盔 | F84: 2 | G84: {=INDEX(编号表!$A:$A,MATCH(H84,编号表!$B:$B,0))} -> 51008400 | H84: 道术道靴 | I84: 2 | J84: {=INDEX(编号表!$A:$A,MATCH(K84,编号表!$B:$B,0))} -> 51007400 | K84: 道术腰带 | L84: 2 | M84: {=INDEX(编号表!$A:$A,MATCH(N84,编号表!$B:$B,0))} -> 51001401 | N84: 道术项链 | O84: 2 | V84: 生命值 | W84: 10 | X84: 攻击下限 | Y84: 1 | Z84: 攻击上限 | AA84: 1
A85: 83 | B85: 28 | C85: 道术勋章套（道） | D85: {=INDEX(编号表!$A:$A,MATCH(E85,编号表!$B:$B,0))} -> 51006404 | E85: 道术头盔 | F85: 4 | G85: {=INDEX(编号表!$A:$A,MATCH(H85,编号表!$B:$B,0))} -> 51008400 | H85: 道术道靴 | I85: 4 | J85: {=INDEX(编号表!$A:$A,MATCH(K85,编号表!$B:$B,0))} -> 51007400 | K85: 道术腰带 | L85: 4 | M85: {=INDEX(编号表!$A:$A,MATCH(N85,编号表!$B:$B,0))} -> 51001401 | N85: 道术项链 | O85: 4 | V85: 生命值 | W85: 20 | X85: 攻击下限 | Y85: 2 | Z85: 攻击上限 | AA85: 2
A86: 84 | B86: 28 | C86: 道术勋章套（道） | D86: {=INDEX(编号表!$A:$A,MATCH(E86,编号表!$B:$B,0))} -> 51006404 | E86: 道术头盔 | F86: 6 | G86: {=INDEX(编号表!$A:$A,MATCH(H86,编号表!$B:$B,0))} -> 51008400 | H86: 道术道靴 | I86: 6 | J86: {=INDEX(编号表!$A:$A,MATCH(K86,编号表!$B:$B,0))} -> 51007400 | K86: 道术腰带 | L86: 6 | M86: {=INDEX(编号表!$A:$A,MATCH(N86,编号表!$B:$B,0))} -> 51001401 | N86: 道术项链 | O86: 6 | V86: 生命值 | W86: 30 | X86: 攻击下限 | Y86: 3 | Z86: 攻击上限 | AA86: 3
A87: 85 | B87: 29 | C87: 玛瑙勋章套（战） | D87: {=INDEX(编号表!$A:$A,MATCH(E87,编号表!$B:$B,0))} -> 51006402 | E87: 玛瑙头盔 | F87: 2 | G87: {=INDEX(编号表!$A:$A,MATCH(H87,编号表!$B:$B,0))} -> 51008405 | H87: 玛瑙战靴 | I87: 2 | J87: {=INDEX(编号表!$A:$A,MATCH(K87,编号表!$B:$B,0))} -> 51007406 | K87: 玛瑙腰带 | L87: 2 | V87: 生命值 | W87: 10 | X87: 攻击下限 | Y87: 1 | Z87: 攻击上限 | AA87: 1
A88: 86 | B88: 29 | C88: 玛瑙勋章套（战） | D88: {=INDEX(编号表!$A:$A,MATCH(E88,编号表!$B:$B,0))} -> 51006402 | E88: 玛瑙头盔 | F88: 4 | G88: {=INDEX(编号表!$A:$A,MATCH(H88,编号表!$B:$B,0))} -> 51008405 | H88: 玛瑙战靴 | I88: 4 | J88: {=INDEX(编号表!$A:$A,MATCH(K88,编号表!$B:$B,0))} -> 51007406 | K88: 玛瑙腰带 | L88: 4 | V88: 生命值 | W88: 20 | X88: 攻击下限 | Y88: 2 | Z88: 攻击上限 | AA88: 2
A89: 87 | B89: 29 | C89: 玛瑙勋章套（战） | D89: {=INDEX(编号表!$A:$A,MATCH(E89,编号表!$B:$B,0))} -> 51006402 | E89: 玛瑙头盔 | F89: 6 | G89: {=INDEX(编号表!$A:$A,MATCH(H89,编号表!$B:$B,0))} -> 51008405 | H89: 玛瑙战靴 | I89: 6 | J89: {=INDEX(编号表!$A:$A,MATCH(K89,编号表!$B:$B,0))} -> 51007406 | K89: 玛瑙腰带 | L89: 6 | V89: 生命值 | W89: 30 | X89: 攻击下限 | Y89: 3 | Z89: 攻击上限 | AA89: 3
A90: 88 | B90: 30 | C90: 犀角勋章套（法） | D90: {=INDEX(编号表!$A:$A,MATCH(E90,编号表!$B:$B,0))} -> 51006405 | E90: 犀角头盔 | F90: 2 | G90: {=INDEX(编号表!$A:$A,MATCH(H90,编号表!$B:$B,0))} -> 51008404 | H90: 犀角魔靴 | I90: 2 | J90: {=INDEX(编号表!$A:$A,MATCH(K90,编号表!$B:$B,0))} -> 51007404 | K90: 犀角腰带 | L90: 2 | V90: 生命值 | W90: 10 | X90: 攻击下限 | Y90: 1 | Z90: 攻击上限 | AA90: 1
A91: 89 | B91: 30 | C91: 犀角勋章套（法） | D91: {=INDEX(编号表!$A:$A,MATCH(E91,编号表!$B:$B,0))} -> 51006405 | E91: 犀角头盔 | F91: 4 | G91: {=INDEX(编号表!$A:$A,MATCH(H91,编号表!$B:$B,0))} -> 51008404 | H91: 犀角魔靴 | I91: 4 | J91: {=INDEX(编号表!$A:$A,MATCH(K91,编号表!$B:$B,0))} -> 51007404 | K91: 犀角腰带 | L91: 4 | V91: 生命值 | W91: 20 | X91: 攻击下限 | Y91: 2 | Z91: 攻击上限 | AA91: 2
A92: 90 | B92: 30 | C92: 犀角勋章套（法） | D92: {=INDEX(编号表!$A:$A,MATCH(E92,编号表!$B:$B,0))} -> 51006405 | E92: 犀角头盔 | F92: 6 | G92: {=INDEX(编号表!$A:$A,MATCH(H92,编号表!$B:$B,0))} -> 51008404 | H92: 犀角魔靴 | I92: 6 | J92: {=INDEX(编号表!$A:$A,MATCH(K92,编号表!$B:$B,0))} -> 51007404 | K92: 犀角腰带 | L92: 6 | V92: 生命值 | W92: 30 | X92: 攻击下限 | Y92: 3 | Z92: 攻击上限 | AA92: 3
A93: 91 | B93: 31 | C93: 极限勋章套（道） | D93: {=INDEX(编号表!$A:$A,MATCH(E93,编号表!$B:$B,0))} -> 51006400 | E93: 极限头盔 | F93: 2 | G93: {=INDEX(编号表!$A:$A,MATCH(H93,编号表!$B:$B,0))} -> 51008403 | H93: 极限道靴 | I93: 2 | J93: {=INDEX(编号表!$A:$A,MATCH(K93,编号表!$B:$B,0))} -> 51007405 | K93: 极限腰带 | L93: 2 | V93: 生命值 | W93: 10 | X93: 攻击下限 | Y93: 1 | Z93: 攻击上限 | AA93: 1
A94: 92 | B94: 31 | C94: 极限勋章套（道） | D94: {=INDEX(编号表!$A:$A,MATCH(E94,编号表!$B:$B,0))} -> 51006400 | E94: 极限头盔 | F94: 4 | G94: {=INDEX(编号表!$A:$A,MATCH(H94,编号表!$B:$B,0))} -> 51008403 | H94: 极限道靴 | I94: 4 | J94: {=INDEX(编号表!$A:$A,MATCH(K94,编号表!$B:$B,0))} -> 51007405 | K94: 极限腰带 | L94: 4 | V94: 生命值 | W94: 20 | X94: 攻击下限 | Y94: 2 | Z94: 攻击上限 | AA94: 2
A95: 93 | B95: 31 | C95: 极限勋章套（道） | D95: {=INDEX(编号表!$A:$A,MATCH(E95,编号表!$B:$B,0))} -> 51006400 | E95: 极限头盔 | F95: 6 | G95: {=INDEX(编号表!$A:$A,MATCH(H95,编号表!$B:$B,0))} -> 51008403 | H95: 极限道靴 | I95: 6 | J95: {=INDEX(编号表!$A:$A,MATCH(K95,编号表!$B:$B,0))} -> 51007405 | K95: 极限腰带 | L95: 6 | V95: 生命值 | W95: 30 | X95: 攻击下限 | Y95: 3 | Z95: 攻击上限 | AA95: 3
A96: 94 | B96: 32 | C96: 雷电勋章套（战） | D96: {=INDEX(编号表!$A:$A,MATCH(E96,编号表!$B:$B,0))} -> 51503503 | E96: 雷电戒指 | F96: 2 | G96: {=INDEX(编号表!$A:$A,MATCH(H96,编号表!$B:$B,0))} -> 51502503 | H96: 雷电手镯 | I96: 2 | J96: {=INDEX(编号表!$A:$A,MATCH(K96,编号表!$B:$B,0))} -> 51506502 | K96: 雷电头盔 | L96: 2 | M96: {=INDEX(编号表!$A:$A,MATCH(N96,编号表!$B:$B,0))} -> 51501503 | N96: 雷电项链 | O96: 2 | P96: {=INDEX(编号表!$A:$A,MATCH(Q96,编号表!$B:$B,0))} -> 51508502 | Q96: 雷电战靴 | R96: 2 | S96: {=INDEX(编号表!$A:$A,MATCH(T96,编号表!$B:$B,0))} -> 51507501 | T96: 雷电腰带 | U96: 2 | V96: 生命值 | W96: 10 | X96: 攻击下限 | Y96: 1 | Z96: 攻击上限 | AA96: 1
A97: 95 | B97: 32 | C97: 雷电勋章套（战） | D97: {=INDEX(编号表!$A:$A,MATCH(E97,编号表!$B:$B,0))} -> 51503503 | E97: 雷电戒指 | F97: 4 | G97: {=INDEX(编号表!$A:$A,MATCH(H97,编号表!$B:$B,0))} -> 51502503 | H97: 雷电手镯 | I97: 4 | J97: {=INDEX(编号表!$A:$A,MATCH(K97,编号表!$B:$B,0))} -> 51506502 | K97: 雷电头盔 | L97: 4 | M97: {=INDEX(编号表!$A:$A,MATCH(N97,编号表!$B:$B,0))} -> 51501503 | N97: 雷电项链 | O97: 4 | P97: {=INDEX(编号表!$A:$A,MATCH(Q97,编号表!$B:$B,0))} -> 51508502 | Q97: 雷电战靴 | R97: 4 | S97: {=INDEX(编号表!$A:$A,MATCH(T97,编号表!$B:$B,0))} -> 51507501 | T97: 雷电腰带 | U97: 4 | V97: 生命值 | W97: 20 | X97: 攻击下限 | Y97: 2 | Z97: 攻击上限 | AA97: 2
A98: 96 | B98: 32 | C98: 雷电勋章套（战） | D98: {=INDEX(编号表!$A:$A,MATCH(E98,编号表!$B:$B,0))} -> 51503503 | E98: 雷电戒指 | F98: 6 | G98: {=INDEX(编号表!$A:$A,MATCH(H98,编号表!$B:$B,0))} -> 51502503 | H98: 雷电手镯 | I98: 6 | J98: {=INDEX(编号表!$A:$A,MATCH(K98,编号表!$B:$B,0))} -> 51506502 | K98: 雷电头盔 | L98: 6 | M98: {=INDEX(编号表!$A:$A,MATCH(N98,编号表!$B:$B,0))} -> 51501503 | N98: 雷电项链 | O98: 6 | P98: {=INDEX(编号表!$A:$A,MATCH(Q98,编号表!$B:$B,0))} -> 51508502 | Q98: 雷电战靴 | R98: 6 | S98: {=INDEX(编号表!$A:$A,MATCH(T98,编号表!$B:$B,0))} -> 51507501 | T98: 雷电腰带 | U98: 6 | V98: 生命值 | W98: 30 | X98: 攻击下限 | Y98: 3 | Z98: 攻击上限 | AA98: 3
A99: 97 | B99: 33 | C99: 焰火勋章套（法） | D99: {=INDEX(编号表!$A:$A,MATCH(E99,编号表!$B:$B,0))} -> 51503502 | E99: 焰火戒指 | F99: 2 | G99: {=INDEX(编号表!$A:$A,MATCH(H99,编号表!$B:$B,0))} -> 51502502 | H99: 焰火手镯 | I99: 2 | J99: {=INDEX(编号表!$A:$A,MATCH(K99,编号表!$B:$B,0))} -> 51506501 | K99: 焰火头盔 | L99: 2 | M99: {=INDEX(编号表!$A:$A,MATCH(N99,编号表!$B:$B,0))} -> 51501502 | N99: 焰火项链 | O99: 2 | P99: {=INDEX(编号表!$A:$A,MATCH(Q99,编号表!$B:$B,0))} -> 51508501 | Q99: 焰火魔靴 | R99: 2 | S99: {=INDEX(编号表!$A:$A,MATCH(T99,编号表!$B:$B,0))} -> 51507500 | T99: 焰火腰带 | U99: 2 | V99: 生命值 | W99: 10 | X99: 攻击下限 | Y99: 1 | Z99: 攻击上限 | AA99: 1
A100: 98 | B100: 33 | C100: 焰火勋章套（法） | D100: {=INDEX(编号表!$A:$A,MATCH(E100,编号表!$B:$B,0))} -> 51503502 | E100: 焰火戒指 | F100: 4 | G100: {=INDEX(编号表!$A:$A,MATCH(H100,编号表!$B:$B,0))} -> 51502502 | H100: 焰火手镯 | I100: 4 | J100: {=INDEX(编号表!$A:$A,MATCH(K100,编号表!$B:$B,0))} -> 51506501 | K100: 焰火头盔 | L100: 4 | M100: {=INDEX(编号表!$A:$A,MATCH(N100,编号表!$B:$B,0))} -> 51501502 | N100: 焰火项链 | O100: 4 | P100: {=INDEX(编号表!$A:$A,MATCH(Q100,编号表!$B:$B,0))} -> 51508501 | Q100: 焰火魔靴 | R100: 4 | S100: {=INDEX(编号表!$A:$A,MATCH(T100,编号表!$B:$B,0))} -> 51507500 | T100: 焰火腰带 | U100: 4 | V100: 生命值 | W100: 20 | X100: 攻击下限 | Y100: 2 | Z100: 攻击上限 | AA100: 2
A101: 99 | B101: 33 | C101: 焰火勋章套（法） | D101: {=INDEX(编号表!$A:$A,MATCH(E101,编号表!$B:$B,0))} -> 51503502 | E101: 焰火戒指 | F101: 6 | G101: {=INDEX(编号表!$A:$A,MATCH(H101,编号表!$B:$B,0))} -> 51502502 | H101: 焰火手镯 | I101: 6 | J101: {=INDEX(编号表!$A:$A,MATCH(K101,编号表!$B:$B,0))} -> 51506501 | K101: 焰火头盔 | L101: 6 | M101: {=INDEX(编号表!$A:$A,MATCH(N101,编号表!$B:$B,0))} -> 51501502 | N101: 焰火项链 | O101: 6 | P101: {=INDEX(编号表!$A:$A,MATCH(Q101,编号表!$B:$B,0))} -> 51508501 | Q101: 焰火魔靴 | R101: 6 | S101: {=INDEX(编号表!$A:$A,MATCH(T101,编号表!$B:$B,0))} -> 51507500 | T101: 焰火腰带 | U101: 6 | V101: 生命值 | W101: 30 | X101: 攻击下限 | Y101: 3 | Z101: 攻击上限 | AA101: 3
A102: 100 | B102: 34 | C102: 冰晶勋章套（道） | D102: {=INDEX(编号表!$A:$A,MATCH(E102,编号表!$B:$B,0))} -> 51503501 | E102: 冰晶戒指 | F102: 2 | G102: {=INDEX(编号表!$A:$A,MATCH(H102,编号表!$B:$B,0))} -> 51502501 | H102: 冰晶手镯 | I102: 2 | J102: {=INDEX(编号表!$A:$A,MATCH(K102,编号表!$B:$B,0))} -> 51506500 | K102: 冰晶头盔 | L102: 2 | M102: {=INDEX(编号表!$A:$A,MATCH(N102,编号表!$B:$B,0))} -> 51501501 | N102: 冰晶项链 | O102: 2 | P102: {=INDEX(编号表!$A:$A,MATCH(Q102,编号表!$B:$B,0))} -> 51508500 | Q102: 冰晶道靴 | R102: 2 | S102: {=INDEX(编号表!$A:$A,MATCH(T102,编号表!$B:$B,0))} -> 51507502 | T102: 冰晶腰带 | U102: 2 | V102: 生命值 | W102: 10 | X102: 攻击下限 | Y102: 1 | Z102: 攻击上限 | AA102: 1
A103: 101 | B103: 34 | C103: 冰晶勋章套（道） | D103: {=INDEX(编号表!$A:$A,MATCH(E103,编号表!$B:$B,0))} -> 51503501 | E103: 冰晶戒指 | F103: 4 | G103: {=INDEX(编号表!$A:$A,MATCH(H103,编号表!$B:$B,0))} -> 51502501 | H103: 冰晶手镯 | I103: 4 | J103: {=INDEX(编号表!$A:$A,MATCH(K103,编号表!$B:$B,0))} -> 51506500 | K103: 冰晶头盔 | L103: 4 | M103: {=INDEX(编号表!$A:$A,MATCH(N103,编号表!$B:$B,0))} -> 51501501 | N103: 冰晶项链 | O103: 4 | P103: {=INDEX(编号表!$A:$A,MATCH(Q103,编号表!$B:$B,0))} -> 51508500 | Q103: 冰晶道靴 | R103: 4 | S103: {=INDEX(编号表!$A:$A,MATCH(T103,编号表!$B:$B,0))} -> 51507502 | T103: 冰晶腰带 | U103: 4 | V103: 生命值 | W103: 20 | X103: 攻击下限 | Y103: 2 | Z103: 攻击上限 | AA103: 2
A104: 102 | B104: 34 | C104: 冰晶勋章套（道） | D104: {=INDEX(编号表!$A:$A,MATCH(E104,编号表!$B:$B,0))} -> 51503501 | E104: 冰晶戒指 | F104: 6 | G104: {=INDEX(编号表!$A:$A,MATCH(H104,编号表!$B:$B,0))} -> 51502501 | H104: 冰晶手镯 | I104: 6 | J104: {=INDEX(编号表!$A:$A,MATCH(K104,编号表!$B:$B,0))} -> 51506500 | K104: 冰晶头盔 | L104: 6 | M104: {=INDEX(编号表!$A:$A,MATCH(N104,编号表!$B:$B,0))} -> 51501501 | N104: 冰晶项链 | O104: 6 | P104: {=INDEX(编号表!$A:$A,MATCH(Q104,编号表!$B:$B,0))} -> 51508500 | Q104: 冰晶道靴 | R104: 6 | S104: {=INDEX(编号表!$A:$A,MATCH(T104,编号表!$B:$B,0))} -> 51507502 | T104: 冰晶腰带 | U104: 6 | V104: 生命值 | W104: 30 | X104: 攻击下限 | Y104: 3 | Z104: 攻击上限 | AA104: 3
A105: 103 | B105: 35 | C105: 魔血套 | D105: {=INDEX(编号表!$A:$A,MATCH(E105,编号表!$B:$B,0))} -> 51502500 | E105: 魔血手镯 | F105: 2 | G105: {=INDEX(编号表!$A:$A,MATCH(H105,编号表!$B:$B,0))} -> 51503500 | H105: 魔血戒指 | I105: 2 | J105: {=INDEX(编号表!$A:$A,MATCH(K105,编号表!$B:$B,0))} -> 51501500 | K105: 魔血项链 | L105: 2 | V105: 生命值 | W105: 10 | X105: 攻击下限 | Y105: 1 | Z105: 攻击上限 | AA105: 1
...

Sheet 编号表
A1: 装备ID | B1: 名称
A2: ID | B2: Name
A3: 50000100 | B3: 木剑
A4: 50000101 | B4: 乌木剑 | E4: 装备表每次有更新，都必须对应更新这个表格，粘贴数值！！！
A5: 50000102 | B5: 鹤嘴锄
A6: 50000103 | B6: 矿铲
A7: 50000104 | B7: 青铜剑
A8: 50000105 | B8: 匕首
A9: 50001100 | B9: 金项链
A10: 50001101 | B10: 传统项链
A11: 50001102 | B11: 初级项链
A12: 50001103 | B12: 原始项链
A13: 50001104 | B13: 生铁项链
A14: 50001105 | B14: 花朵项链
A15: 50002100 | B15: 铁手镯
A16: 50002101 | B16: 小手镯
... A896: 52521600 | B896: 亡灵战马
