Workbook

Sheet item_config
A1: ##var | B1: ID | C1: Name | D1: Color | F1: DurT | H1: MainClass | I1: SubClass | J1: DropLevel | K1: DisplayType | L1: attrLimit | M1: durT | N1: isDrop | O1: isAutoUse | P1: RequiredLevel | Q1: CultivationTags | R1: PileMax | S1: FunctionType | T1: FunctionID | U1: FunctionValue | V1: Desc | W1: SpecDesc | X1: IconID | Y1: mdxID | Z1: LightEffId | AA1: Border1 | AB1: Border2 | AC1: Tag1 | AD1: Tag2 | AE1: Tag3 | AF1: Tag4
A2: ##type | B2: int | C2: string | D2: string | F2: int | H2: string | I2: string | J2: int | K2: string | L2: int | M2: int | N2: bool | O2: bool | P2: int | Q2: string | R2: int | S2: string | T2: int | U2: int | V2: string | W2: string | X2: string | Y2: string | Z2: string | AA2: string | AB2: string | AC2: string | AD2: string | AE2: string | AF2: string
A3: ##group
A4: ## | B4: 道具ID | C4: 0名称 | D4: 0颜色 | E4: 0ID编号 | F4: 存在时间 | G4: 0大类 | H4: 0大类 | I4: 0子类 | J4: 0档次 | K4: 0显示分类 | L4: 属性限制 | M4: 存在时间 | N4: 0是否可丢弃 | O4: 是否可以自动使用 | P4: 0使用级别下限 | Q4: 修炼标签 | R4: 0堆叠上限 | S4: 0功能类型 | T4: 0功能ID | U4: 0功能数值 | V4: 0说明 | W4: 0获得说明 | X4: 0背包图标 | Y4: 0地表模型 | Z4: 掉落光柱模型 | AA4: 静态边框 | AB4: 动态边框 | AC4: 标签1 | AD4: 标签2 | AE4: 标签3 | AF4: 标签4
B5: 31010001 | C5: 一小袋金币 | D5: 白色 | E5: 1 | F5: 60 | G5: 货币 | H5: 大类_基础 | I5: 子类_货币 | J5: 1 | K5: 货币 | M5: 30000 | N5: 否 | P5: 1 | Q5: 无 | R5: 999 | S5: 货币_金币 | U5: 50 | V5: ="|cff00FF00"&C5&"，打开后可以获得"&U5&"金币。" | W5: 击杀所有怪物，出售道具装备可获得 | X5: 31010001 | Y5: fall_coin | AC5: 货币 | AD5: 金币
B6: 31010002 | C6: 一小袋灵符 | D6: 白色 | E6: 2 | F6: 60 | G6: 货币 | H6: 大类_基础 | I6: 子类_货币 | J6: 2 | K6: 货币 | M6: 30000 | N6: 否 | P6: 1 | Q6: 无 | R6: 999 | S6: 货币_灵符 | U6: 5 | V6: ="|cff00FF00"&C6&"，打开后可以获得"&U6&"灵符。" | W6: 击杀所有怪物，出售道具装备可获得 | X6: 31010002 | Y6: fall_lingfu | AC6: 货币 | AD6: 灵符
B7: 31010003 | C7: 一袋金币 | D7: 白色 | E7: 3 | F7: 60 | G7: 货币 | H7: 大类_基础 | I7: 子类_货币 | J7: 3 | K7: 货币 | M7: 30000 | N7: 否 | P7: 1 | Q7: 无 | R7: 999 | S7: 货币_金币 | U7: 100 | V7: ="|cff00FF00"&C7&"，打开后可以获得"&U7&"金币。" | W7: 击杀所有怪物，出售道具装备可获得 | X7: 31010001 | Y7: fall_coin | AC7: 货币 | AD7: 金币
B8: 31010004 | C8: 一袋灵符 | D8: 白色 | E8: 4 | F8: 60 | G8: 货币 | H8: 大类_基础 | I8: 子类_货币 | J8: 4 | K8: 货币 | M8: 30000 | N8: 否 | P8: 1 | Q8: 无 | R8: 999 | S8: 货币_灵符 | U8: 10 | V8: ="|cff00FF00"&C8&"，打开后可以获得"&U8&"灵符。" | W8: 击杀所有怪物，出售道具装备可获得 | X8: 31010002 | Y8: fall_lingfu | AC8: 货币 | AD8: 灵符
B9: 31010005 | C9: 一大袋金币 | D9: 白色 | E9: 5 | F9: 60 | G9: 货币 | H9: 大类_基础 | I9: 子类_货币 | J9: 5 | K9: 货币 | M9: 30000 | N9: 否 | P9: 1 | Q9: 无 | R9: 999 | S9: 货币_金币 | U9: 500 | V9: ="|cff00FF00"&C9&"，打开后可以获得"&U9&"金币。" | W9: 击杀所有怪物，出售道具装备可获得 | X9: 31010001 | Y9: fall_coin | AC9: 货币 | AD9: 金币
B10: 31010006 | C10: 一大袋灵符 | D10: 白色 | E10: 6 | F10: 60 | G10: 货币 | H10: 大类_基础 | I10: 子类_货币 | J10: 6 | K10: 货币 | M10: 30000 | N10: 否 | P10: 1 | Q10: 无 | R10: 999 | S10: 货币_灵符 | U10: 50 | V10: ="|cff00FF00"&C10&"，打开后可以获得"&U10&"灵符。" | W10: 击杀所有怪物，出售道具装备可获得 | X10: 31010002 | Y10: fall_lingfu | AC10: 货币 | AD10: 灵符
B11: 31010007 | C11: 一箱金币 | D11: 白色 | E11: 7 | F11: 60 | G11: 货币 | H11: 大类_基础 | I11: 子类_货币 | J11: 7 | K11: 货币 | M11: 30000 | N11: 否 | P11: 1 | Q11: 无 | R11: 999 | S11: 货币_金币 | U11: 1000 | V11: ="|cff00FF00"&C11&"，打开后可以获得"&U11&"金币。" | W11: 击杀所有怪物，出售道具装备可获得 | X11: 31010001 | Y11: fall_coin | AC11: 货币 | AD11: 金币
B12: 31010008 | C12: 一箱灵符 | D12: 白色 | E12: 8 | F12: 60 | G12: 货币 | H12: 大类_基础 | I12: 子类_货币 | J12: 8 | K12: 货币 | M12: 30000 | N12: 否 | P12: 1 | Q12: 无 | R12: 999 | S12: 货币_灵符 | U12: 100 | V12: ="|cff00FF00"&C12&"，打开后可以获得"&U12&"灵符。" | W12: 击杀所有怪物，出售道具装备可获得 | X12: 31010002 | Y12: fall_lingfu | AC12: 货币 | AD12: 灵符
B13: 31010009 | C13: 一大箱金币 | D13: 白色 | E13: 9 | F13: 60 | G13: 货币 | H13: 大类_基础 | I13: 子类_货币 | J13: 9 | K13: 货币 | M13: 30000 | N13: 否 | P13: 1 | Q13: 无 | R13: 999 | S13: 货币_金币 | U13: 5000 | V13: ="|cff00FF00"&C13&"，打开后可以获得"&U13&"金币。" | W13: 击杀所有怪物，出售道具装备可获得 | X13: 31010001 | Y13: fall_coin | AC13: 货币 | AD13: 金币
B14: 31010010 | C14: 一大箱灵符 | D14: 白色 | E14: 10 | F14: 60 | G14: 货币 | H14: 大类_基础 | I14: 子类_货币 | J14: 10 | K14: 货币 | M14: 30000 | N14: 否 | P14: 1 | Q14: 无 | R14: 999 | S14: 货币_灵符 | U14: 500 | V14: ="|cff00FF00"&C14&"，打开后可以获得"&U14&"灵符。" | W14: 击杀所有怪物，出售道具装备可获得 | X14: 31010002 | Y14: fall_lingfu | AC14: 货币 | AD14: 灵符
B15: 31010011 | C15: 一车金币 | D15: 白色 | E15: 11 | F15: 60 | G15: 货币 | H15: 大类_基础 | I15: 子类_货币 | J15: 11 | K15: 货币 | M15: 30000 | N15: 否 | P15: 1 | Q15: 无 | R15: 999 | S15: 货币_金币 | U15: 10000 | V15: ="|cff00FF00"&C15&"，打开后可以获得"&U15&"金币。" | W15: 击杀所有怪物，出售道具装备可获得 | X15: 31010001 | Y15: fall_coin | AC15: 货币 | AD15: 金币
B16: 31010012 | C16: 一车灵符 | D16: 白色 | E16: 12 | F16: 60 | G16: 货币 | H16: 大类_基础 | I16: 子类_货币 | J16: 12 | K16: 货币 | M16: 30000 | N16: 否 | P16: 1 | Q16: 无 | R16: 999 | S16: 货币_灵符 | U16: 100 | V16: ="|cff00FF00"&C16&"，打开后可以获得"&U16&"灵符。" | W16: 击杀所有怪物，出售道具装备可获得 | X16: 31010002 | Y16: fall_lingfu | AC16: 货币 | AD16: 灵符
B17: 31010013 | C17: 一卡车金币 | D17: 白色 | E17: 13 | F17: 60 | G17: 货币 | H17: 大类_基础 | I17: 子类_货币 | J17: 13 | K17: 货币 | M17: 30000 | N17: 否 | P17: 1 | Q17: 无 | R17: 999 | S17: 货币_金币 | U17: 50000 | V17: ="|cff00FF00"&C17&"，打开后可以获得"&U17&"金币。" | W17: 击杀所有怪物，出售道具装备可获得 | X17: 31010001 | Y17: fall_coin | AC17: 货币 | AD17: 金币
B18: 31010014 | C18: 一卡车灵符 | D18: 白色 | E18: 14 | F18: 60 | G18: 货币 | H18: 大类_基础 | I18: 子类_货币 | J18: 14 | K18: 货币 | M18: 30000 | N18: 否 | P18: 1 | Q18: 无 | R18: 999 | S18: 货币_灵符 | U18: 500 | V18: ="|cff00FF00"&C18&"，打开后可以获得"&U18&"灵符。" | W18: 击杀所有怪物，出售道具装备可获得 | X18: 31010002 | Y18: fall_lingfu | AC18: 货币 | AD18: 灵符
B19: 31010015 | C19: 活跃丹 | D19: 紫色 | E19: 15 | F19: 60 | G19: 货币 | H19: 大类_基础 | I19: 子类_货币 | J19: 15 | K19: 货币 | M19: 30000 | N19: 否 | P19: 1 | Q19: 无 | R19: 999 | S19: 货币_活跃点 | U19: 1000 | V19: ="|cff00FF00"&C19&"，打开后可以获得"&U19&"活跃点。" | W19: 系统赠送获得 | Y19: fall_lingfu | Z19: ain_effect_ziseguangzhu_85 | AA19: BK_J_zi | AB19: BK_D_zi | AC19: 货币 | AD19: 活跃点
B20: 31010016 | C20: 声望丹 | D20: 紫色 | E20: 16 | F20: 60 | G20: 货币 | H20: 大类_基础 | I20: 子类_货币 | J20: 16 | K20: 货币 | M20: 30000 | N20: 否 | P20: 1 | Q20: 无 | R20: 999 | S20: 货币_声望点 | U20: 1000 | V20: ="|cff00FF00"&C20&"，打开后可以获得"&U20&"声望点。" | W20: 系统赠送获得 | Y20: fall_lingfu | Z20: ain_effect_ziseguangzhu_85 | AA20: BK_J_zi | AB20: BK_D_zi | AC20: 货币 | AD20: 声望点
B21: 34020001 | C21: 基础剑术 | D21: 绿色 | E21: 1 | F21: 60 | G21: 技能 | H21: 大类_基础 | I21: 子类_技能书 | J21: 1 | K21: 技能书 | M21: 30000 | N21: 是 | P21: 7 | Q21: 体修 | R21: 999 | S21: 技能书 | T21: 10010001 | V21: ="|cff00FF00达到"&P21&"级后可以学习技能"&C21&"，也可以在当前技能经验满后对该技能进行升级。" | W21: 击杀沃玛怪物获得 | X21: 34020001 | Y21: fall_jinengshu_01 | Z21: ain_effect_lvseguangzhu_88 | AA21: BK_J_lv | AB21: BK_D_lv | AC21: 材料 | AD21: 战士技能书
B22: 34020002 | C22: 攻杀剑术 | D22: 绿色 | E22: 2 | F22: 60 | G22: 技能 | H22: 大类_基础 | I22: 子类_技能书 | J22: 1 | K22: 技能书 | M22: 30000 | N22: 是 | P22: 19 | Q22: 体修 | R22: 999 | S22: 技能书 | T22: 10020001 | V22: ="|cff00FF00达到"&P22&"级后可以学习技能"&C22&"，也可以在当前技能经验满后对该技能进行升级。" | W22: 击杀沃玛怪物获得 | X22: 34020001 | Y22: fall_jinengshu_01 | Z22: ain_effect_lvseguangzhu_88 | AA22: BK_J_lv | AB22: BK_D_lv | AC22: 材料 | AD22: 战士技能书
B23: 34020003 | C23: 刺杀剑术 | D23: 绿色 | E23: 3 | F23: 60 | G23: 技能 | H23: 大类_基础 | I23: 子类_技能书 | J23: 1 | K23: 技能书 | M23: 30000 | N23: 是 | P23: 25 | Q23: 体修 | R23: 999 | S23: 技能书 | T23: 10030001 | V23: ="|cff00FF00达到"&P23&"级后可以学习技能"&C23&"，也可以在当前技能经验满后对该技能进行升级。" | W23: 击杀祖玛怪物获得 | X23: 34020001 | Y23: fall_jinengshu_01 | Z23: ain_effect_lvseguangzhu_88 | AA23: BK_J_lv | AB23: BK_D_lv | AC23: 材料 | AD23: 战士技能书
B24: 34020004 | C24: 半月弯刀 | D24: 绿色 | E24: 4 | F24: 60 | G24: 技能 | H24: 大类_基础 | I24: 子类_技能书 | J24: 1 | K24: 技能书 | M24: 30000 | N24: 是 | P24: 28 | Q24: 体修 | R24: 999 | S24: 技能书 | T24: 10040001 | V24: ="|cff00FF00达到"&P24&"级后可以学习技能"&C24&"，也可以在当前技能经验满后对该技能进行升级。" | W24: 击杀祖玛怪物获得 | X24: 34020001 | Y24: fall_jinengshu_01 | Z24: ain_effect_lvseguangzhu_88 | AA24: BK_J_lv | AB24: BK_D_lv | AC24: 材料 | AD24: 战士技能书
B25: 34020005 | C25: 野蛮冲撞 | D25: 绿色 | E25: 5 | F25: 60 | G25: 技能 | H25: 大类_基础 | I25: 子类_技能书 | J25: 1 | K25: 技能书 | M25: 30000 | N25: 是 | P25: 30 | Q25: 体修 | R25: 999 | S25: 技能书 | T25: 10050001 | V25: ="|cff00FF00达到"&P25&"级后可以学习技能"&C25&"，也可以在当前技能经验满后对该技能进行升级。" | W25: 击杀赤月怪物获得 | X25: 34020001 | Y25: fall_jinengshu_01 | Z25: ain_effect_lvseguangzhu_88 | AA25: BK_J_lv | AB25: BK_D_lv | AC25: 材料 | AD25: 战士技能书
B26: 34020006 | C26: 烈火剑法 | D26: 绿色 | E26: 6 | F26: 60 | G26: 技能 | H26: 大类_基础 | I26: 子类_技能书 | J26: 1 | K26: 技能书 | M26: 30000 | N26: 是 | P26: 35 | Q26: 体修 | R26: 999 | S26: 技能书 | T26: 10060001 | V26: ="|cff00FF00达到"&P26&"级后可以学习技能"&C26&"，也可以在当前技能经验满后对该技能进行升级。" | W26: 击杀赤月怪物获得 | X26: 34020001 | Y26: fall_jinengshu_01 | Z26: ain_effect_lvseguangzhu_88 | AA26: BK_J_lv | AB26: BK_D_lv | AC26: 材料 | AD26: 战士技能书
B27: 34020031 | C27: 火球术 | D27: 绿色 | E27: 31 | F27: 60 | G27: 技能 | H27: 大类_基础 | I27: 子类_技能书 | J27: 1 | K27: 技能书 | M27: 30000 | N27: 是 | P27: 7 | Q27: 法修 | R27: 999 | S27: 技能书 | T27: 10310001 | V27: ="|cff00FF00达到"&P27&"级后可以学习技能"&C27&"，也可以在当前技能经验满后对该技能进行升级。" | W27: 击杀沃玛怪物获得 | X27: 34020001 | Y27: fall_jinengshu_01 | Z27: ain_effect_lvseguangzhu_88 | AA27: BK_J_lv | AB27: BK_D_lv | AC27: 材料 | AD27: 法师技能书
B28: 34020032 | C28: 抗拒火环 | D28: 绿色 | E28: 32 | F28: 60 | G28: 技能 | H28: 大类_基础 | I28: 子类_技能书 | J28: 1 | K28: 技能书 | M28: 30000 | N28: 是 | P28: 12 | Q28: 法修 | R28: 999 | S28: 技能书 | T28: 10320001 | V28: ="|cff00FF00达到"&P28&"级后可以学习技能"&C28&"，也可以在当前技能经验满后对该技能进行升级。" | W28: 击杀沃玛怪物获得 | X28: 34020001 | Y28: fall_jinengshu_01 | Z28: ain_effect_lvseguangzhu_88 | AA28: BK_J_lv | AB28: BK_D_lv | AC28: 材料 | AD28: 法师技能书
B29: 34020033 | C29: 雷电术 | D29: 绿色 | E29: 33 | F29: 60 | G29: 技能 | H29: 大类_基础 | I29: 子类_技能书 | J29: 1 | K29: 技能书 | M29: 30000 | N29: 是 | P29: 17 | Q29: 法修 | R29: 999 | S29: 技能书 | T29: 10330001 | V29: ="|cff00FF00达到"&P29&"级后可以学习技能"&C29&"，也可以在当前技能经验满后对该技能进行升级。" | W29: 击杀祖玛怪物获得 | X29: 34020001 | Y29: fall_jinengshu_02 | Z29: ain_effect_lvseguangzhu_88 | AA29: BK_J_lv | AB29: BK_D_lv | AC29: 材料 | AD29: 法师技能书
B30: 34020034 | C30: 火墙 | D30: 绿色 | E30: 34 | F30: 60 | G30: 技能 | H30: 大类_基础 | I30: 子类_技能书 | J30: 1 | K30: 技能书 | M30: 30000 | N30: 是 | P30: 22 | Q30: 法修 | R30: 999 | S30: 技能书 | T30: 10340001 | V30: ="|cff00FF00达到"&P30&"级后可以学习技能"&C30&"，也可以在当前技能经验满后对该技能进行升级。" | W30: 击杀祖玛怪物获得 | X30: 34020001 | Y30: fall_jinengshu_02 | Z30: ain_effect_lvseguangzhu_88 | AA30: BK_J_lv | AB30: BK_D_lv | AC30: 材料 | AD30: 法师技能书
B31: 34020035 | C31: 疾光电影 | D31: 绿色 | E31: 35 | F31: 60 | G31: 技能 | H31: 大类_基础 | I31: 子类_技能书 | J31: 1 | K31: 技能书 | M31: 30000 | N31: 是 | P31: 26 | Q31: 法修 | R31: 999 | S31: 技能书 | T31: 10350001 | V31: ="|cff00FF00达到"&P31&"级后可以学习技能"&C31&"，也可以在当前技能经验满后对该技能进行升级。" | W31: 击杀赤月怪物获得 | X31: 34020001 | Y31: fall_jinengshu_02 | Z31: ain_effect_lvseguangzhu_88 | AA31: BK_J_lv | AB31: BK_D_lv | AC31: 材料 | AD31: 法师技能书
B32: 34020036 | C32: 魔法盾 | D32: 绿色 | E32: 36 | F32: 60 | G32: 技能 | H32: 大类_基础 | I32: 子类_技能书 | J32: 1 | K32: 技能书 | M32: 30000 | N32: 是 | P32: 31 | Q32: 法修 | R32: 999 | S32: 技能书 | T32: 10360001 | V32: ="|cff00FF00达到"&P32&"级后可以学习技能"&C32&"，也可以在当前技能经验满后对该技能进行升级。" | W32: 击杀赤月怪物获得 | X32: 34020001 | Y32: fall_jinengshu_02 | Z32: ain_effect_lvseguangzhu_88 | AA32: BK_J_lv | AB32: BK_D_lv | AC32: 材料 | AD32: 法师技能书
... B41: 34020068 | C41: 召唤神兽 | D41: 绿色 | E41: 68 | F41: 60 | G41: 技能 | H41: 大类_基础 | I41: 子类_技能书 | J41: 1 | K41: 技能书 | M41: 30000 | N41: 是 | P41: 35 | Q41: 丹修 | R41: 999 | S41: 技能书 | T41: 10680001 | V41: ="|cff00FF00达到"&P41&"级后可以学习技能"&C41&"，也可以在当前技能经验满后对该技能进行升级。" | W41: 击杀赤月怪物获得 | X41: 34020001 | Y41: fall_jinengshu_02 | Z41: ain_effect_lvseguangzhu_88 | AA41: BK_J_lv | AB41: BK_D_lv | AC41: 材料 | AD41: 道士技能书
B42: 34020100 | C42: 技能书 | D42: 绿色 | E42: 100 | F42: 60 | G42: 技能 | H42: 大类_基础 | I42: 子类_技能书 | J42: 7 | K42: 技能书 | M42: 30000 | N42: 是 | P42: 1 | Q42: 无 | R42: 999 | S42: 技能经验 | V42: |cff00FF00增加技能的经验值 | W42: 参加特殊活动，击杀BOSS可得 | X42: 34020100 | Y42: fall_jinengshu_02 | Z42: ain_effect_lvseguangzhu_88 | AA42: BK_J_lv | AB42: BK_D_lv | AC42: 材料 | AD42: 技能书
B43: 34040001 | C43: 祝福油 | D43: 绿色 | E43: 1 | F43: 60 | G43: 强化 | H43: 大类_基础 | I43: 子类_贵重品 | J43: 1 | K43: 强化道具 | M43: 60000 | N43: 是 | P43: 1 | Q43: 无 | R43: 999 | S43: 祝福_幸运 | V43: |cff00FF00使用祝福油有概率提升当前装备武器的幸运值，最高可以提升到7点。 | W43: 击杀赤月怪物获得 | X43: 34040001 | Y43: fall_zhufuyou | Z43: ain_effect_lvseguangzhu_88 | AA43: BK_J_lv | AB43: BK_D_lv | AC43: 材料 | AD43: 祝福油
B44: 34040002 | C44: 强化石 | D44: 绿色 | E44: 2 | F44: 60 | G44: 强化 | H44: 大类_基础 | I44: 子类_贵重品 | J44: 2 | K44: 强化道具 | M44: 30000 | N44: 否 | P44: 1 | Q44: 无 | R44: 999 | S44: 系统_强化 | V44: |cff00FF00使用后可以进行装备强化 | W44: 参加特殊活动，击杀BOSS可得 | X44: 34040002 | Y44: fall_qianghuashi | Z44: ain_effect_lvseguangzhu_88 | AA44: BK_J_lv | AB44: BK_D_lv | AC44: 材料 | AD44: 强化石
B45: 34040003 | C45: 强化特权 | D45: 紫色 | E45: 3 | F45: 60 | G45: 强化 | H45: 大类_基础 | I45: 子类_贵重品 | J45: 3 | K45: 强化道具 | M45: 30000 | N45: 否 | P45: 1 | Q45: 无 | R45: 999 | S45: 特权_强化 | V45: |cff00FF00使用后增加10%强化成功率 | W45: 参加特殊活动，击杀BOSS可得 | X45: 34040003 | Y45: fall_qianghuatequan | Z45: ain_effect_ziseguangzhu_85 | AA45: BK_J_zi | AB45: BK_D_zi
B46: 34040004 | C46: 命格洗练石 | D46: 紫色 | E46: 4 | F46: 60 | G46: 强化 | H46: 大类_基础 | I46: 子类_贵重品 | J46: 4 | K46: 强化道具 | M46: 30000 | N46: 否 | P46: 1 | Q46: 无 | R46: 999 | S46: 命格_洗练 | V46: |cff00FF00使用后可以进行命格洗练 | W46: 参加特殊活动，击杀BOSS可得 | X46: 34040004 | Y46: fall_minggeshi | Z46: ain_effect_ziseguangzhu_85 | AA46: BK_J_zi | AB46: BK_D_zi
B47: 34040005 | C47: 羽毛 | D47: 紫色 | E47: 5 | F47: 60 | G47: 强化 | H47: 大类_基础 | I47: 子类_贵重品 | J47: 5 | K47: 强化道具 | M47: 30000 | N47: 否 | P47: 1 | Q47: 无 | R47: 999 | S47: 系统_羽翼 | V47: |cff00FF00使用后可以进行羽翼升级 | W47: 参加特殊活动，击杀BOSS可得 | X47: 34040005 | Y47: fall_yumao | Z47: ain_effect_ziseguangzhu_85 | AA47: BK_J_zi | AB47: BK_D_zi | AC47: 材料 | AD47: 羽毛
B48: 34040006 | C48: 背包解锁格 | D48: 紫色 | E48: 6 | F48: 60 | G48: 强化 | H48: 大类_基础 | I48: 子类_贵重品 | J48: 99 | K48: 强化道具 | N48: 否 | P48: 1 | Q48: 无 | R48: 999 | S48: 背包_解锁格 | V48: |cff00FF00使用后可以解锁背包格子 | W48: 参加特殊活动，击杀BOSS可得 | X48: 34040006 | Y48: fall_beibaoge | Z48: ain_effect_ziseguangzhu_85 | AA48: BK_J_zi | AB48: BK_D_zi
B49: 34040007 | C49: 背包解锁页 | D49: 紫色 | E49: 7 | F49: 60 | G49: 强化 | H49: 大类_基础 | I49: 子类_贵重品 | J49: 99 | K49: 强化道具 | N49: 否 | P49: 1 | Q49: 无 | R49: 999 | S49: 背包_解锁页 | V49: |cff00FF00使用后可以大量解锁背包页 | W49: 参加特殊活动，击杀BOSS可得 | X49: 34040007 | Y49: fall_beibaoye | Z49: ain_effect_ziseguangzhu_85 | AA49: BK_J_zi | AB49: BK_D_zi
B50: 34040008 | C50: 魂之精髓 | D50: 紫色 | E50: 8 | F50: 60 | G50: 强化 | H50: 大类_基础 | I50: 子类_贵重品 | J50: 99 | K50: 强化道具 | N50: 否 | P50: 1 | Q50: 无 | R50: 99 | V50: 打造小极品用|n|cff00FF00凝聚了天地战魂之力的血红结晶。将其投入锻造炉中，可唤醒兵器沉睡的凶性，会赋予其额外的属性或隐藏技能。|n|cffFF0000神物虽神，也看本体天性。 | W50: 参加特殊活动，击杀BOSS可得 | X50: 34040008 | Y50: fall_jingsui | Z50: ain_effect_ziseguangzhu_85 | AA50: BK_J_zi | AB50: BK_D_zi
B51: 34040009 | C51: 魄之散华 | D51: 紫色 | E51: 9 | F51: 60 | G51: 强化 | H51: 大类_基础 | I51: 子类_贵重品 | J51: 99 | K51: 强化道具 | N51: 否 | P51: 1 | Q51: 无 | R51: 99 | V51: 重置打造的小极品属性|n|cff00FF00采自幽冥忘川的幽蓝水露。能洗去兵器上一切通过魂之精髓后天唤醒的凶性，使其回归最初状态。|n使用后，所有打造附加的属性与技能将彻底消散。 | W51: 参加特殊活动，击杀BOSS可得 | X51: 34040009 | Y51: fall_sanhua | Z51: ain_effect_ziseguangzhu_85 | AA51: BK_J_zi | AB51: BK_D_zi
B52: 34040010 | C52: 超级祝福油 | D52: 紫色 | E52: 10 | F52: 60 | G52: 强化 | H52: 大类_基础 | I52: 子类_贵重品 | J52: 1 | K52: 强化道具 | M52: 60000 | N52: 是 | P52: 1 | Q52: 无 | R52: 999 | S52: 高级祝福_幸运 | V52: |cff00FF00使用祝福油有概率提升当前装备武器的幸运值，最高可以提升到7点。|n失败后不会降低武器幸运。 | W52: 通过祝福油合成，击杀BOSS可得 | X52: 34040010 | Y52: fall_bluebottle | Z52: ain_effect_ziseguangzhu_85 | AA52: BK_J_zi | AB52: BK_D_zi
B53: 34040011 | C53: 1转神石 | D53: 紫色 | E53: 11 | F53: 60 | G53: 强化 | H53: 大类_基础 | I53: 子类_贵重品 | J53: 1 | K53: 强化道具 | M53: 30000 | N53: 是 | P53: 1 | Q53: 无 | R53: 999 | S53: 系统_转生 | V53: |cff00FF00玩家1转时需要的材料 | W53: 参加特殊活动，击杀BOSS可得 | X53: 34040011 | Y53: fall_zhuansheng_01 | Z53: ain_effect_ziseguangzhu_85 | AA53: BK_J_zi | AB53: BK_D_zi | AC53: 材料 | AD53: 1转神石
B54: 34040012 | C54: 2转神石 | D54: 紫色 | E54: 12 | F54: 60 | G54: 强化 | H54: 大类_基础 | I54: 子类_贵重品 | J54: 1 | K54: 强化道具 | M54: 30000 | N54: 是 | P54: 1 | Q54: 无 | R54: 999 | S54: 系统_转生 | V54: |cff00FF00玩家2转时需要的材料 | W54: 参加特殊活动，击杀BOSS可得 | X54: 34040012 | Y54: fall_zhuansheng_02 | Z54: ain_effect_ziseguangzhu_85 | AA54: BK_J_zi | AB54: BK_D_zi | AC54: 材料 | AD54: 2转神石
B55: 34040013 | C55: 3转神石 | D55: 紫色 | E55: 13 | F55: 60 | G55: 强化 | H55: 大类_基础 | I55: 子类_贵重品 | J55: 1 | K55: 强化道具 | M55: 30000 | N55: 是 | P55: 1 | Q55: 无 | R55: 999 | S55: 系统_转生 | V55: |cff00FF00玩家3转时需要的材料 | W55: 参加特殊活动，击杀BOSS可得 | X55: 34040013 | Y55: fall_zhuansheng_03 | Z55: ain_effect_ziseguangzhu_85 | AA55: BK_J_zi | AB55: BK_D_zi | AC55: 材料 | AD55: 3转神石
B56: 34040014 | C56: 4转神石 | D56: 紫色 | E56: 14 | F56: 60 | G56: 强化 | H56: 大类_基础 | I56: 子类_贵重品 | J56: 1 | K56: 强化道具 | M56: 30000 | N56: 是 | P56: 1 | Q56: 无 | R56: 999 | S56: 系统_转生 | V56: |cff00FF00玩家4转时需要的材料 | W56: 参加特殊活动，击杀BOSS可得 | X56: 34040014 | Y56: fall_zhuansheng_04 | Z56: ain_effect_ziseguangzhu_85 | AA56: BK_J_zi | AB56: BK_D_zi | AC56: 材料 | AD56: 4转神石
B57: 34040015 | C57: 合成符 | D57: 紫色 | E57: 15 | F57: 60 | G57: 强化 | H57: 大类_基础 | I57: 子类_贵重品 | J57: 1 | K57: 强化道具 | M57: 30000 | N57: 是 | P57: 1 | Q57: 无 | R57: 999 | S57: 系统_合成 | V57: |cff00FF00合成贵重物品需要的材料 | W57: 参加特殊活动，击杀BOSS可得 | X57: 34040015 | Y57: fall_hechengfu_01 | Z57: ain_effect_ziseguangzhu_85 | AA57: BK_J_zi | AB57: BK_D_zi
B58: 34040016 | C58: 马牌 | D58: 紫色 | E58: 16 | F58: 60 | G58: 强化 | H58: 大类_基础 | I58: 子类_贵重品 | J58: 1 | K58: 强化道具 | M58: 30000 | N58: 是 | P58: 1 | Q58: 无 | R58: 999 | S58: 系统_马牌 | V58: |cff00FF00兑换马匹需要的材料 | W58: 打听马匹入口获得 | X58: 34040016 | Y58: fall_props_mapai | Z58: ain_effect_ziseguangzhu_85 | AA58: BK_J_zi | AB58: BK_D_zi
B59: =30000000+INDEX(编号表!$B:$B,MATCH(G59,编号表!$A:$A,0))*10000+E59 | C59: 基础铭文 | D59: 紫色 | E59: 0 | F59: 60 | G59: 铭文 | H59: 大类_基础 | I59: 子类_贵重品 | J59: 1 | K59: 强化道具 | M59: 30000 | N59: 是 | P59: 1 | Q59: 无 | R59: 999 | S59: 系统_铭文 | V59: 可以激活基础剑术铭文词条 | W59: 击杀赤月怪物获得 | X59: 34040017 | Y59: fall_mingwen_jichu | Z59: ain_effect_ziseguangzhu_85 | AA59: BK_J_zi | AB59: BK_D_zi | AC59: 材料 | AD59: 战士技能铭文
B60: =30000000+INDEX(编号表!$B:$B,MATCH(G60,编号表!$A:$A,0))*10000+E60 | C60: 攻杀铭文 | D60: 紫色 | E60: 1 | F60: 60 | G60: 铭文 | H60: 大类_基础 | I60: 子类_贵重品 | J60: 1 | K60: 强化道具 | M60: 30000 | N60: 是 | P60: 1 | Q60: 无 | R60: 999 | S60: 系统_铭文 | V60: 可以激活攻杀剑术铭文词条 | W60: 击杀赤月怪物获得 | X60: 34040018 | Y60: fall_mingwen_gongsha | Z60: ain_effect_ziseguangzhu_85 | AA60: BK_J_zi | AB60: BK_D_zi | AC60: 材料 | AD60: 战士技能铭文
B61: =30000000+INDEX(编号表!$B:$B,MATCH(G61,编号表!$A:$A,0))*10000+E61 | C61: 刺杀铭文 | D61: 紫色 | E61: 2 | F61: 60 | G61: 铭文 | H61: 大类_基础 | I61: 子类_贵重品 | J61: 1 | K61: 强化道具 | M61: 30000 | N61: 是 | P61: 1 | Q61: 无 | R61: 999 | S61: 系统_铭文 | V61: 可以激活刺杀剑术铭文词条 | W61: 击杀赤月怪物获得 | X61: 34040019 | Y61: fall_mingwen_cisha | Z61: ain_effect_ziseguangzhu_85 | AA61: BK_J_zi | AB61: BK_D_zi | AC61: 材料 | AD61: 战士技能铭文
B62: =30000000+INDEX(编号表!$B:$B,MATCH(G62,编号表!$A:$A,0))*10000+E62 | C62: 半月铭文 | D62: 紫色 | E62: 3 | F62: 60 | G62: 铭文 | H62: 大类_基础 | I62: 子类_贵重品 | J62: 1 | K62: 强化道具 | M62: 30000 | N62: 是 | P62: 1 | Q62: 无 | R62: 999 | S62: 系统_铭文 | V62: 可以激活半月弯刀铭文词条 | W62: 击杀赤月怪物获得 | X62: 34040020 | Y62: fall_mingwen_banyue | Z62: ain_effect_ziseguangzhu_85 | AA62: BK_J_zi | AB62: BK_D_zi | AC62: 材料 | AD62: 战士技能铭文
B63: =30000000+INDEX(编号表!$B:$B,MATCH(G63,编号表!$A:$A,0))*10000+E63 | C63: 烈火铭文 | D63: 紫色 | E63: 4 | F63: 60 | G63: 铭文 | H63: 大类_基础 | I63: 子类_贵重品 | J63: 1 | K63: 强化道具 | M63: 30000 | N63: 是 | P63: 1 | Q63: 无 | R63: 999 | S63: 系统_铭文 | V63: 可以激活烈火剑法铭文词条 | W63: 击杀赤月怪物获得 | X63: 34040021 | Y63: fall_mingwen_liehuo | Z63: ain_effect_ziseguangzhu_85 | AA63: BK_J_zi | AB63: BK_D_zi | AC63: 材料 | AD63: 战士技能铭文
B64: =30000000+INDEX(编号表!$B:$B,MATCH(G64,编号表!$A:$A,0))*10000+E64 | C64: 野蛮铭文 | D64: 紫色 | E64: 5 | F64: 60 | G64: 铭文 | H64: 大类_基础 | I64: 子类_贵重品 | J64: 1 | K64: 强化道具 | M64: 30000 | N64: 是 | P64: 1 | Q64: 无 | R64: 999 | S64: 系统_铭文 | V64: 可以激活野蛮冲撞铭文词条 | W64: 击杀赤月怪物获得 | X64: 34040022 | Y64: fall_mingwen_yeman | Z64: ain_effect_ziseguangzhu_85 | AA64: BK_J_zi | AB64: BK_D_zi | AC64: 材料 | AD64: 战士技能铭文
B65: =30000000+INDEX(编号表!$B:$B,MATCH(G65,编号表!$A:$A,0))*10000+E65 | C65: 开天铭文 | D65: 紫色 | E65: 6 | F65: 60 | G65: 铭文 | H65: 大类_基础 | I65: 子类_贵重品 | J65: 1 | K65: 强化道具 | M65: 30000 | N65: 是 | P65: 1 | Q65: 无 | R65: 999 | S65: 系统_铭文 | V65: 可以激活开天斩铭文词条 | W65: 击杀赤月怪物获得 | X65: 34040023 | Y65: fall_mingwen_kaitian | Z65: ain_effect_ziseguangzhu_85 | AA65: BK_J_zi | AB65: BK_D_zi | AC65: 材料 | AD65: 战士技能铭文
B66: =30000000+INDEX(编号表!$B:$B,MATCH(G66,编号表!$A:$A,0))*10000+E66 | C66: 逐日铭文 | D66: 紫色 | E66: 7 | F66: 60 | G66: 铭文 | H66: 大类_基础 | I66: 子类_贵重品 | J66: 1 | K66: 强化道具 | M66: 30000 | N66: 是 | P66: 1 | Q66: 无 | R66: 999 | S66: 系统_铭文 | V66: 可以激活逐日剑法铭文词条 | W66: 击杀赤月怪物获得 | X66: 34040024 | Y66: fall_mingwen_zhuri | Z66: ain_effect_ziseguangzhu_85 | AA66: BK_J_zi | AB66: BK_D_zi | AC66: 材料 | AD66: 战士技能铭文
B67: =30000000+INDEX(编号表!$B:$B,MATCH(G67,编号表!$A:$A,0))*10000+E67 | C67: 战神纹 | D67: 紫色 | E67: 8 | F67: 60 | G67: 铭文 | H67: 大类_基础 | I67: 子类_贵重品 | J67: 1 | K67: 强化道具 | M67: 30000 | N67: 是 | P67: 1 | Q67: 无 | R67: 999 | S67: 系统_铭文 | V67: 可以激活战士技能第二条词条 | W67: 暂无投放 | X67: 34040025 | Y67: fall_mingwen_zhanshen | Z67: ain_effect_ziseguangzhu_85 | AA67: BK_J_zi | AB67: BK_D_zi | AC67: 材料 | AD67: 战士技能铭文
B68: =30000000+INDEX(编号表!$B:$B,MATCH(G68,编号表!$A:$A,0))*10000+E68 | C68: 火球铭文 | D68: 紫色 | E68: 9 | F68: 60 | G68: 铭文 | H68: 大类_基础 | I68: 子类_贵重品 | J68: 1 | K68: 强化道具 | M68: 30000 | N68: 是 | P68: 1 | Q68: 无 | R68: 999 | S68: 系统_铭文 | V68: 可以激活和洗练相应技能的铭文词条 | W68: 击杀怪物获得 | X68: 34040026 | Y68: fall_mingwen_huoqiu | Z68: ain_effect_ziseguangzhu_85 | AA68: BK_J_zi | AB68: BK_D_zi | AC68: 材料 | AD68: 法师技能铭文
B69: =30000000+INDEX(编号表!$B:$B,MATCH(G69,编号表!$A:$A,0))*10000+E69 | C69: 雷电铭文 | D69: 紫色 | E69: 10 | F69: 60 | G69: 铭文 | H69: 大类_基础 | I69: 子类_贵重品 | J69: 1 | K69: 强化道具 | M69: 30000 | N69: 是 | P69: 1 | Q69: 无 | R69: 999 | S69: 系统_铭文 | V69: 可以激活和洗练相应技能的铭文词条 | W69: 击杀怪物获得 | X69: 34040027 | Y69: fall_mingwen_leidian | Z69: ain_effect_ziseguangzhu_85 | AA69: BK_J_zi | AB69: BK_D_zi | AC69: 材料 | AD69: 法师技能铭文
B70: =30000000+INDEX(编号表!$B:$B,MATCH(G70,编号表!$A:$A,0))*10000+E70 | C70: 抗拒铭文 | D70: 紫色 | E70: 11 | F70: 60 | G70: 铭文 | H70: 大类_基础 | I70: 子类_贵重品 | J70: 1 | K70: 强化道具 | M70: 30000 | N70: 是 | P70: 1 | Q70: 无 | R70: 999 | S70: 系统_铭文 | V70: 可以激活和洗练相应技能的铭文词条 | W70: 击杀怪物获得 | X70: 34040028 | Y70: fall_mingwen_kangju | Z70: ain_effect_ziseguangzhu_85 | AA70: BK_J_zi | AB70: BK_D_zi | AC70: 材料 | AD70: 法师技能铭文
... B86: =30000000+INDEX(编号表!$B:$B,MATCH(G86,编号表!$A:$A,0))*10000+E86 | C86: 道神纹 | D86: 紫色 | E86: 27 | F86: 60 | G86: 铭文 | H86: 大类_基础 | I86: 子类_贵重品 | J86: 1 | K86: 强化道具 | M86: 30000 | N86: 是 | P86: 1 | Q86: 无 | R86: 999 | S86: 系统_铭文 | V86: 可以激活道士技能第二条词条 | W86: 暂无投放 | X86: 34040044 | Y86: fall_mingwen_daoshen | Z86: ain_effect_ziseguangzhu_85 | AA86: BK_J_zi | AB86: BK_D_zi | AC86: 材料 | AD86: 道士技能铭文
B87: 31060000 | C87: 鹿茸 | D87: 白色 | E87: 0 | F87: 60 | G87: 任务 | H87: 大类_基础 | I87: 子类_贵重品 | J87: 1 | K87: 强化道具 | M87: 30000 | N87: 是 | P87: 1 | Q87: 无 | R87: 999 | S87: 系统_合成 | V87: |cff00FF00肉类材料 | W87: 参加特殊活动，击杀BOSS可得 | X87: 34040045 | Y87: fall_props_lurong | AC87: 材料 | AD87: 肉类
B88: 31060001 | C88: 羊腰子 | D88: 白色 | E88: 1 | F88: 60 | G88: 任务 | H88: 大类_基础 | I88: 子类_贵重品 | J88: 1 | K88: 强化道具 | M88: 30000 | N88: 是 | P88: 1 | Q88: 无 | R88: 999 | S88: 系统_合成 | V88: |cff00FF00肉类材料 | W88: 参加特殊活动，击杀BOSS可得 | X88: 34040046 | Y88: fall_props_yangyaozi | AC88: 材料 | AD88: 肉类
B89: 31060002 | C89: 猫粮 | D89: 白色 | E89: 2 | F89: 60 | G89: 任务 | H89: 大类_基础 | I89: 子类_贵重品 | J89: 1 | K89: 强化道具 | M89: 30000 | N89: 是 | P89: 1 | Q89: 无 | R89: 999 | S89: 系统_合成 | V89: |cff00FF00肉类材料 | W89: 参加特殊活动，击杀BOSS可得 | X89: 34040047 | Y89: fall_props_maoliang | AC89: 材料 | AD89: 肉类
B90: 31060003 | C90: 狼肉 | D90: 白色 | E90: 3 | F90: 60 | G90: 任务 | H90: 大类_基础 | I90: 子类_贵重品 | J90: 1 | K90: 强化道具 | M90: 30000 | N90: 是 | P90: 1 | Q90: 无 | R90: 999 | S90: 系统_合成 | V90: |cff00FF00肉类材料 | W90: 参加特殊活动，击杀BOSS可得 | X90: 34040048 | Y90: fall_props_langrou | AC90: 材料 | AD90: 肉类
B91: 34050001 | C91: 小魔法药 | D91: 白色 | E91: 1 | F91: 60 | G91: 药品 | H91: 大类_基础 | I91: 子类_药品 | J91: 1 | K91: 药品 | M91: 30000 | N91: 是 | P91: 1 | Q91: 无 | R91: 999 | S91: 药品_加蓝 | T91: 21001801 | V91: |cff00FF00使用后在6秒内缓慢增加魔法值60 | W91: 击杀沃玛怪物获得 | X91: 34050001 | Y91: fall_bluebottle | AC91: 药水 | AD91: 小魔法药
B92: 34050002 | C92: 强效魔法药 | D92: 白色 | E92: 2 | F92: 60 | G92: 药品 | H92: 大类_基础 | I92: 子类_药品 | J92: 1 | K92: 药品 | M92: 30000 | N92: 是 | P92: 10 | Q92: 无 | R92: 999 | S92: 药品_加蓝 | T92: 21001802 | V92: |cff00FF00使用后在6秒内缓慢增加魔法值120 | W92: 击杀祖玛怪物获得 | X92: 34050002 | Y92: fall_bluebottle_02 | AC92: 药水 | AD92: 强效魔法药
B93: 34050003 | C93: 特级魔法药 | D93: 白色 | E93: 3 | F93: 60 | G93: 药品 | H93: 大类_基础 | I93: 子类_药品 | J93: 1 | K93: 药品 | M93: 30000 | N93: 是 | P93: 20 | Q93: 无 | R93: 999 | S93: 药品_加蓝 | T93: 21001803 | V93: |cff00FF00使用后在6秒内缓慢增加魔法值240 | W93: 击杀赤月怪物获得 | X93: 34050003 | Y93: fall_bluebottle_03 | AC93: 药水 | AD93: 特级魔法药
B94: 34050004 | C94: 小金创药 | D94: 白色 | E94: 4 | F94: 60 | G94: 药品 | H94: 大类_基础 | I94: 子类_药品 | J94: 1 | K94: 药品 | M94: 30000 | N94: 是 | P94: 1 | Q94: 无 | R94: 999 | S94: 药品_加血 | T94: 21001701 | V94: |cff00FF00使用后在6秒内缓慢增加血量60 | W94: 击杀沃玛怪物获得 | X94: 34050004 | Y94: fall_redbottle | AC94: 药水 | AD94: 太阳水
B95: 34050005 | C95: 强效金创药 | D95: 白色 | E95: 5 | F95: 60 | G95: 药品 | H95: 大类_基础 | I95: 子类_药品 | J95: 1 | K95: 药品 | M95: 30000 | N95: 是 | P95: 10 | Q95: 无 | R95: 999 | S95: 药品_加血 | T95: 21001702 | V95: |cff00FF00使用后在6秒内缓慢增加血量120 | W95: 击杀祖玛怪物获得 | X95: 34050005 | Y95: fall_redbottle_02 | AC95: 药水 | AD95: 强效太阳水
B96: 34050006 | C96: 特级金创药 | D96: 白色 | E96: 6 | F96: 60 | G96: 药品 | H96: 大类_基础 | I96: 子类_药品 | J96: 1 | K96: 药品 | M96: 30000 | N96: 是 | P96: 20 | Q96: 无 | R96: 999 | S96: 药品_加血 | T96: 21001703 | V96: |cff00FF00使用后在6秒内缓慢增加血量240 | W96: 击杀赤月怪物获得 | X96: 34050006 | Y96: fall_redbottle_03 | AC96: 药水 | AD96: 特效太阳水
B97: 34050007 | C97: 太阳水 | D97: 白色 | E97: 7 | F97: 60 | G97: 药品 | H97: 大类_基础 | I97: 子类_药品 | J97: 1 | K97: 药品 | M97: 60000 | N97: 是 | P97: 20 | Q97: 无 | R97: 999 | S97: 药品_加血 | T97: 21003701 | V97: |cff00FF00瞬时恢复血量和魔法值 | W97: 击杀赤月怪物获得 | X97: 34050007 | Y97: fall_taiyangshui | AC97: 药水 | AD97: 太阳水
B98: 34050008 | C98: 强效太阳水 | D98: 白色 | E98: 8 | F98: 60 | G98: 药品 | H98: 大类_基础 | I98: 子类_药品 | J98: 1 | K98: 药品 | M98: 60000 | N98: 是 | P98: 20 | Q98: 无 | R98: 999 | S98: 药品_加血 | T98: 21003702 | V98: |cff00FF00瞬时恢复血量和魔法值 | W98: 击杀赤月怪物获得 | X98: 34050008 | Y98: fall_taiyangshui_02 | AC98: 药水 | AD98: 强效太阳水
B99: 34050009 | C99: 特效太阳水 | D99: 白色 | E99: 9 | F99: 60 | G99: 药品 | H99: 大类_基础 | I99: 子类_药品 | J99: 1 | K99: 药品 | M99: 60000 | N99: 是 | P99: 20 | Q99: 无 | R99: 999 | S99: 药品_加血 | T99: 21003703 | V99: |cff00FF00瞬时恢复血量和魔法值 | W99: 击杀赤月怪物获得 | X99: 34050009 | Y99: fall_taiyangshui_03 | AC99: 药水 | AD99: 特效太阳水
B100: 34050010 | C100: 疗伤药 | D100: 白色 | E100: 10 | F100: 60 | G100: 药品 | H100: 大类_基础 | I100: 子类_药品 | J100: 1 | K100: 药品 | M100: 60000 | N100: 是 | P100: 20 | Q100: 无 | R100: 999 | S100: 药品_加血 | T100: 21003704 | V100: |cff00FF00瞬时恢复血量和魔法值 | W100: 击杀赤月怪物获得 | X100: 34050010 | Y100: fall_liaoshang | AC100: 药水 | AD100: 疗伤药
B101: =30000000+INDEX(编号表!$B:$B,MATCH(G101,编号表!$A:$A,0))*10000+E101 | C101: 屠龙刀 | D101: 绿色 | E101: 0 | F101: 60 | G101: 外观 | H101: 大类_基础 | I101: 子类_外观 | J101: 0 | K101: 外观 | M101: 60000 | N101: 否 | P101: 1 | Q101: 无 | R101: 1 | V101: 使用激活头像 | W101: 系统赠送获得 | X101: 30080000 | Y101: fall_xueshuang | Z101: ain_effect_lvseguangzhu_88 | AA101: BK_J_lv | AB101: BK_D_lv
B102: =30000000+INDEX(编号表!$B:$B,MATCH(G102,编号表!$A:$A,0))*10000+E102 | C102: 不屈战士 | D102: 绿色 | E102: 1 | F102: 60 | G102: 外观 | H102: 大类_基础 | I102: 子类_外观 | J102: 0 | K102: 外观 | M102: 60000 | N102: 否 | P102: 1 | Q102: 无 | R102: 1 | V102: 使用激活头像 | W102: 系统赠送获得 | X102: 30080001 | Y102: fall_xueshuang | Z102: ain_effect_lvseguangzhu_88 | AA102: BK_J_lv | AB102: BK_D_lv
B103: =30000000+INDEX(编号表!$B:$B,MATCH(G103,编号表!$A:$A,0))*10000+E103 | C103: 大魔法师 | D103: 绿色 | E103: 2 | F103: 60 | G103: 外观 | H103: 大类_基础 | I103: 子类_外观 | J103: 0 | K103: 外观 | M103: 60000 | N103: 否 | P103: 1 | Q103: 无 | R103: 1 | V103: 使用激活头像 | W103: 系统赠送获得 | X103: 30080002 | Y103: fall_xueshuang | Z103: ain_effect_lvseguangzhu_88 | AA103: BK_J_lv | AB103: BK_D_lv
B104: =30000000+INDEX(编号表!$B:$B,MATCH(G104,编号表!$A:$A,0))*10000+E104 | C104: 天尊道士 | D104: 绿色 | E104: 3 | F104: 60 | G104: 外观 | H104: 大类_基础 | I104: 子类_外观 | J104: 0 | K104: 外观 | M104: 60000 | N104: 否 | P104: 1 | Q104: 无 | R104: 1 | V104: 使用激活头像 | W104: 系统赠送获得 | X104: 30080003 | Y104: fall_xueshuang | Z104: ain_effect_lvseguangzhu_88 | AA104: BK_J_lv | AB104: BK_D_lv
B105: =30000000+INDEX(编号表!$B:$B,MATCH(G105,编号表!$A:$A,0))*10000+E105 | C105: 龙虾 | D105: 绿色 | E105: 4 | F105: 60 | G105: 外观 | H105: 大类_基础 | I105: 子类_外观 | J105: 0 | K105: 外观 | M105: 60000 | N105: 否 | P105: 1 | Q105: 无 | R105: 1 | V105: 使用激活头像 | W105: 系统赠送获得 | X105: 30080004 | Y105: fall_xueshuang | Z105: ain_effect_lvseguangzhu_88 | AA105: BK_J_lv | AB105: BK_D_lv
B106: =30000000+INDEX(编号表!$B:$B,MATCH(G106,编号表!$A:$A,0))*10000+E106 | C106: AI管家 | D106: 绿色 | E106: 5 | F106: 60 | G106: 外观 | H106: 大类_基础 | I106: 子类_外观 | J106: 0 | K106: 外观 | M106: 60000 | N106: 否 | P106: 1 | Q106: 无 | R106: 1 | V106: 使用激活头像 | W106: 系统赠送获得 | X106: 30080005 | Y106: fall_xueshuang | Z106: ain_effect_lvseguangzhu_88 | AA106: BK_J_lv | AB106: BK_D_lv
B107: =30000000+INDEX(编号表!$B:$B,MATCH(G107,编号表!$A:$A,0))*10000+E107 | C107: 战神白起 | D107: 绿色 | E107: 6 | F107: 60 | G107: 外观 | H107: 大类_基础 | I107: 子类_外观 | J107: 0 | K107: 外观 | M107: 60000 | N107: 否 | P107: 1 | Q107: 无 | R107: 1 | V107: 使用激活头像 | W107: 系统赠送获得 | X107: 30080006 | Y107: fall_xueshuang | Z107: ain_effect_lvseguangzhu_88 | AA107: BK_J_lv | AB107: BK_D_lv
B108: =30000000+INDEX(编号表!$B:$B,MATCH(G108,编号表!$A:$A,0))*10000+E108 | C108: 法神刘秀 | D108: 绿色 | E108: 7 | F108: 60 | G108: 外观 | H108: 大类_基础 | I108: 子类_外观 | J108: 0 | K108: 外观 | M108: 60000 | N108: 否 | P108: 1 | Q108: 无 | R108: 1 | V108: 使用激活头像 | W108: 系统赠送获得 | X108: 30080007 | Y108: fall_xueshuang | Z108: ain_effect_lvseguangzhu_88 | AA108: BK_J_lv | AB108: BK_D_lv
B109: =30000000+INDEX(编号表!$B:$B,MATCH(G109,编号表!$A:$A,0))*10000+E109 | C109: 道神老子 | D109: 绿色 | E109: 8 | F109: 60 | G109: 外观 | H109: 大类_基础 | I109: 子类_外观 | J109: 0 | K109: 外观 | M109: 60000 | N109: 否 | P109: 1 | Q109: 无 | R109: 1 | V109: 使用激活头像 | W109: 系统赠送获得 | X109: 30080008 | Y109: fall_xueshuang | Z109: ain_effect_lvseguangzhu_88 | AA109: BK_J_lv | AB109: BK_D_lv
B110: =30000000+INDEX(编号表!$B:$B,MATCH(G110,编号表!$A:$A,0))*10000+E110 | C110: 斗战马喽 | D110: 绿色 | E110: 9 | F110: 60 | G110: 外观 | H110: 大类_基础 | I110: 子类_外观 | J110: 0 | K110: 外观 | M110: 60000 | N110: 否 | P110: 1 | Q110: 无 | R110: 1 | V110: 使用激活头像 | W110: 系统赠送获得 | X110: 30080009 | Y110: fall_xueshuang | Z110: ain_effect_lvseguangzhu_88 | AA110: BK_J_lv | AB110: BK_D_lv
B111: =30000000+INDEX(编号表!$B:$B,MATCH(G111,编号表!$A:$A,0))*10000+E111 | C111: 测试斗笠皮肤 | D111: 绿色 | E111: 10 | F111: 60 | G111: 外观 | H111: 大类_基础 | I111: 子类_外观 | J111: 0 | K111: 外观 | M111: 60000 | N111: 否 | P111: 1 | Q111: 无 | R111: 1 | V111: 使用激活斗笠皮肤 | W111: 系统赠送获得 | X111: icon_douli_woma | Y111: fall_xueshuang | Z111: ain_effect_lvseguangzhu_88 | AA111: BK_J_lv | AB111: BK_D_lv
B112: =30000000+INDEX(编号表!$B:$B,MATCH(G112,编号表!$A:$A,0))*10000+E112 | C112: 测试武器皮肤 | D112: 绿色 | E112: 11 | F112: 60 | G112: 外观 | H112: 大类_基础 | I112: 子类_外观 | J112: 0 | K112: 外观 | M112: 60000 | N112: 否 | P112: 1 | Q112: 无 | R112: 1 | V112: 使用激活武器皮肤 | W112: 系统赠送获得 | X112: icon_weapon_fs_tianqiong | Y112: fall_xueshuang | Z112: ain_effect_lvseguangzhu_88 | AA112: BK_J_lv | AB112: BK_D_lv
B113: =30000000+INDEX(编号表!$B:$B,MATCH(G113,编号表!$A:$A,0))*10000+E113 | C113: 称号碎片 | D113: 绿色 | E113: 12 | F113: 60 | G113: 外观 | H113: 大类_基础 | I113: 子类_外观 | J113: 0 | K113: 外观 | M113: 60000 | N113: 否 | P113: 1 | Q113: 无 | R113: 1 | V113: 称号升级道具 | X113: 30080012 | Y113: fall_chenghaosp | Z113: ain_effect_lvseguangzhu_88 | AA113: BK_J_lv | AB113: BK_D_lv
B114: =30000000+INDEX(编号表!$B:$B,MATCH(G114,编号表!$A:$A,0))*10000+E114 | C114: 戒指碎片·左 | D114: 紫色 | E114: 0 | F114: 60 | G114: 特戒 | H114: 大类_基础 | I114: 子类_贵重品 | J114: 0 | K114: 特戒 | M114: 60000 | N114: 否 | P114: 1 | Q114: 无 | R114: 999 | V114: 升级左列特戒需要的材料 | W114: 击杀怪物获得 | X114: 34090000 | Y114: fall_tejiejs_zuo | Z114: ain_effect_ziseguangzhu_85 | AA114: BK_J_zi | AB114: BK_D_zi
B115: =30000000+INDEX(编号表!$B:$B,MATCH(G115,编号表!$A:$A,0))*10000+E115 | C115: 戒指碎片·右 | D115: 紫色 | E115: 1 | F115: 60 | G115: 特戒 | H115: 大类_基础 | I115: 子类_贵重品 | K115: 特戒 | M115: 60000 | N115: 否 | P115: 1 | Q115: 无 | R115: 999 | V115: 升级右列特戒需要的材料 | W115: 击杀怪物获得 | X115: 34090001 | Y115: fall_tejiejs_you | Z115: ain_effect_ziseguangzhu_85 | AA115: BK_J_zi | AB115: BK_D_zi
B116: =30000000+INDEX(编号表!$B:$B,MATCH(G116,编号表!$A:$A,0))*10000+E116 | C116: 玄晶 | D116: 紫色 | E116: 2 | F116: 60 | G116: 特戒 | H116: 大类_基础 | I116: 子类_贵重品 | J116: 0 | K116: 特戒 | M116: 60000 | N116: 否 | P116: 1 | Q116: 无 | R116: 999 | V116: 升级特戒需要的材料 | W116: 击杀怪物获得 | X116: 34090002 | Y116: fall_tejiejs_xuanjing | Z116: ain_effect_ziseguangzhu_85 | AA116: BK_J_zi | AB116: BK_D_zi
B117: =30000000+INDEX(编号表!$B:$B,MATCH(G117,编号表!$A:$A,0))*10000+E117 | C117: 时空晶石 | D117: 紫色 | E117: 3 | F117: 60 | G117: 特戒 | H117: 大类_基础 | I117: 子类_贵重品 | J117: 0 | K117: 特戒 | M117: 60000 | N117: 否 | P117: 1 | Q117: 无 | R117: 999 | V117: 升级特戒需要的材料 | W117: 击杀怪物获得 | X117: 34090003 | Y117: fall_tejiejs_shikong | Z117: ain_effect_ziseguangzhu_85 | AA117: BK_J_zi | AB117: BK_D_zi
B118: =30000000+INDEX(编号表!$B:$B,MATCH(G118,编号表!$A:$A,0))*10000+E118 | C118: 金刚晶石 | D118: 紫色 | E118: 4 | F118: 60 | G118: 特戒 | H118: 大类_基础 | I118: 子类_贵重品 | J118: 1 | K118: 特戒 | M118: 60000 | N118: 否 | P118: 1 | Q118: 无 | R118: 999 | V118: 升级特戒需要的材料 | W118: 击杀怪物获得 | X118: 34090004 | Y118: fall_tejiejs_jingang | Z118: ain_effect_ziseguangzhu_85 | AA118: BK_J_zi | AB118: BK_D_zi
B119: =30000000+INDEX(编号表!$B:$B,MATCH(G119,编号表!$A:$A,0))*10000+E119 | C119: 魔法晶石 | D119: 紫色 | E119: 5 | F119: 60 | G119: 特戒 | H119: 大类_基础 | I119: 子类_贵重品 | J119: 1 | K119: 特戒 | M119: 60000 | N119: 否 | P119: 1 | Q119: 无 | R119: 999 | V119: 升级特戒需要的材料 | W119: 击杀怪物获得 | X119: 34090005 | Y119: fall_tejiejs_mofa | Z119: ain_effect_ziseguangzhu_85 | AA119: BK_J_zi | AB119: BK_D_zi
B120: =30000000+INDEX(编号表!$B:$B,MATCH(G120,编号表!$A:$A,0))*10000+E120 | C120: 生命晶石 | D120: 紫色 | E120: 6 | F120: 60 | G120: 特戒 | H120: 大类_基础 | I120: 子类_贵重品 | J120: 1 | K120: 特戒 | M120: 60000 | N120: 否 | P120: 1 | Q120: 无 | R120: 999 | V120: 升级特戒需要的材料 | W120: 击杀怪物获得 | X120: 34090006 | Y120: fall_tejiejs_shengming | Z120: ain_effect_ziseguangzhu_85 | AA120: BK_J_zi | AB120: BK_D_zi
B121: =30000000+INDEX(编号表!$B:$B,MATCH(G121,编号表!$A:$A,0))*10000+E121 | C121: 穿透晶石 | D121: 紫色 | E121: 7 | F121: 60 | G121: 特戒 | H121: 大类_基础 | I121: 子类_贵重品 | J121: 1 | K121: 特戒 | M121: 60000 | N121: 否 | P121: 1 | Q121: 无 | R121: 999 | V121: 升级特戒需要的材料 | W121: 击杀怪物获得 | X121: 34090007 | Y121: fall_tejiejs_chuantou | Z121: ain_effect_ziseguangzhu_85 | AA121: BK_J_zi | AB121: BK_D_zi
B122: =30000000+INDEX(编号表!$B:$B,MATCH(G122,编号表!$A:$A,0))*10000+E122 | C122: 元素晶石 | D122: 紫色 | E122: 8 | F122: 60 | G122: 特戒 | H122: 大类_基础 | I122: 子类_贵重品 | J122: 1 | K122: 特戒 | M122: 60000 | N122: 否 | P122: 1 | Q122: 无 | R122: 999 | V122: 升级特戒需要的材料 | W122: 击杀怪物获得 | X122: 34090008 | Y122: fall_tejiejs_yuansu | Z122: ain_effect_ziseguangzhu_85 | AA122: BK_J_zi | AB122: BK_D_zi
B123: =30000000+INDEX(编号表!$B:$B,MATCH(G123,编号表!$A:$A,0))*10000+E123 | C123: 雷霆晶石 | D123: 紫色 | E123: 9 | F123: 60 | G123: 特戒 | H123: 大类_基础 | I123: 子类_贵重品 | J123: 1 | K123: 特戒 | M123: 60000 | N123: 否 | P123: 1 | Q123: 无 | R123: 999 | V123: 升级特戒需要的材料 | W123: 击杀怪物获得 | X123: 34090009 | Y123: fall_tejiejs_leiting | Z123: ain_effect_ziseguangzhu_85 | AA123: BK_J_zi | AB123: BK_D_zi
...

Sheet 编号表
A1: 内部名 | B1: 编号 | C1: 物编编号 | D1: 颜色 | E1: 编号 | G1: 从左数起
A2: 货币 | B2: 1 | C2: A | D2: 白色 | E2: 1 | G2: 第1位 | H2: 固定为3表示物品
A3: 技能 | B3: 2 | C3: B | D3: 绿色 | E3: 2 | G3: 第2位 | H3: 分大类
A4: 经验 | B4: 3 | C4: C | D4: 蓝色 | E4: 3 | G4: 第3位
A5: 强化 | B5: 4 | C5: D | D5: 紫色 | E5: 4 | G5: 第4位
A6: 药品 | B6: 5 | C6: E | D6: 橙色 | E6: 5 | G6: 第5位 | H6: 本分类下的序号
A7: 任务 | B7: 6 | D7: 红色 | E7: 6 | G7: 第6位
A8: 铭文 | B8: 7 | E8: 7 | G8: 第7位
A9: 外观 | B9: 8 | E9: 8 | G9: 第8位
A10: 特戒 | B10: 9 | E10: 9
B11: 10
B12: 11
B13: 12
B14: 13 | G14: 新物品ID编号计算规则=30000000+@INDEX(编号表!$B:$B,MATCH(C3,编号表!$A:$A,0))*10000+E3
B15: 14 | G15: 改动原因：因为现在的道具配置之后，品质有改动的可能，因此暂时把品质对ID的影响取消掉。
B16: 15
B17: 16
B18: 17
B19: 18
B20: 19
D22: 道具ID必须下拉，使用公式自动生成ID！！！

Sheet 更新说明
A1: 版本 | B1: 说明
A2: 1.12 | B2: 物品编号从2开头七位改为3开头8位 增加光柱配置
A3: 1.13 | B3: 掉落模型
A4: 1.14 | B4: 新增0显示分类DisplayType纯TIPS上显示用
A5: 1.15 | B5: 更新编号规则，增加颜色对应的品质，对应改物品ID
A6: 1.16 | B6: 更新图标
A7: 1.17 | B7: 新增血药蓝药对应功能ID配置
A8: 1.18 | B8: 新增小极品打造相关道具
A9: 1.19 | B9: 给小极品打造道具配置图标，临时使用
A10: 1.2 | B10: 新增双加药
A11: 1.21 | B11: 新增多种金币和灵符道具，打开获得的数量不同。同时更新道具描述
A12: 1.22 | B12: 更新掉落物，物品ID增加格式，重复显示红色
A13: 1.23 | B13: 新增静态边框和动态边框的配置项
A14: 1.24 | B14: 新增铭文ICON编号和对应掉落物模型，修改34040043为道神纹
A15: 1.25
A16: 1.26 | B16: 编号里新增了一类任务，对应新增的任务物品的大类颜色和序号都改了，对应物品的ID也变了
A17: 1.27 | B17: 对ID规则进行改动，在ID编号的计算中删掉了品质的影响。铭文使用新的ID计算规则计算，其他的老物品ID不变，删掉ID编号规则，直接粘贴老的ID | E17: 新物品ID编号计算规则=30000000+@INDEX(编号表!$B:$B,MATCH(C3,编号表!$A:$A,0))*10000+E3
A18: 1.28 | B18: 新增一类外观道具
A19: 1.29
A20: 1.3
A21: 1.31
A22: 1.32
A23: 1.33
A24: 1.34
