Workbook
Name 掉落方式: 名称表!$A$1:$A$3
Name 礼包类型: 名称表!$J$2:$J$135
Name 频率: 名称表!$D$2:$D$7
Name 是否礼包中心: 名称表!$Q$2:$Q$7
Name 显示方式: 名称表!$O$2:$O$7
Name 装备绑定类型: 名称表!$C$2:$C$4

Sheet drop_config
A1: 0掉落方案ID | B1: 0内部名 | C1: 0编号 | D1: 0方案说明 | E1: 0掉落方式 | F1: 0权重验证 | G1: 0掉落时间限制ID | H1: 0最小掉落数 | I1: 0最大掉落数 | J1: 0掉落物数量 | K1: 0掉落物ID1 | L1: 0掉落物名称1 | M1: 0掉落物大类 | N1: 0掉落物子类 | O1: 0掉落物档次1 | P1: 0掉落物概率1 | Q1: 0掉落物数量1 | R1: 0系统提示概率1 | S1: 0掉落物ID2 | T1: 0掉落物名称2 | U1: 0掉落物 | V1: 0掉落物 | W1: 0掉落物档次2 | X1: 0掉落物概率2 | Y1: 0掉落物数量2 | Z1: 0系统提示概率2 | AA1: 0掉落物ID3 | AB1: 0掉落物名称3 | AC1: 0掉落物 | AD1: 0掉落物 | AE1: 0掉落物档次3 | AF1: 0掉落物概率3 | AG1: 0掉落物数量3 | AH1: 0系统提示概率3 | AI1: 0掉落物ID4 | AJ1: 0掉落物名称4 | AK1: 0掉落物 | AL1: 0掉落物 | AM1: 0掉落物档次4 | AN1: 0掉落物概率4 | AO1: 0掉落物数量4 | AP1: 0系统提示概率4 | AQ1: 0掉落物ID5 | AR1: 0掉落物名称5 | AS1: 0掉落物 | AT1: 0掉落物 | AU1: 0掉落物档次5 | AV1: 0掉落物概率5 | AW1: 0掉落物数量5 | AX1: 0系统提示概率5 | AY1: 0掉落物ID6 | AZ1: 0掉落物名称6 | BA1: 0掉落物 | BB1: 0掉落物 | BC1: 0掉落物档次6 | BD1: 0掉落物概率6 | BE1: 0掉落物数量6 | BF1: 0系统提示概率6 | BG1: 0掉落物ID7 | BH1: 0掉落物名称7 | BI1: 0掉落物 | BJ1: 0掉落物 | BK1: 0掉落物档次7 | BL1: 0掉落物概率7 | BM1: 0掉落物数量7 | BN1: 0系统提示概率7 | BO1: 0掉落物ID8 | BP1: 0掉落物名称8 | BQ1: 0掉落物 | BR1: 0掉落物 | BS1: 0掉落物档次8 | BT1: 0掉落物概率8 | BU1: 0掉落物数量8 | BV1: 0系统提示概率8 | BW1: 0掉落物ID9 | BX1: 0掉落物名称9 | BY1: 0掉落物 | BZ1: 0掉落物 | CA1: 0掉落物档次9 | CB1: 0掉落物概率9 | CC1: 0掉落物数量9 | CD1: 0系统提示概率9 | CE1: 0掉落物ID10 | CF1: 0掉落物名称10 | CG1: 0掉落物 | CH1: 0掉落物 | CI1: 0掉落物档次10 | CJ1: 0掉落物概率10 | CK1: 0掉落物数量10 | CL1: 0系统提示概率10 | CM1: 0掉落物ID11 | CN1: 0掉落物名称11 | CO1: 0掉落物 | CP1: 0掉落物 | CQ1: 0掉落物档次11 | CR1: 0掉落物概率11 | CS1: 0掉落物数量11 | CT1: 0系统提示概率11 | CU1: 0掉落物ID12 | CV1: 0掉落物名称12 | CW1: 0掉落物 | CX1: 0掉落物 | CY1: 0掉落物档次12 | CZ1: 0掉落物概率12 | DA1: 0掉落物数量12 | DB1: 0系统提示概率12 | DC1: 0掉落物ID13 | DD1: 0掉落物名称13 | DE1: 0掉落物 | DF1: 0掉落物 | DG1: 0掉落物档次13 | DH1: 0掉落物概率13 | DI1: 0掉落物数量13 | DJ1: 0系统提示概率13 | DK1: 0掉落物ID14 | DL1: 0掉落物名称14 | DM1: 0掉落物 | DN1: 0掉落物 | DO1: 0掉落物档次14 | DP1: 0掉落物概率14 | DQ1: 0掉落物数量14 | DR1: 0系统提示概率14 | DS1: 0掉落物ID15 | DT1: 0掉落物名称15 | DU1: 0掉落物 | DV1: 0掉落物 | DW1: 0掉落物档次15 | DX1: 0掉落物概率15 | DY1: 0掉落物数量15 | DZ1: 0系统提示概率15 | EA1: 0掉落物ID16 | EB1: 0掉落物名称16 | EC1: 0掉落物 | ED1: 0掉落物 | EE1: 0掉落物档次16 | EF1: 0掉落物概率16 | EG1: 0掉落物数量16 | EH1: 0系统提示概率16 | EI1: 0掉落物ID17 | EJ1: 0掉落物名称17 | EK1: 0掉落物 | EL1: 0掉落物 | EM1: 0掉落物档次17 | EN1: 0掉落物概率17 | EO1: 0掉落物数量17 | EP1: 0系统提示概率17 | EQ1: 0掉落物ID18 | ER1: 0掉落物名称18 | ES1: 0掉落物 | ET1: 0掉落物 | EU1: 0掉落物档次18 | EV1: 0掉落物概率18 | EW1: 0掉落物数量18 | EX1: 0系统提示概率18 | EY1: 0掉落物ID19 | EZ1: 0掉落物名称19 | FA1: 0掉落物 | FB1: 0掉落物 | FC1: 0掉落物档次19 | FD1: 0掉落物概率19 | FE1: 0掉落物数量19 | FF1: 0系统提示概率19 | FG1: 0掉落物ID20 | FH1: 0掉落物名称20 | FI1: 0掉落物 | FJ1: 0掉落物 | FK1: 0掉落物档次20 | FL1: 0掉落物概率20 | FM1: 0掉落物数量20 | FN1: 0系统提示概率20 | FO1: 0掉落物ID21 | FP1: 0掉落物名称21 | FQ1: 0掉落物 | FR1: 0掉落物 | FS1: 0掉落物档次21 | FT1: 0掉落物概率21 | FU1: 0掉落物数量21 | FV1: 0系统提示概率21 | FW1: 0掉落物ID22 | FX1: 0掉落物名称22 | FY1: 0掉落物 | FZ1: 0掉落物 | GA1: 0掉落物档次22 | GB1: 0掉落物概率22 | GC1: 0掉落物数量22 | GD1: 0系统提示概率22 | GE1: 0掉落物ID23 | GF1: 0掉落物名称23 | GG1: 0掉落物 | GH1: 0掉落物 | GI1: 0掉落物档次23 | GJ1: 0掉落物概率23 | GK1: 0掉落物数量23 | GL1: 0系统提示概率23 | GM1: 0掉落物ID24 | GN1: 0掉落物名称24 | GO1: 0掉落物 | GP1: 0掉落物 | GQ1: 0掉落物档次24 | GR1: 0掉落物概率24 | GS1: 0掉落物数量24 | GT1: 0系统提示概率24 | GU1: 0掉落物ID25 | GV1: 0掉落物名称25 | GW1: 0掉落物 | GX1: 0掉落物 | GY1: 0掉落物档次25 | GZ1: 0掉落物概率25 | HA1: 0掉落物数量25 | HB1: 0系统提示概率25 | HC1: 0掉落物ID26 | HD1: 0掉落物名称26 | HE1: 0掉落物 | HF1: 0掉落物 | HG1: 0掉落物档次26 | HH1: 0掉落物概率26 | HI1: 0掉落物数量26 | HJ1: 0系统提示概率26 | HK1: 0掉落物ID27 | HL1: 0掉落物名称27 | HM1: 0掉落物 | HN1: 0掉落物 | HO1: 0掉落物档次27 | HP1: 0掉落物概率27 | HQ1: 0掉落物数量27 | HR1: 0系统提示概率27 | HS1: 0掉落物ID28 | HT1: 0掉落物名称28 | HU1: 0掉落物 | HV1: 0掉落物 | HW1: 0掉落物档次28 | HX1: 0掉落物概率28 | HY1: 0掉落物数量28 | HZ1: 0系统提示概率28 | IA1: 0掉落物ID29 | IB1: 0掉落物名称29 | IC1: 0掉落物 | ID1: 0掉落物 | IE1: 0掉落物档次29 | IF1: 0掉落物概率29 | IG1: 0掉落物数量29 | IH1: 0系统提示概率29 | II1: 0掉落物ID30 | IJ1: 0掉落物名称30 | IK1: 0掉落物 | IL1: 0掉落物 | IM1: 0掉落物档次30 | IN1: 0掉落物概率30 | IO1: 0掉落物数量30 | IP1: 0系统提示概率30 | IQ1: 0掉落物ID31 | IR1: 0掉落物名称31 | IS1: 0掉落物 | IT1: 0掉落物 | IU1: 0掉落物档次31 | IV1: 0掉落物概率31 | IW1: 0掉落物数量31 | IX1: 0系统提示概率31 | IY1: 0掉落物ID32 | IZ1: 0掉落物名称32 | JA1: 0掉落物 | JB1: 0掉落物 | JC1: 0掉落物档次32 | JD1: 0掉落物概率32 | JE1: 0掉落物数量32 | JF1: 0系统提示概率32
A2: ID | E2: DropType | G2: TimeLimitID | H2: MinDropNumber | I2: MaxDropNumber | J2: DropNumber | K2: Drop1ID | M2: Drop1MainClass | N2: Drop1SubClass | O2: Drop1Level | P2: Drop1Prob | Q2: Drop1Num | R2: Drop1TipsProb | S2: Drop2ID | U2: Drop2MainClass | V2: Drop2SubClass | W2: Drop2Level | X2: Drop2Prob | Y2: Drop2Num | Z2: Drop2TipsProb | AA2: Drop3ID | AC2: Drop3MainClass | AD2: Drop3SubClass | AE2: Drop3Level | AF2: Drop3Prob | AG2: Drop3Num | AH2: Drop3TipsProb | AI2: Drop4ID | AK2: Drop4MainClass | AL2: Drop4SubClass | AM2: Drop4Level | AN2: Drop4Prob | AO2: Drop4Num | AP2: Drop4TipsProb | AQ2: Drop5ID | AS2: Drop5MainClass | AT2: Drop5SubClass | AU2: Drop5Level | AV2: Drop5Prob | AW2: Drop5Num | AX2: Drop5TipsProb | AY2: Drop6ID | BA2: Drop6MainClass | BB2: Drop6SubClass | BC2: Drop6Level | BD2: Drop6Prob | BE2: Drop6Num | BF2: Drop6TipsProb | BG2: Drop7ID | BI2: Drop7MainClass | BJ2: Drop7SubClass | BK2: Drop7Level | BL2: Drop7Prob | BM2: Drop7Num | BN2: Drop7TipsProb | BO2: Drop8ID | BQ2: Drop8MainClass | BR2: Drop8SubClass | BS2: Drop8Level | BT2: Drop8Prob | BU2: Drop8Num | BV2: Drop8TipsProb | BW2: Drop9ID | BY2: Drop9MainClass | BZ2: Drop9SubClass | CA2: Drop9Level | CB2: Drop9Prob | CC2: Drop9Num | CD2: Drop9TipsProb | CE2: Drop10ID | CG2: Drop10MainClass | CH2: Drop10SubClass | CI2: Drop10Level | CJ2: Drop10Prob | CK2: Drop10Num | CL2: Drop10TipsProb | CM2: Drop11ID | CO2: Drop11MainClass | CP2: Drop11SubClass | CQ2: Drop11Level | CR2: Drop11Prob | CS2: Drop11Num | CT2: Drop11TipsProb | CU2: Drop12ID | CW2: Drop12MainClass | CX2: Drop12SubClass | CY2: Drop12Level | CZ2: Drop12Prob | DA2: Drop12Num | DB2: Drop12TipsProb | DC2: Drop13ID | DE2: Drop13MainClass | DF2: Drop13SubClass | DG2: Drop13Level | DH2: Drop13Prob | DI2: Drop13Num | DJ2: Drop13TipsProb | DK2: Drop14ID | DM2: Drop14MainClass | DN2: Drop14SubClass | DO2: Drop14Level | DP2: Drop14Prob | DQ2: Drop14Num | DR2: Drop14TipsProb | DS2: Drop15ID | DU2: Drop15MainClass | DV2: Drop15SubClass | DW2: Drop15Level | DX2: Drop15Prob | DY2: Drop15Num | DZ2: Drop15TipsProb | EA2: Drop16ID | EC2: Drop16MainClass | ED2: Drop16SubClass | EE2: Drop16Level | EF2: Drop16Prob | EG2: Drop16Num | EH2: Drop16TipsProb | EI2: Drop17ID | EK2: Drop17MainClass | EL2: Drop17SubClass | EM2: Drop17Level | EN2: Drop17Prob | EO2: Drop17Num | EP2: Drop17TipsProb | EQ2: Drop18ID | ES2: Drop18MainClass | ET2: Drop18SubClass | EU2: Drop18Level | EV2: Drop18Prob | EW2: Drop18Num | EX2: Drop18TipsProb | EY2: Drop19ID | FA2: Drop19MainClass | FB2: Drop19SubClass | FC2: Drop19Level | FD2: Drop19Prob | FE2: Drop19Num | FF2: Drop19TipsProb | FG2: Drop20ID | FI2: Drop20MainClass | FJ2: Drop20SubClass | FK2: Drop20Level | FL2: Drop20Prob | FM2: Drop20Num | FN2: Drop20TipsProb | FO2: Drop21ID | FQ2: Drop21MainClass | FR2: Drop21SubClass | FS2: Drop21Level | FT2: Drop21Prob | FU2: Drop21Num | FV2: Drop21TipsProb | FW2: Drop22ID | FY2: Drop22MainClass | FZ2: Drop22SubClass | GA2: Drop22Level | GB2: Drop22Prob | GC2: Drop22Num | GD2: Drop22TipsProb | GE2: Drop23ID | GG2: Drop23MainClass | GH2: Drop23SubClass | GI2: Drop23Level | GJ2: Drop23Prob | GK2: Drop23Num | GL2: Drop23TipsProb | GM2: Drop24ID | GO2: Drop24MainClass | GP2: Drop24SubClass | GQ2: Drop24Level | GR2: Drop24Prob | GS2: Drop24Num | GT2: Drop24TipsProb | GU2: Drop25ID | GW2: Drop25MainClass | GX2: Drop25SubClass | GY2: Drop25Level | GZ2: Drop25Prob | HA2: Drop25Num | HB2: Drop25TipsProb | HC2: Drop26ID | HE2: Drop26MainClass | HF2: Drop26SubClass | HG2: Drop26Level | HH2: Drop26Prob | HI2: Drop26Num | HJ2: Drop26TipsProb | HK2: Drop27ID | HM2: Drop27MainClass | HN2: Drop27SubClass | HO2: Drop27Level | HP2: Drop27Prob | HQ2: Drop27Num | HR2: Drop27TipsProb | HS2: Drop28ID | HU2: Drop28MainClass | HV2: Drop28SubClass | HW2: Drop28Level | HX2: Drop28Prob | HY2: Drop28Num | HZ2: Drop28TipsProb | IA2: Drop29ID | IC2: Drop29MainClass | ID2: Drop29SubClass | IE2: Drop29Level | IF2: Drop29Prob | IG2: Drop29Num | IH2: Drop29TipsProb | II2: Drop30ID | IK2: Drop30MainClass | IL2: Drop30SubClass | IM2: Drop30Level | IN2: Drop30Prob | IO2: Drop30Num | IP2: Drop30TipsProb | IQ2: Drop31ID | IS2: Drop31MainClass | IT2: Drop31SubClass | IU2: Drop31Level | IV2: Drop31Prob | IW2: Drop31Num | IX2: Drop31TipsProb | IY2: Drop32ID | JA2: Drop32MainClass | JB2: Drop32SubClass | JC2: Drop32Level | JD2: Drop32Prob | JE2: Drop32Num | JF2: Drop32TipsProb
A3: =40000000+INDEX(编号表!$B:$B,MATCH(B3,编号表!$A:$A,0))*10000+C3 -> 40010001 | B3: 金币 | C3: 1 | D3: 5级普怪金币50 | E3: 掉落方式_按概率 | F3: =P3+X3+AF3+AN3+AV3+BD3+BL3+BT3 -> 100000000 | J3: =COUNT(P3,X3,AF3,AN3,AV3,BD3,BL3,BT3,CB3,CJ3,CR3,CZ3,DH3,DP3,DX3,EF3,EN3,EV3,FD3,FL3,FT3,GB3,GJ3,GR3,GZ3,HH3,HP3,HX3,IF3,IN3,IV3,JD3) -> 1 | K3: 31010001 | L3: {=INDEX(编号表!$E:$E,MATCH(K3,编号表!$D:$D,0))} -> 一小袋金币 | P3: 100000000 | Q3: 1
A4: =40000000+INDEX(编号表!$B:$B,MATCH(B4,编号表!$A:$A,0))*10000+C4 -> 40010002 | B4: 金币 | C4: 2 | D4: 10级普怪金币100 | E4: 掉落方式_按概率 | F4: =P4+X4+AF4+AN4+AV4+BD4+BL4+BT4 -> 100000000 | J4: =COUNT(P4,X4,AF4,AN4,AV4,BD4,BL4,BT4,CB4,CJ4,CR4,CZ4,DH4,DP4,DX4,EF4,EN4,EV4,FD4,FL4,FT4,GB4,GJ4,GR4,GZ4,HH4,HP4,HX4,IF4,IN4,IV4,JD4) -> 1 | K4: 31010001 | L4: {=INDEX(编号表!$E:$E,MATCH(K4,编号表!$D:$D,0))} -> 一小袋金币 | P4: 100000000 | Q4: 2
A5: =40000000+INDEX(编号表!$B:$B,MATCH(B5,编号表!$A:$A,0))*10000+C5 -> 40010003 | B5: 金币 | C5: 3 | D5: 15级普怪金币150 | E5: 掉落方式_按概率 | F5: =P5+X5+AF5+AN5+AV5+BD5+BL5+BT5 -> 100000000 | J5: =COUNT(P5,X5,AF5,AN5,AV5,BD5,BL5,BT5,CB5,CJ5,CR5,CZ5,DH5,DP5,DX5,EF5,EN5,EV5,FD5,FL5,FT5,GB5,GJ5,GR5,GZ5,HH5,HP5,HX5,IF5,IN5,IV5,JD5) -> 1 | K5: 31010001 | L5: {=INDEX(编号表!$E:$E,MATCH(K5,编号表!$D:$D,0))} -> 一小袋金币 | P5: 100000000 | Q5: 3
A6: =40000000+INDEX(编号表!$B:$B,MATCH(B6,编号表!$A:$A,0))*10000+C6 -> 40010004 | B6: 金币 | C6: 4 | D6: 20级普怪金币200 | E6: 掉落方式_按概率 | F6: =P6+X6+AF6+AN6+AV6+BD6+BL6+BT6 -> 100000000 | J6: =COUNT(P6,X6,AF6,AN6,AV6,BD6,BL6,BT6,CB6,CJ6,CR6,CZ6,DH6,DP6,DX6,EF6,EN6,EV6,FD6,FL6,FT6,GB6,GJ6,GR6,GZ6,HH6,HP6,HX6,IF6,IN6,IV6,JD6) -> 1 | K6: 31010001 | L6: {=INDEX(编号表!$E:$E,MATCH(K6,编号表!$D:$D,0))} -> 一小袋金币 | P6: 100000000 | Q6: 4
A7: =40000000+INDEX(编号表!$B:$B,MATCH(B7,编号表!$A:$A,0))*10000+C7 -> 40010005 | B7: 金币 | C7: 5 | D7: 25级普怪金币250 | E7: 掉落方式_按概率 | F7: =P7+X7+AF7+AN7+AV7+BD7+BL7+BT7 -> 100000000 | J7: =COUNT(P7,X7,AF7,AN7,AV7,BD7,BL7,BT7,CB7,CJ7,CR7,CZ7,DH7,DP7,DX7,EF7,EN7,EV7,FD7,FL7,FT7,GB7,GJ7,GR7,GZ7,HH7,HP7,HX7,IF7,IN7,IV7,JD7) -> 1 | K7: 31010001 | L7: {=INDEX(编号表!$E:$E,MATCH(K7,编号表!$D:$D,0))} -> 一小袋金币 | P7: 100000000 | Q7: 5
A8: =40000000+INDEX(编号表!$B:$B,MATCH(B8,编号表!$A:$A,0))*10000+C8 -> 40010006 | B8: 金币 | C8: 6 | D8: 30级普怪金币300 | E8: 掉落方式_按概率 | F8: =P8+X8+AF8+AN8+AV8+BD8+BL8+BT8 -> 100000000 | J8: =COUNT(P8,X8,AF8,AN8,AV8,BD8,BL8,BT8,CB8,CJ8,CR8,CZ8,DH8,DP8,DX8,EF8,EN8,EV8,FD8,FL8,FT8,GB8,GJ8,GR8,GZ8,HH8,HP8,HX8,IF8,IN8,IV8,JD8) -> 1 | K8: 31010001 | L8: {=INDEX(编号表!$E:$E,MATCH(K8,编号表!$D:$D,0))} -> 一小袋金币 | P8: 100000000 | Q8: 6
A9: =40000000+INDEX(编号表!$B:$B,MATCH(B9,编号表!$A:$A,0))*10000+C9 -> 40010007 | B9: 金币 | C9: 7 | D9: 35级普怪金币350 | E9: 掉落方式_按概率 | F9: =P9+X9+AF9+AN9+AV9+BD9+BL9+BT9 -> 100000000 | J9: =COUNT(P9,X9,AF9,AN9,AV9,BD9,BL9,BT9,CB9,CJ9,CR9,CZ9,DH9,DP9,DX9,EF9,EN9,EV9,FD9,FL9,FT9,GB9,GJ9,GR9,GZ9,HH9,HP9,HX9,IF9,IN9,IV9,JD9) -> 1 | K9: 31010001 | L9: {=INDEX(编号表!$E:$E,MATCH(K9,编号表!$D:$D,0))} -> 一小袋金币 | P9: 100000000 | Q9: 7
A10: =40000000+INDEX(编号表!$B:$B,MATCH(B10,编号表!$A:$A,0))*10000+C10 -> 40010008 | B10: 金币 | C10: 8 | D10: 40级普怪金币400 | E10: 掉落方式_按概率 | F10: =P10+X10+AF10+AN10+AV10+BD10+BL10+BT10 -> 100000000 | J10: =COUNT(P10,X10,AF10,AN10,AV10,BD10,BL10,BT10,CB10,CJ10,CR10,CZ10,DH10,DP10,DX10,EF10,EN10,EV10,FD10,FL10,FT10,GB10,GJ10,GR10,GZ10,HH10,HP10,HX10,IF10,IN10,IV10,JD10) -> 1 | K10: 31010001 | L10: {=INDEX(编号表!$E:$E,MATCH(K10,编号表!$D:$D,0))} -> 一小袋金币 | P10: 100000000 | Q10: 8
A11: =40000000+INDEX(编号表!$B:$B,MATCH(B11,编号表!$A:$A,0))*10000+C11 -> 40010009 | B11: 金币 | C11: 9 | D11: 45级普怪金币450 | E11: 掉落方式_按概率 | F11: =P11+X11+AF11+AN11+AV11+BD11+BL11+BT11 -> 100000000 | J11: =COUNT(P11,X11,AF11,AN11,AV11,BD11,BL11,BT11,CB11,CJ11,CR11,CZ11,DH11,DP11,DX11,EF11,EN11,EV11,FD11,FL11,FT11,GB11,GJ11,GR11,GZ11,HH11,HP11,HX11,IF11,IN11,IV11,JD11) -> 1 | K11: 31010001 | L11: {=INDEX(编号表!$E:$E,MATCH(K11,编号表!$D:$D,0))} -> 一小袋金币 | P11: 100000000 | Q11: 9
A12: =40000000+INDEX(编号表!$B:$B,MATCH(B12,编号表!$A:$A,0))*10000+C12 -> 40010010 | B12: 金币 | C12: 10 | D12: 50级普怪金币500 | E12: 掉落方式_按概率 | F12: =P12+X12+AF12+AN12+AV12+BD12+BL12+BT12 -> 100000000 | J12: =COUNT(P12,X12,AF12,AN12,AV12,BD12,BL12,BT12,CB12,CJ12,CR12,CZ12,DH12,DP12,DX12,EF12,EN12,EV12,FD12,FL12,FT12,GB12,GJ12,GR12,GZ12,HH12,HP12,HX12,IF12,IN12,IV12,JD12) -> 1 | K12: 31010001 | L12: {=INDEX(编号表!$E:$E,MATCH(K12,编号表!$D:$D,0))} -> 一小袋金币 | P12: 100000000 | Q12: 10
A13: =40000000+INDEX(编号表!$B:$B,MATCH(B13,编号表!$A:$A,0))*10000+C13 -> 40010011 | B13: 金币 | C13: 11 | D13: 55级普怪金币550 | E13: 掉落方式_按概率 | F13: =P13+X13+AF13+AN13+AV13+BD13+BL13+BT13 -> 100000000 | J13: =COUNT(P13,X13,AF13,AN13,AV13,BD13,BL13,BT13,CB13,CJ13,CR13,CZ13,DH13,DP13,DX13,EF13,EN13,EV13,FD13,FL13,FT13,GB13,GJ13,GR13,GZ13,HH13,HP13,HX13,IF13,IN13,IV13,JD13) -> 1 | K13: 31010001 | L13: {=INDEX(编号表!$E:$E,MATCH(K13,编号表!$D:$D,0))} -> 一小袋金币 | P13: 100000000 | Q13: 11
A14: =40000000+INDEX(编号表!$B:$B,MATCH(B14,编号表!$A:$A,0))*10000+C14 -> 40010012 | B14: 金币 | C14: 12 | D14: 60级普怪金币600 | E14: 掉落方式_按概率 | F14: =P14+X14+AF14+AN14+AV14+BD14+BL14+BT14 -> 100000000 | J14: =COUNT(P14,X14,AF14,AN14,AV14,BD14,BL14,BT14,CB14,CJ14,CR14,CZ14,DH14,DP14,DX14,EF14,EN14,EV14,FD14,FL14,FT14,GB14,GJ14,GR14,GZ14,HH14,HP14,HX14,IF14,IN14,IV14,JD14) -> 1 | K14: 31010001 | L14: {=INDEX(编号表!$E:$E,MATCH(K14,编号表!$D:$D,0))} -> 一小袋金币 | P14: 100000000 | Q14: 12
... A33: =40000000+INDEX(编号表!$B:$B,MATCH(B33,编号表!$A:$A,0))*10000+C33 -> 40010031 | B33: 金币 | C33: 31 | D33: 70级精英金币2100 | E33: 掉落方式_按概率 | F33: =P33+X33+AF33+AN33+AV33+BD33+BL33+BT33 -> 100000000 | J33: =COUNT(P33,X33,AF33,AN33,AV33,BD33,BL33,BT33,CB33,CJ33,CR33,CZ33,DH33,DP33,DX33,EF33,EN33,EV33,FD33,FL33,FT33,GB33,GJ33,GR33,GZ33,HH33,HP33,HX33,IF33,IN33,IV33,JD33) -> 1 | K33: 31010001 | L33: {=INDEX(编号表!$E:$E,MATCH(K33,编号表!$D:$D,0))} -> 一小袋金币 | P33: 100000000 | Q33: 42
A34: =40000000+INDEX(编号表!$B:$B,MATCH(B34,编号表!$A:$A,0))*10000+C34 -> 40010032 | B34: 金币 | C34: 32 | D34: 75级精英金币2250 | E34: 掉落方式_按概率 | F34: =P34+X34+AF34+AN34+AV34+BD34+BL34+BT34 -> 100000000 | J34: =COUNT(P34,X34,AF34,AN34,AV34,BD34,BL34,BT34,CB34,CJ34,CR34,CZ34,DH34,DP34,DX34,EF34,EN34,EV34,FD34,FL34,FT34,GB34,GJ34,GR34,GZ34,HH34,HP34,HX34,IF34,IN34,IV34,JD34) -> 1 | K34: 31010001 | L34: {=INDEX(编号表!$E:$E,MATCH(K34,编号表!$D:$D,0))} -> 一小袋金币 | P34: 100000000 | Q34: =2250/50 -> 45
A35: =40000000+INDEX(编号表!$B:$B,MATCH(B35,编号表!$A:$A,0))*10000+C35 -> 40010033 | B35: 金币 | C35: 33 | D35: 80级精英金币2400 | E35: 掉落方式_按概率 | F35: =P35+X35+AF35+AN35+AV35+BD35+BL35+BT35 -> 100000000 | J35: =COUNT(P35,X35,AF35,AN35,AV35,BD35,BL35,BT35,CB35,CJ35,CR35,CZ35,DH35,DP35,DX35,EF35,EN35,EV35,FD35,FL35,FT35,GB35,GJ35,GR35,GZ35,HH35,HP35,HX35,IF35,IN35,IV35,JD35) -> 1 | K35: 31010001 | L35: {=INDEX(编号表!$E:$E,MATCH(K35,编号表!$D:$D,0))} -> 一小袋金币 | P35: 100000000 | Q35: 48
A36: =40000000+INDEX(编号表!$B:$B,MATCH(B36,编号表!$A:$A,0))*10000+C36 -> 40010034 | B36: 金币 | C36: 34 | D36: 85级精英金币2550 | E36: 掉落方式_按概率 | F36: =P36+X36+AF36+AN36+AV36+BD36+BL36+BT36 -> 100000000 | J36: =COUNT(P36,X36,AF36,AN36,AV36,BD36,BL36,BT36,CB36,CJ36,CR36,CZ36,DH36,DP36,DX36,EF36,EN36,EV36,FD36,FL36,FT36,GB36,GJ36,GR36,GZ36,HH36,HP36,HX36,IF36,IN36,IV36,JD36) -> 1 | K36: 31010001 | L36: {=INDEX(编号表!$E:$E,MATCH(K36,编号表!$D:$D,0))} -> 一小袋金币 | P36: 100000000 | Q36: 51
A37: =40000000+INDEX(编号表!$B:$B,MATCH(B37,编号表!$A:$A,0))*10000+C37 -> 40010035 | B37: 金币 | C37: 35 | D37: 5级BOSS金币450 | E37: 掉落方式_按概率 | F37: =P37+X37+AF37+AN37+AV37+BD37+BL37+BT37 -> 100000000 | J37: =COUNT(P37,X37,AF37,AN37,AV37,BD37,BL37,BT37,CB37,CJ37,CR37,CZ37,DH37,DP37,DX37,EF37,EN37,EV37,FD37,FL37,FT37,GB37,GJ37,GR37,GZ37,HH37,HP37,HX37,IF37,IN37,IV37,JD37) -> 1 | K37: 31010001 | L37: {=INDEX(编号表!$E:$E,MATCH(K37,编号表!$D:$D,0))} -> 一小袋金币 | P37: 100000000 | Q37: 9
A38: =40000000+INDEX(编号表!$B:$B,MATCH(B38,编号表!$A:$A,0))*10000+C38 -> 40010036 | B38: 金币 | C38: 36 | D38: 10级BOSS金币900 | E38: 掉落方式_按概率 | F38: =P38+X38+AF38+AN38+AV38+BD38+BL38+BT38 -> 100000000 | J38: =COUNT(P38,X38,AF38,AN38,AV38,BD38,BL38,BT38,CB38,CJ38,CR38,CZ38,DH38,DP38,DX38,EF38,EN38,EV38,FD38,FL38,FT38,GB38,GJ38,GR38,GZ38,HH38,HP38,HX38,IF38,IN38,IV38,JD38) -> 1 | K38: 31010001 | L38: {=INDEX(编号表!$E:$E,MATCH(K38,编号表!$D:$D,0))} -> 一小袋金币 | P38: 100000000 | Q38: 18
A39: =40000000+INDEX(编号表!$B:$B,MATCH(B39,编号表!$A:$A,0))*10000+C39 -> 40010037 | B39: 金币 | C39: 37 | D39: 15级BOSS金币1350 | E39: 掉落方式_按概率 | F39: =P39+X39+AF39+AN39+AV39+BD39+BL39+BT39 -> 100000000 | J39: =COUNT(P39,X39,AF39,AN39,AV39,BD39,BL39,BT39,CB39,CJ39,CR39,CZ39,DH39,DP39,DX39,EF39,EN39,EV39,FD39,FL39,FT39,GB39,GJ39,GR39,GZ39,HH39,HP39,HX39,IF39,IN39,IV39,JD39) -> 1 | K39: 31010001 | L39: {=INDEX(编号表!$E:$E,MATCH(K39,编号表!$D:$D,0))} -> 一小袋金币 | P39: 100000000 | Q39: 27
A40: =40000000+INDEX(编号表!$B:$B,MATCH(B40,编号表!$A:$A,0))*10000+C40 -> 40010038 | B40: 金币 | C40: 38 | D40: 20级BOSS金币1800 | E40: 掉落方式_按概率 | F40: =P40+X40+AF40+AN40+AV40+BD40+BL40+BT40 -> 100000000 | J40: =COUNT(P40,X40,AF40,AN40,AV40,BD40,BL40,BT40,CB40,CJ40,CR40,CZ40,DH40,DP40,DX40,EF40,EN40,EV40,FD40,FL40,FT40,GB40,GJ40,GR40,GZ40,HH40,HP40,HX40,IF40,IN40,IV40,JD40) -> 1 | K40: 31010001 | L40: {=INDEX(编号表!$E:$E,MATCH(K40,编号表!$D:$D,0))} -> 一小袋金币 | P40: 100000000 | Q40: 36
A41: =40000000+INDEX(编号表!$B:$B,MATCH(B41,编号表!$A:$A,0))*10000+C41 -> 40010039 | B41: 金币 | C41: 39 | D41: 25级BOSS金币2250 | E41: 掉落方式_按概率 | F41: =P41+X41+AF41+AN41+AV41+BD41+BL41+BT41 -> 100000000 | J41: =COUNT(P41,X41,AF41,AN41,AV41,BD41,BL41,BT41,CB41,CJ41,CR41,CZ41,DH41,DP41,DX41,EF41,EN41,EV41,FD41,FL41,FT41,GB41,GJ41,GR41,GZ41,HH41,HP41,HX41,IF41,IN41,IV41,JD41) -> 1 | K41: 31010001 | L41: {=INDEX(编号表!$E:$E,MATCH(K41,编号表!$D:$D,0))} -> 一小袋金币 | P41: 100000000 | Q41: 45
A42: =40000000+INDEX(编号表!$B:$B,MATCH(B42,编号表!$A:$A,0))*10000+C42 -> 40010040 | B42: 金币 | C42: 40 | D42: 30级BOSS金币2700 | E42: 掉落方式_按概率 | F42: =P42+X42+AF42+AN42+AV42+BD42+BL42+BT42 -> 100000000 | J42: =COUNT(P42,X42,AF42,AN42,AV42,BD42,BL42,BT42,CB42,CJ42,CR42,CZ42,DH42,DP42,DX42,EF42,EN42,EV42,FD42,FL42,FT42,GB42,GJ42,GR42,GZ42,HH42,HP42,HX42,IF42,IN42,IV42,JD42) -> 1 | K42: 31010001 | L42: {=INDEX(编号表!$E:$E,MATCH(K42,编号表!$D:$D,0))} -> 一小袋金币 | P42: 100000000 | Q42: 54
A43: =40000000+INDEX(编号表!$B:$B,MATCH(B43,编号表!$A:$A,0))*10000+C43 -> 40010041 | B43: 金币 | C43: 41 | D43: 35级BOSS金币3150 | E43: 掉落方式_按概率 | F43: =P43+X43+AF43+AN43+AV43+BD43+BL43+BT43 -> 100000000 | J43: =COUNT(P43,X43,AF43,AN43,AV43,BD43,BL43,BT43,CB43,CJ43,CR43,CZ43,DH43,DP43,DX43,EF43,EN43,EV43,FD43,FL43,FT43,GB43,GJ43,GR43,GZ43,HH43,HP43,HX43,IF43,IN43,IV43,JD43) -> 1 | K43: 31010001 | L43: {=INDEX(编号表!$E:$E,MATCH(K43,编号表!$D:$D,0))} -> 一小袋金币 | P43: 100000000 | Q43: 63
A44: =40000000+INDEX(编号表!$B:$B,MATCH(B44,编号表!$A:$A,0))*10000+C44 -> 40010042 | B44: 金币 | C44: 42 | D44: 40级BOSS金币3600 | E44: 掉落方式_按概率 | F44: =P44+X44+AF44+AN44+AV44+BD44+BL44+BT44 -> 100000000 | J44: =COUNT(P44,X44,AF44,AN44,AV44,BD44,BL44,BT44,CB44,CJ44,CR44,CZ44,DH44,DP44,DX44,EF44,EN44,EV44,FD44,FL44,FT44,GB44,GJ44,GR44,GZ44,HH44,HP44,HX44,IF44,IN44,IV44,JD44) -> 1 | K44: 31010001 | L44: {=INDEX(编号表!$E:$E,MATCH(K44,编号表!$D:$D,0))} -> 一小袋金币 | P44: 100000000 | Q44: 72
A45: =40000000+INDEX(编号表!$B:$B,MATCH(B45,编号表!$A:$A,0))*10000+C45 -> 40010043 | B45: 金币 | C45: 43 | D45: 45级BOSS金币4050 | E45: 掉落方式_按概率 | F45: =P45+X45+AF45+AN45+AV45+BD45+BL45+BT45 -> 100000000 | J45: =COUNT(P45,X45,AF45,AN45,AV45,BD45,BL45,BT45,CB45,CJ45,CR45,CZ45,DH45,DP45,DX45,EF45,EN45,EV45,FD45,FL45,FT45,GB45,GJ45,GR45,GZ45,HH45,HP45,HX45,IF45,IN45,IV45,JD45) -> 1 | K45: 31010001 | L45: {=INDEX(编号表!$E:$E,MATCH(K45,编号表!$D:$D,0))} -> 一小袋金币 | P45: 100000000 | Q45: 81
A46: =40000000+INDEX(编号表!$B:$B,MATCH(B46,编号表!$A:$A,0))*10000+C46 -> 40010044 | B46: 金币 | C46: 44 | D46: 50级BOSS金币4500 | E46: 掉落方式_按概率 | F46: =P46+X46+AF46+AN46+AV46+BD46+BL46+BT46 -> 100000000 | J46: =COUNT(P46,X46,AF46,AN46,AV46,BD46,BL46,BT46,CB46,CJ46,CR46,CZ46,DH46,DP46,DX46,EF46,EN46,EV46,FD46,FL46,FT46,GB46,GJ46,GR46,GZ46,HH46,HP46,HX46,IF46,IN46,IV46,JD46) -> 1 | K46: 31010001 | L46: {=INDEX(编号表!$E:$E,MATCH(K46,编号表!$D:$D,0))} -> 一小袋金币 | P46: 100000000 | Q46: 90
... A87: =40000000+INDEX(编号表!$B:$B,MATCH(B87,编号表!$A:$A,0))*10000+C87 -> 40020034 | B87: 灵符 | C87: 34 | D87: 85级BOSS灵符255 | E87: 掉落方式_按概率 | F87: =P87+X87+AF87+AN87+AV87+BD87+BL87+BT87 -> 100000000 | J87: =COUNT(P87,X87,AF87,AN87,AV87,BD87,BL87,BT87,CB87,CJ87,CR87,CZ87,DH87,DP87,DX87,EF87,EN87,EV87,FD87,FL87,FT87,GB87,GJ87,GR87,GZ87,HH87,HP87,HX87,IF87,IN87,IV87,JD87) -> 1 | K87: 31010002 | L87: {=INDEX(编号表!$E:$E,MATCH(K87,编号表!$D:$D,0))} -> 一小袋灵符 | P87: 100000000 | Q87: 51
A88: =40000000+INDEX(编号表!$B:$B,MATCH(B88,编号表!$A:$A,0))*10000+C88 -> 40050001 | B88: 六格 | C88: 1 | D88: 前10级六格 | E88: 掉落方式_按概率 | F88: =P88+X88+AF88+AN88+AV88+BD88+BL88+BT88 -> 1000000 | J88: =COUNT(P88,X88,AF88,AN88,AV88,BD88,BL88,BT88,CB88,CJ88,CR88,CZ88,DH88,DP88,DX88,EF88,EN88,EV88,FD88,FL88,FT88,GB88,GJ88,GR88,GZ88,HH88,HP88,HX88,IF88,IN88,IV88,JD88) -> 1 | M88: 大类_六格 | N88: 小类_B沃玛级C | O88: 白色 | P88: 1000000 | Q88: 1
A89: =40000000+INDEX(编号表!$B:$B,MATCH(B89,编号表!$A:$A,0))*10000+C89 -> 40050002 | B89: 六格 | C89: 2 | D89: 11到20级六格 | E89: 掉落方式_按概率 | F89: =P89+X89+AF89+AN89+AV89+BD89+BL89+BT89 -> 1000000 | J89: =COUNT(P89,X89,AF89,AN89,AV89,BD89,BL89,BT89,CB89,CJ89,CR89,CZ89,DH89,DP89,DX89,EF89,EN89,EV89,FD89,FL89,FT89,GB89,GJ89,GR89,GZ89,HH89,HP89,HX89,IF89,IN89,IV89,JD89) -> 1 | M89: 大类_六格 | N89: 小类_B沃玛级C | O89: 白色 | P89: 1000000 | Q89: 1
A90: =40000000+INDEX(编号表!$B:$B,MATCH(B90,编号表!$A:$A,0))*10000+C90 -> 40050003 | B90: 六格 | C90: 3 | D90: 21到30级六格 | E90: 掉落方式_按概率 | F90: =P90+X90+AF90+AN90+AV90+BD90+BL90+BT90 -> 1000000 | J90: =COUNT(P90,X90,AF90,AN90,AV90,BD90,BL90,BT90,CB90,CJ90,CR90,CZ90,DH90,DP90,DX90,EF90,EN90,EV90,FD90,FL90,FT90,GB90,GJ90,GR90,GZ90,HH90,HP90,HX90,IF90,IN90,IV90,JD90) -> 1 | M90: 大类_六格 | N90: 小类_B沃玛级C | O90: 白色 | P90: 1000000 | Q90: 1
A91: =40000000+INDEX(编号表!$B:$B,MATCH(B91,编号表!$A:$A,0))*10000+C91 -> 40050004 | B91: 六格 | C91: 4 | D91: 31到35级六格 | E91: 掉落方式_按概率 | F91: =P91+X91+AF91+AN91+AV91+BD91+BL91+BT91 -> 1000000 | J91: =COUNT(P91,X91,AF91,AN91,AV91,BD91,BL91,BT91,CB91,CJ91,CR91,CZ91,DH91,DP91,DX91,EF91,EN91,EV91,FD91,FL91,FT91,GB91,GJ91,GR91,GZ91,HH91,HP91,HX91,IF91,IN91,IV91,JD91) -> 1 | M91: 大类_六格 | N91: 小类_B沃玛级C | O91: 白色 | P91: 1000000 | Q91: 1
A92: =40000000+INDEX(编号表!$B:$B,MATCH(B92,编号表!$A:$A,0))*10000+C92 -> 40050005 | B92: 六格 | C92: 5 | D92: 35到40级六格 | E92: 掉落方式_按概率 | F92: =P92+X92+AF92+AN92+AV92+BD92+BL92+BT92 -> 1000000 | J92: =COUNT(P92,X92,AF92,AN92,AV92,BD92,BL92,BT92,CB92,CJ92,CR92,CZ92,DH92,DP92,DX92,EF92,EN92,EV92,FD92,FL92,FT92,GB92,GJ92,GR92,GZ92,HH92,HP92,HX92,IF92,IN92,IV92,JD92) -> 1 | M92: 大类_六格 | N92: 小类_C祖玛级A | O92: 绿色 | P92: 1000000 | Q92: 1
A93: =40000000+INDEX(编号表!$B:$B,MATCH(B93,编号表!$A:$A,0))*10000+C93 -> 40050006 | B93: 六格 | C93: 6 | D93: 41到45级六格 | E93: 掉落方式_按概率 | F93: =P93+X93+AF93+AN93+AV93+BD93+BL93+BT93 -> 1000000 | J93: =COUNT(P93,X93,AF93,AN93,AV93,BD93,BL93,BT93,CB93,CJ93,CR93,CZ93,DH93,DP93,DX93,EF93,EN93,EV93,FD93,FL93,FT93,GB93,GJ93,GR93,GZ93,HH93,HP93,HX93,IF93,IN93,IV93,JD93) -> 1 | M93: 大类_六格 | N93: 小类_C祖玛级A | O93: 绿色 | P93: 1000000 | Q93: 1
A94: =40000000+INDEX(编号表!$B:$B,MATCH(B94,编号表!$A:$A,0))*10000+C94 -> 40050007 | B94: 六格 | C94: 7 | D94: 46到50级六格 | E94: 掉落方式_按概率 | F94: =P94+X94+AF94+AN94+AV94+BD94+BL94+BT94 -> 1000000 | J94: =COUNT(P94,X94,AF94,AN94,AV94,BD94,BL94,BT94,CB94,CJ94,CR94,CZ94,DH94,DP94,DX94,EF94,EN94,EV94,FD94,FL94,FT94,GB94,GJ94,GR94,GZ94,HH94,HP94,HX94,IF94,IN94,IV94,JD94) -> 1 | M94: 大类_六格 | N94: 小类_D苍月级 | O94: 紫色 | P94: 1000000 | Q94: 1
A95: =40000000+INDEX(编号表!$B:$B,MATCH(B95,编号表!$A:$A,0))*10000+C95 -> 40050008 | B95: 六格 | C95: 8 | D95: 51到55级六格 | E95: 掉落方式_按概率 | F95: =P95+X95+AF95+AN95+AV95+BD95+BL95+BT95 -> 1000000 | J95: =COUNT(P95,X95,AF95,AN95,AV95,BD95,BL95,BT95,CB95,CJ95,CR95,CZ95,DH95,DP95,DX95,EF95,EN95,EV95,FD95,FL95,FT95,GB95,GJ95,GR95,GZ95,HH95,HP95,HX95,IF95,IN95,IV95,JD95) -> 1 | M95: 大类_六格 | N95: 小类_E赤月级 | O95: 紫色 | P95: 1000000 | Q95: 1
A96: =40000000+INDEX(编号表!$B:$B,MATCH(B96,编号表!$A:$A,0))*10000+C96 -> 40050009 | B96: 六格 | C96: 9 | D96: 56到60级六格 | E96: 掉落方式_按概率 | F96: =P96+X96+AF96+AN96+AV96+BD96+BL96+BT96 -> 1000000 | J96: =COUNT(P96,X96,AF96,AN96,AV96,BD96,BL96,BT96,CB96,CJ96,CR96,CZ96,DH96,DP96,DX96,EF96,EN96,EV96,FD96,FL96,FT96,GB96,GJ96,GR96,GZ96,HH96,HP96,HX96,IF96,IN96,IV96,JD96) -> 1 | M96: 大类_六格 | N96: 小类_F魔龙级 | O96: 橙色 | P96: 1000000 | Q96: 1
A97: =40000000+INDEX(编号表!$B:$B,MATCH(B97,编号表!$A:$A,0))*10000+C97 -> 40050010 | B97: 六格 | C97: 10 | D97: 61到65级六格 | E97: 掉落方式_按概率 | F97: =P97+X97+AF97+AN97+AV97+BD97+BL97+BT97 -> 1000000 | J97: =COUNT(P97,X97,AF97,AN97,AV97,BD97,BL97,BT97,CB97,CJ97,CR97,CZ97,DH97,DP97,DX97,EF97,EN97,EV97,FD97,FL97,FT97,GB97,GJ97,GR97,GZ97,HH97,HP97,HX97,IF97,IN97,IV97,JD97) -> 1 | M97: 大类_六格 | N97: 小类_G雷炎级 | O97: 橙色 | P97: 1000000 | Q97: 1
A98: =40000000+INDEX(编号表!$B:$B,MATCH(B98,编号表!$A:$A,0))*10000+C98 -> 40050011 | B98: 六格 | C98: 11 | D98: 66到70级六格 | E98: 掉落方式_按概率 | F98: =P98+X98+AF98+AN98+AV98+BD98+BL98+BT98 -> 1000000 | J98: =COUNT(P98,X98,AF98,AN98,AV98,BD98,BL98,BT98,CB98,CJ98,CR98,CZ98,DH98,DP98,DX98,EF98,EN98,EV98,FD98,FL98,FT98,GB98,GJ98,GR98,GZ98,HH98,HP98,HX98,IF98,IN98,IV98,JD98) -> 1 | M98: 大类_六格 | N98: 小类_H卧龙级 | O98: 红色 | P98: 1000000 | Q98: 1
A99: =40000000+INDEX(编号表!$B:$B,MATCH(B99,编号表!$A:$A,0))*10000+C99 -> 40050012 | B99: 六格 | C99: 12 | D99: 71到75级六格 | E99: 掉落方式_按概率 | F99: =P99+X99+AF99+AN99+AV99+BD99+BL99+BT99 -> 1000000 | J99: =COUNT(P99,X99,AF99,AN99,AV99,BD99,BL99,BT99,CB99,CJ99,CR99,CZ99,DH99,DP99,DX99,EF99,EN99,EV99,FD99,FL99,FT99,GB99,GJ99,GR99,GZ99,HH99,HP99,HX99,IF99,IN99,IV99,JD99) -> 1 | M99: 大类_六格 | N99: 小类_I魔王级 | O99: 红色 | P99: 1000000 | Q99: 1
... A101: =40000000+INDEX(编号表!$B:$B,MATCH(B101,编号表!$A:$A,0))*10000+C101 -> 40050014 | B101: 六格 | C101: 14 | D101: 81到85级六格 | E101: 掉落方式_按概率 | F101: =P101+X101+AF101+AN101+AV101+BD101+BL101+BT101 -> 1000000 | J101: =COUNT(P101,X101,AF101,AN101,AV101,BD101,BL101,BT101,CB101,CJ101,CR101,CZ101,DH101,DP101,DX101,EF101,EN101,EV101,FD101,FL101,FT101,GB101,GJ101,GR101,GZ101,HH101,HP101,HX101,IF101,IN101,IV101,JD101) -> 1 | M101: 大类_六格 | N101: 小类_K雪域级 | O101: 红色 | P101: 1000000 | Q101: 1
A102: =40000000+INDEX(编号表!$B:$B,MATCH(B102,编号表!$A:$A,0))*10000+C102 -> 40030001 | B102: 基础装备 | C102: 1 | D102: 前10级装备 | E102: 掉落方式_按概率 | F102: =P102+X102+AF102+AN102+AV102+BD102+BL102+BT102 -> 13310000 | J102: =COUNT(P102,X102,AF102,AN102,AV102,BD102,BL102,BT102,CB102,CJ102,CR102,CZ102,DH102,DP102,DX102,EF102,EN102,EV102,FD102,FL102,FT102,GB102,GJ102,GR102,GZ102,HH102,HP102,HX102,IF102,IN102,IV102,JD102) -> 4 | M102: 大类_基础装备 | N102: 小类_A新手 | O102: 白色 | P102: 10000000 | Q102: 1 | U102: 大类_基础装备 | V102: 小类_A新手 | W102: 绿色 | X102: 3000000 | Y102: 1 | AC102: 大类_基础装备 | AD102: 小类_A新手 | AE102: 紫色 | AF102: 300000 | AG102: 1 | AK102: 大类_基础装备 | AL102: 小类_A新手 | AM102: 橙色 | AN102: 10000 | AO102: 1
A103: =40000000+INDEX(编号表!$B:$B,MATCH(B103,编号表!$A:$A,0))*10000+C103 -> 40030002 | B103: 基础装备 | C103: 2 | D103: 11到20级装备 | E103: 掉落方式_按概率 | F103: =P103+X103+AF103+AN103+AV103+BD103+BL103+BT103 -> 13310000 | J103: =COUNT(P103,X103,AF103,AN103,AV103,BD103,BL103,BT103,CB103,CJ103,CR103,CZ103,DH103,DP103,DX103,EF103,EN103,EV103,FD103,FL103,FT103,GB103,GJ103,GR103,GZ103,HH103,HP103,HX103,IF103,IN103,IV103,JD103) -> 4 | M103: 大类_基础装备 | N103: 小类_B沃玛级A | O103: 白色 | P103: 10000000 | Q103: 1 | U103: 大类_基础装备 | V103: 小类_B沃玛级B | W103: 绿色 | X103: 3000000 | Y103: 1 | AC103: 大类_基础装备 | AD103: 小类_B沃玛级B | AE103: 紫色 | AF103: 300000 | AG103: 1 | AK103: 大类_基础装备 | AL103: 小类_B沃玛级B | AM103: 橙色 | AN103: 10000 | AO103: 1
A104: =40000000+INDEX(编号表!$B:$B,MATCH(B104,编号表!$A:$A,0))*10000+C104 -> 40030003 | B104: 基础装备 | C104: 3 | D104: 21到30级装备 | E104: 掉落方式_按概率 | F104: =P104+X104+AF104+AN104+AV104+BD104+BL104+BT104 -> 13310000 | J104: =COUNT(P104,X104,AF104,AN104,AV104,BD104,BL104,BT104,CB104,CJ104,CR104,CZ104,DH104,DP104,DX104,EF104,EN104,EV104,FD104,FL104,FT104,GB104,GJ104,GR104,GZ104,HH104,HP104,HX104,IF104,IN104,IV104,JD104) -> 4 | M104: 大类_基础装备 | N104: 小类_B沃玛级B | O104: 白色 | P104: 10000000 | Q104: 1 | U104: 大类_基础装备 | V104: 小类_B沃玛级A | W104: 绿色 | X104: 3000000 | Y104: 1 | AC104: 大类_基础装备 | AD104: 小类_B沃玛级A | AE104: 紫色 | AF104: 300000 | AG104: 1 | AK104: 大类_基础装备 | AL104: 小类_B沃玛级A | AM104: 橙色 | AN104: 10000 | AO104: 1
A105: =40000000+INDEX(编号表!$B:$B,MATCH(B105,编号表!$A:$A,0))*10000+C105 -> 40030004 | B105: 基础装备 | C105: 4 | D105: 31到35级装备 | E105: 掉落方式_按概率 | F105: =P105+X105+AF105+AN105+AV105+BD105+BL105+BT105 -> 13310000 | J105: =COUNT(P105,X105,AF105,AN105,AV105,BD105,BL105,BT105,CB105,CJ105,CR105,CZ105,DH105,DP105,DX105,EF105,EN105,EV105,FD105,FL105,FT105,GB105,GJ105,GR105,GZ105,HH105,HP105,HX105,IF105,IN105,IV105,JD105) -> 4 | M105: 大类_基础装备 | N105: 小类_B沃玛级C | O105: 白色 | P105: 10000000 | Q105: 1 | U105: 大类_基础装备 | V105: 小类_B沃玛级C | W105: 绿色 | X105: 3000000 | Y105: 1 | AC105: 大类_基础装备 | AD105: 小类_B沃玛级C | AE105: 紫色 | AF105: 300000 | AG105: 1 | AK105: 大类_基础装备 | AL105: 小类_B沃玛级C | AM105: 橙色 | AN105: 10000 | AO105: 1
A106: =40000000+INDEX(编号表!$B:$B,MATCH(B106,编号表!$A:$A,0))*10000+C106 -> 40030005 | B106: 基础装备 | C106: 5 | D106: 35到40级装备 | E106: 掉落方式_按概率 | F106: =P106+X106+AF106+AN106+AV106+BD106+BL106+BT106 -> 13310000 | J106: =COUNT(P106,X106,AF106,AN106,AV106,BD106,BL106,BT106,CB106,CJ106,CR106,CZ106,DH106,DP106,DX106,EF106,EN106,EV106,FD106,FL106,FT106,GB106,GJ106,GR106,GZ106,HH106,HP106,HX106,IF106,IN106,IV106,JD106) -> 4 | M106: 大类_基础装备 | N106: 小类_C祖玛级A | O106: 白色 | P106: 10000000 | Q106: 1 | U106: 大类_基础装备 | V106: 小类_C祖玛级A | W106: 绿色 | X106: 3000000 | Y106: 1 | AC106: 大类_基础装备 | AD106: 小类_C祖玛级A | AE106: 紫色 | AF106: 300000 | AG106: 1 | AK106: 大类_基础装备 | AL106: 小类_C祖玛级A | AM106: 橙色 | AN106: 10000 | AO106: 1
A107: =40000000+INDEX(编号表!$B:$B,MATCH(B107,编号表!$A:$A,0))*10000+C107 -> 40030006 | B107: 基础装备 | C107: 6 | D107: 41到45级装备 | E107: 掉落方式_按概率 | F107: =P107+X107+AF107+AN107+AV107+BD107+BL107+BT107 -> 13310000 | J107: =COUNT(P107,X107,AF107,AN107,AV107,BD107,BL107,BT107,CB107,CJ107,CR107,CZ107,DH107,DP107,DX107,EF107,EN107,EV107,FD107,FL107,FT107,GB107,GJ107,GR107,GZ107,HH107,HP107,HX107,IF107,IN107,IV107,JD107) -> 4 | M107: 大类_基础装备 | N107: 小类_C祖玛级B | O107: 白色 | P107: 10000000 | Q107: 1 | U107: 大类_基础装备 | V107: 小类_C祖玛级B | W107: 绿色 | X107: 3000000 | Y107: 1 | AC107: 大类_基础装备 | AD107: 小类_C祖玛级B | AE107: 紫色 | AF107: 300000 | AG107: 1 | AK107: 大类_基础装备 | AL107: 小类_C祖玛级B | AM107: 橙色 | AN107: 10000 | AO107: 1
A108: =40000000+INDEX(编号表!$B:$B,MATCH(B108,编号表!$A:$A,0))*10000+C108 -> 40030007 | B108: 基础装备 | C108: 7 | D108: 46到50级装备 | E108: 掉落方式_按概率 | F108: =P108+X108+AF108+AN108+AV108+BD108+BL108+BT108 -> 13310000 | J108: =COUNT(P108,X108,AF108,AN108,AV108,BD108,BL108,BT108,CB108,CJ108,CR108,CZ108,DH108,DP108,DX108,EF108,EN108,EV108,FD108,FL108,FT108,GB108,GJ108,GR108,GZ108,HH108,HP108,HX108,IF108,IN108,IV108,JD108) -> 4 | M108: 大类_基础装备 | N108: 小类_D苍月级 | O108: 白色 | P108: 10000000 | Q108: 1 | U108: 大类_基础装备 | V108: 小类_D苍月级 | W108: 绿色 | X108: 3000000 | Y108: 1 | AC108: 大类_基础装备 | AD108: 小类_D苍月级 | AE108: 紫色 | AF108: 300000 | AG108: 1 | AK108: 大类_基础装备 | AL108: 小类_D苍月级 | AM108: 橙色 | AN108: 10000 | AO108: 1
A109: =40000000+INDEX(编号表!$B:$B,MATCH(B109,编号表!$A:$A,0))*10000+C109 -> 40030008 | B109: 基础装备 | C109: 8 | D109: 51到55级装备 | E109: 掉落方式_按概率 | F109: =P109+X109+AF109+AN109+AV109+BD109+BL109+BT109 -> 13310000 | J109: =COUNT(P109,X109,AF109,AN109,AV109,BD109,BL109,BT109,CB109,CJ109,CR109,CZ109,DH109,DP109,DX109,EF109,EN109,EV109,FD109,FL109,FT109,GB109,GJ109,GR109,GZ109,HH109,HP109,HX109,IF109,IN109,IV109,JD109) -> 4 | M109: 大类_基础装备 | N109: 小类_E赤月级 | O109: 白色 | P109: 10000000 | Q109: 1 | U109: 大类_基础装备 | V109: 小类_E赤月级 | W109: 绿色 | X109: 3000000 | Y109: 1 | AC109: 大类_基础装备 | AD109: 小类_E赤月级 | AE109: 紫色 | AF109: 300000 | AG109: 1 | AK109: 大类_基础装备 | AL109: 小类_E赤月级 | AM109: 橙色 | AN109: 10000 | AO109: 1
A110: =40000000+INDEX(编号表!$B:$B,MATCH(B110,编号表!$A:$A,0))*10000+C110 -> 40030009 | B110: 基础装备 | C110: 9 | D110: 56到60级装备 | E110: 掉落方式_按概率 | F110: =P110+X110+AF110+AN110+AV110+BD110+BL110+BT110 -> 13310000 | J110: =COUNT(P110,X110,AF110,AN110,AV110,BD110,BL110,BT110,CB110,CJ110,CR110,CZ110,DH110,DP110,DX110,EF110,EN110,EV110,FD110,FL110,FT110,GB110,GJ110,GR110,GZ110,HH110,HP110,HX110,IF110,IN110,IV110,JD110) -> 4 | M110: 大类_基础装备 | N110: 小类_F魔龙级 | O110: 白色 | P110: 10000000 | Q110: 1 | U110: 大类_基础装备 | V110: 小类_F魔龙级 | W110: 绿色 | X110: 3000000 | Y110: 1 | AC110: 大类_基础装备 | AD110: 小类_F魔龙级 | AE110: 紫色 | AF110: 300000 | AG110: 1 | AK110: 大类_基础装备 | AL110: 小类_F魔龙级 | AM110: 橙色 | AN110: 10000 | AO110: 1
A111: =40000000+INDEX(编号表!$B:$B,MATCH(B111,编号表!$A:$A,0))*10000+C111 -> 40030010 | B111: 基础装备 | C111: 10 | D111: 61到65级装备 | E111: 掉落方式_按概率 | F111: =P111+X111+AF111+AN111+AV111+BD111+BL111+BT111 -> 13310000 | J111: =COUNT(P111,X111,AF111,AN111,AV111,BD111,BL111,BT111,CB111,CJ111,CR111,CZ111,DH111,DP111,DX111,EF111,EN111,EV111,FD111,FL111,FT111,GB111,GJ111,GR111,GZ111,HH111,HP111,HX111,IF111,IN111,IV111,JD111) -> 4 | M111: 大类_基础装备 | N111: 小类_G雷炎级 | O111: 白色 | P111: 10000000 | Q111: 1 | U111: 大类_基础装备 | V111: 小类_G雷炎级 | W111: 绿色 | X111: 3000000 | Y111: 1 | AC111: 大类_基础装备 | AD111: 小类_G雷炎级 | AE111: 紫色 | AF111: 300000 | AG111: 1 | AK111: 大类_基础装备 | AL111: 小类_G雷炎级 | AM111: 橙色 | AN111: 10000 | AO111: 1
A112: =40000000+INDEX(编号表!$B:$B,MATCH(B112,编号表!$A:$A,0))*10000+C112 -> 40030011 | B112: 基础装备 | C112: 11 | D112: 66到70级装备 | E112: 掉落方式_按概率 | F112: =P112+X112+AF112+AN112+AV112+BD112+BL112+BT112 -> 13310000 | J112: =COUNT(P112,X112,AF112,AN112,AV112,BD112,BL112,BT112,CB112,CJ112,CR112,CZ112,DH112,DP112,DX112,EF112,EN112,EV112,FD112,FL112,FT112,GB112,GJ112,GR112,GZ112,HH112,HP112,HX112,IF112,IN112,IV112,JD112) -> 4 | M112: 大类_基础装备 | N112: 小类_H卧龙级 | O112: 白色 | P112: 10000000 | Q112: 1 | U112: 大类_基础装备 | V112: 小类_H卧龙级 | W112: 绿色 | X112: 3000000 | Y112: 1 | AC112: 大类_基础装备 | AD112: 小类_H卧龙级 | AE112: 紫色 | AF112: 300000 | AG112: 1 | AK112: 大类_基础装备 | AL112: 小类_H卧龙级 | AM112: 橙色 | AN112: 10000 | AO112: 1
A113: =40000000+INDEX(编号表!$B:$B,MATCH(B113,编号表!$A:$A,0))*10000+C113 -> 40030012 | B113: 基础装备 | C113: 12 | D113: 71到75级装备 | E113: 掉落方式_按概率 | F113: =P113+X113+AF113+AN113+AV113+BD113+BL113+BT113 -> 13310000 | J113: =COUNT(P113,X113,AF113,AN113,AV113,BD113,BL113,BT113,CB113,CJ113,CR113,CZ113,DH113,DP113,DX113,EF113,EN113,EV113,FD113,FL113,FT113,GB113,GJ113,GR113,GZ113,HH113,HP113,HX113,IF113,IN113,IV113,JD113) -> 4 | M113: 大类_基础装备 | N113: 小类_I魔王级 | O113: 白色 | P113: 10000000 | Q113: 1 | U113: 大类_基础装备 | V113: 小类_I魔王级 | W113: 绿色 | X113: 3000000 | Y113: 1 | AC113: 大类_基础装备 | AD113: 小类_I魔王级 | AE113: 紫色 | AF113: 300000 | AG113: 1 | AK113: 大类_基础装备 | AL113: 小类_I魔王级 | AM113: 橙色 | AN113: 10000 | AO113: 1
... A115: =40000000+INDEX(编号表!$B:$B,MATCH(B115,编号表!$A:$A,0))*10000+C115 -> 40030014 | B115: 基础装备 | C115: 14 | D115: 81到85级装备 | E115: 掉落方式_按概率 | F115: =P115+X115+AF115+AN115+AV115+BD115+BL115+BT115 -> 13310000 | J115: =COUNT(P115,X115,AF115,AN115,AV115,BD115,BL115,BT115,CB115,CJ115,CR115,CZ115,DH115,DP115,DX115,EF115,EN115,EV115,FD115,FL115,FT115,GB115,GJ115,GR115,GZ115,HH115,HP115,HX115,IF115,IN115,IV115,JD115) -> 4 | M115: 大类_基础装备 | N115: 小类_K雪域级 | O115: 白色 | P115: 10000000 | Q115: 1 | U115: 大类_基础装备 | V115: 小类_K雪域级 | W115: 绿色 | X115: 3000000 | Y115: 1 | AC115: 大类_基础装备 | AD115: 小类_K雪域级 | AE115: 紫色 | AF115: 300000 | AG115: 1 | AK115: 大类_基础装备 | AL115: 小类_K雪域级 | AM115: 橙色 | AN115: 10000 | AO115: 1
A116: =40000000+INDEX(编号表!$B:$B,MATCH(B116,编号表!$A:$A,0))*10000+C116 -> 40040001 | B116: 四格 | C116: 1 | D116: 前10级四格 | E116: 掉落方式_按概率 | F116: =P116+X116+AF116+AN116+AV116+BD116+BL116+BT116 -> 4030550 | J116: =COUNT(P116,X116,AF116,AN116,AV116,BD116,BL116,BT116,CB116,CJ116,CR116,CZ116,DH116,DP116,DX116,EF116,EN116,EV116,FD116,FL116,FT116,GB116,GJ116,GR116,GZ116,HH116,HP116,HX116,IF116,IN116,IV116,JD116) -> 5 | M116: 大类_四格 | N116: 小类_A新手 | O116: 白色 | P116: 1000000 | Q116: 1 | U116: 大类_四格 | V116: 小类_A新手 | W116: 绿色 | X116: 3000000 | Y116: 1 | AC116: 大类_四格 | AD116: 小类_A新手 | AE116: 紫色 | AF116: 30000 | AG116: 1 | AK116: 大类_四格 | AL116: 小类_A新手 | AM116: 橙色 | AN116: 500 | AO116: 1 | AS116: 大类_四格 | AT116: 小类_A新手 | AU116: 红色 | AV116: 50 | AW116: 1
A117: =40000000+INDEX(编号表!$B:$B,MATCH(B117,编号表!$A:$A,0))*10000+C117 -> 40040002 | B117: 四格 | C117: 2 | D117: 11到20级四格 | E117: 掉落方式_按概率 | F117: =P117+X117+AF117+AN117+AV117+BD117+BL117+BT117 -> 4030550 | J117: =COUNT(P117,X117,AF117,AN117,AV117,BD117,BL117,BT117,CB117,CJ117,CR117,CZ117,DH117,DP117,DX117,EF117,EN117,EV117,FD117,FL117,FT117,GB117,GJ117,GR117,GZ117,HH117,HP117,HX117,IF117,IN117,IV117,JD117) -> 5 | M117: 大类_四格 | N117: 小类_B沃玛级A | O117: 白色 | P117: 1000000 | Q117: 1 | U117: 大类_四格 | V117: 小类_B沃玛级B | W117: 绿色 | X117: 3000000 | Y117: 1 | AC117: 大类_四格 | AD117: 小类_B沃玛级B | AE117: 紫色 | AF117: 30000 | AG117: 1 | AK117: 大类_四格 | AL117: 小类_B沃玛级B | AM117: 橙色 | AN117: 500 | AO117: 1 | AS117: 大类_四格 | AT117: 小类_B沃玛级B | AU117: 红色 | AV117: 50 | AW117: 1
A118: =40000000+INDEX(编号表!$B:$B,MATCH(B118,编号表!$A:$A,0))*10000+C118 -> 40040003 | B118: 四格 | C118: 3 | D118: 21到30级四格 | E118: 掉落方式_按概率 | F118: =P118+X118+AF118+AN118+AV118+BD118+BL118+BT118 -> 4030550 | J118: =COUNT(P118,X118,AF118,AN118,AV118,BD118,BL118,BT118,CB118,CJ118,CR118,CZ118,DH118,DP118,DX118,EF118,EN118,EV118,FD118,FL118,FT118,GB118,GJ118,GR118,GZ118,HH118,HP118,HX118,IF118,IN118,IV118,JD118) -> 5 | M118: 大类_四格 | N118: 小类_B沃玛级B | O118: 白色 | P118: 1000000 | Q118: 1 | U118: 大类_四格 | V118: 小类_B沃玛级A | W118: 绿色 | X118: 3000000 | Y118: 1 | AC118: 大类_四格 | AD118: 小类_B沃玛级A | AE118: 紫色 | AF118: 30000 | AG118: 1 | AK118: 大类_四格 | AL118: 小类_B沃玛级A | AM118: 橙色 | AN118: 500 | AO118: 1 | AS118: 大类_四格 | AT118: 小类_B沃玛级A | AU118: 红色 | AV118: 50 | AW118: 1
A119: =40000000+INDEX(编号表!$B:$B,MATCH(B119,编号表!$A:$A,0))*10000+C119 -> 40040004 | B119: 四格 | C119: 4 | D119: 31到35级四格 | E119: 掉落方式_按概率 | F119: =P119+X119+AF119+AN119+AV119+BD119+BL119+BT119 -> 4030550 | J119: =COUNT(P119,X119,AF119,AN119,AV119,BD119,BL119,BT119,CB119,CJ119,CR119,CZ119,DH119,DP119,DX119,EF119,EN119,EV119,FD119,FL119,FT119,GB119,GJ119,GR119,GZ119,HH119,HP119,HX119,IF119,IN119,IV119,JD119) -> 5 | M119: 大类_四格 | N119: 小类_B沃玛级C | O119: 白色 | P119: 1000000 | Q119: 1 | U119: 大类_四格 | V119: 小类_B沃玛级C | W119: 绿色 | X119: 3000000 | Y119: 1 | AC119: 大类_四格 | AD119: 小类_B沃玛级C | AE119: 紫色 | AF119: 30000 | AG119: 1 | AK119: 大类_四格 | AL119: 小类_B沃玛级C | AM119: 橙色 | AN119: 500 | AO119: 1 | AS119: 大类_四格 | AT119: 小类_B沃玛级C | AU119: 红色 | AV119: 50 | AW119: 1
A120: =40000000+INDEX(编号表!$B:$B,MATCH(B120,编号表!$A:$A,0))*10000+C120 -> 40040005 | B120: 四格 | C120: 5 | D120: 35到40级四格 | E120: 掉落方式_按概率 | F120: =P120+X120+AF120+AN120+AV120+BD120+BL120+BT120 -> 4030550 | J120: =COUNT(P120,X120,AF120,AN120,AV120,BD120,BL120,BT120,CB120,CJ120,CR120,CZ120,DH120,DP120,DX120,EF120,EN120,EV120,FD120,FL120,FT120,GB120,GJ120,GR120,GZ120,HH120,HP120,HX120,IF120,IN120,IV120,JD120) -> 5 | M120: 大类_四格 | N120: 小类_C祖玛级A | O120: 白色 | P120: 1000000 | Q120: 1 | U120: 大类_四格 | V120: 小类_C祖玛级A | W120: 绿色 | X120: 3000000 | Y120: 1 | AC120: 大类_四格 | AD120: 小类_C祖玛级A | AE120: 紫色 | AF120: 30000 | AG120: 1 | AK120: 大类_四格 | AL120: 小类_C祖玛级A | AM120: 橙色 | AN120: 500 | AO120: 1 | AS120: 大类_四格 | AT120: 小类_C祖玛级A | AU120: 红色 | AV120: 50 | AW120: 1
A121: =40000000+INDEX(编号表!$B:$B,MATCH(B121,编号表!$A:$A,0))*10000+C121 -> 40040006 | B121: 四格 | C121: 6 | D121: 41到45级四格 | E121: 掉落方式_按概率 | J121: =COUNT(P121,X121,AF121,AN121,AV121,BD121,BL121,BT121,CB121,CJ121,CR121,CZ121,DH121,DP121,DX121,EF121,EN121,EV121,FD121,FL121,FT121,GB121,GJ121,GR121,GZ121,HH121,HP121,HX121,IF121,IN121,IV121,JD121) -> 5 | M121: 大类_四格 | N121: 小类_C祖玛级B | O121: 白色 | P121: 1000000 | Q121: 1 | U121: 大类_四格 | V121: 小类_C祖玛级B | W121: 绿色 | X121: 3000000 | Y121: 1 | AC121: 大类_四格 | AD121: 小类_C祖玛级B | AE121: 紫色 | AF121: 30000 | AG121: 1 | AK121: 大类_四格 | AL121: 小类_C祖玛级B | AM121: 橙色 | AN121: 500 | AO121: 1 | AS121: 大类_四格 | AT121: 小类_C祖玛级B | AU121: 红色 | AV121: 50 | AW121: 1
A122: =40000000+INDEX(编号表!$B:$B,MATCH(B122,编号表!$A:$A,0))*10000+C122 -> 40040007 | B122: 四格 | C122: 7 | D122: 46到50级四格 | E122: 掉落方式_按概率 | J122: =COUNT(P122,X122,AF122,AN122,AV122,BD122,BL122,BT122,CB122,CJ122,CR122,CZ122,DH122,DP122,DX122,EF122,EN122,EV122,FD122,FL122,FT122,GB122,GJ122,GR122,GZ122,HH122,HP122,HX122,IF122,IN122,IV122,JD122) -> 5 | M122: 大类_四格 | N122: 小类_D苍月级 | O122: 白色 | P122: 1000000 | Q122: 1 | U122: 大类_四格 | V122: 小类_D苍月级 | W122: 绿色 | X122: 3000000 | Y122: 1 | AC122: 大类_四格 | AD122: 小类_D苍月级 | AE122: 紫色 | AF122: 30000 | AG122: 1 | AK122: 大类_四格 | AL122: 小类_D苍月级 | AM122: 橙色 | AN122: 500 | AO122: 1 | AS122: 大类_四格 | AT122: 小类_D苍月级 | AU122: 红色 | AV122: 50 | AW122: 1
A123: =40000000+INDEX(编号表!$B:$B,MATCH(B123,编号表!$A:$A,0))*10000+C123 -> 40040008 | B123: 四格 | C123: 8 | D123: 51到55级四格 | E123: 掉落方式_按概率 | J123: =COUNT(P123,X123,AF123,AN123,AV123,BD123,BL123,BT123,CB123,CJ123,CR123,CZ123,DH123,DP123,DX123,EF123,EN123,EV123,FD123,FL123,FT123,GB123,GJ123,GR123,GZ123,HH123,HP123,HX123,IF123,IN123,IV123,JD123) -> 5 | M123: 大类_四格 | N123: 小类_E赤月级 | O123: 白色 | P123: 1000000 | Q123: 1 | U123: 大类_四格 | V123: 小类_E赤月级 | W123: 绿色 | X123: 3000000 | Y123: 1 | AC123: 大类_四格 | AD123: 小类_E赤月级 | AE123: 紫色 | AF123: 30000 | AG123: 1 | AK123: 大类_四格 | AL123: 小类_E赤月级 | AM123: 橙色 | AN123: 500 | AO123: 1 | AS123: 大类_四格 | AT123: 小类_E赤月级 | AU123: 红色 | AV123: 50 | AW123: 1
A124: =40000000+INDEX(编号表!$B:$B,MATCH(B124,编号表!$A:$A,0))*10000+C124 -> 40040009 | B124: 四格 | C124: 9 | D124: 56到60级四格 | E124: 掉落方式_按概率 | J124: =COUNT(P124,X124,AF124,AN124,AV124,BD124,BL124,BT124,CB124,CJ124,CR124,CZ124,DH124,DP124,DX124,EF124,EN124,EV124,FD124,FL124,FT124,GB124,GJ124,GR124,GZ124,HH124,HP124,HX124,IF124,IN124,IV124,JD124) -> 5 | M124: 大类_四格 | N124: 小类_F魔龙级 | O124: 白色 | P124: 1000000 | Q124: 1 | U124: 大类_四格 | V124: 小类_F魔龙级 | W124: 绿色 | X124: 3000000 | Y124: 1 | AC124: 大类_四格 | AD124: 小类_F魔龙级 | AE124: 紫色 | AF124: 30000 | AG124: 1 | AK124: 大类_四格 | AL124: 小类_F魔龙级 | AM124: 橙色 | AN124: 500 | AO124: 1 | AS124: 大类_四格 | AT124: 小类_F魔龙级 | AU124: 红色 | AV124: 50 | AW124: 1
A125: =40000000+INDEX(编号表!$B:$B,MATCH(B125,编号表!$A:$A,0))*10000+C125 -> 40040010 | B125: 四格 | C125: 10 | D125: 61到65级四格 | E125: 掉落方式_按概率 | J125: =COUNT(P125,X125,AF125,AN125,AV125,BD125,BL125,BT125,CB125,CJ125,CR125,CZ125,DH125,DP125,DX125,EF125,EN125,EV125,FD125,FL125,FT125,GB125,GJ125,GR125,GZ125,HH125,HP125,HX125,IF125,IN125,IV125,JD125) -> 5 | M125: 大类_四格 | N125: 小类_G雷炎级 | O125: 白色 | P125: 1000000 | Q125: 1 | U125: 大类_四格 | V125: 小类_G雷炎级 | W125: 绿色 | X125: 3000000 | Y125: 1 | AC125: 大类_四格 | AD125: 小类_G雷炎级 | AE125: 紫色 | AF125: 30000 | AG125: 1 | AK125: 大类_四格 | AL125: 小类_G雷炎级 | AM125: 橙色 | AN125: 500 | AO125: 1 | AS125: 大类_四格 | AT125: 小类_G雷炎级 | AU125: 红色 | AV125: 50 | AW125: 1
A126: =40000000+INDEX(编号表!$B:$B,MATCH(B126,编号表!$A:$A,0))*10000+C126 -> 40040011 | B126: 四格 | C126: 11 | D126: 66到70级四格 | E126: 掉落方式_按概率 | J126: =COUNT(P126,X126,AF126,AN126,AV126,BD126,BL126,BT126,CB126,CJ126,CR126,CZ126,DH126,DP126,DX126,EF126,EN126,EV126,FD126,FL126,FT126,GB126,GJ126,GR126,GZ126,HH126,HP126,HX126,IF126,IN126,IV126,JD126) -> 5 | M126: 大类_四格 | N126: 小类_H卧龙级 | O126: 白色 | P126: 1000000 | Q126: 1 | U126: 大类_四格 | V126: 小类_H卧龙级 | W126: 绿色 | X126: 3000000 | Y126: 1 | AC126: 大类_四格 | AD126: 小类_H卧龙级 | AE126: 紫色 | AF126: 30000 | AG126: 1 | AK126: 大类_四格 | AL126: 小类_H卧龙级 | AM126: 橙色 | AN126: 500 | AO126: 1 | AS126: 大类_四格 | AT126: 小类_H卧龙级 | AU126: 红色 | AV126: 50 | AW126: 1
A127: =40000000+INDEX(编号表!$B:$B,MATCH(B127,编号表!$A:$A,0))*10000+C127 -> 40040012 | B127: 四格 | C127: 12 | D127: 71到75级四格 | E127: 掉落方式_按概率 | J127: =COUNT(P127,X127,AF127,AN127,AV127,BD127,BL127,BT127,CB127,CJ127,CR127,CZ127,DH127,DP127,DX127,EF127,EN127,EV127,FD127,FL127,FT127,GB127,GJ127,GR127,GZ127,HH127,HP127,HX127,IF127,IN127,IV127,JD127) -> 5 | M127: 大类_四格 | N127: 小类_I魔王级 | O127: 白色 | P127: 1000000 | Q127: 1 | U127: 大类_四格 | V127: 小类_I魔王级 | W127: 绿色 | X127: 3000000 | Y127: 1 | AC127: 大类_四格 | AD127: 小类_I魔王级 | AE127: 紫色 | AF127: 30000 | AG127: 1 | AK127: 大类_四格 | AL127: 小类_I魔王级 | AM127: 橙色 | AN127: 500 | AO127: 1 | AS127: 大类_四格 | AT127: 小类_I魔王级 | AU127: 红色 | AV127: 50 | AW127: 1
A128: =40000000+INDEX(编号表!$B:$B,MATCH(B128,编号表!$A:$A,0))*10000+C128 -> 40040013 | B128: 四格 | C128: 13 | D128: 76到80级四格 | E128: 掉落方式_按概率 | J128: =COUNT(P128,X128,AF128,AN128,AV128,BD128,BL128,BT128,CB128,CJ128,CR128,CZ128,DH128,DP128,DX128,EF128,EN128,EV128,FD128,FL128,FT128,GB128,GJ128,GR128,GZ128,HH128,HP128,HX128,IF128,IN128,IV128,JD128) -> 5 | M128: 大类_四格 | N128: 小类_J狐月级 | O128: 白色 | P128: 1000000 | Q128: 1 | U128: 大类_四格 | V128: 小类_J狐月级 | W128: 绿色 | X128: 3000000 | Y128: 1 | AC128: 大类_四格 | AD128: 小类_J狐月级 | AE128: 紫色 | AF128: 30000 | AG128: 1 | AK128: 大类_四格 | AL128: 小类_J狐月级 | AM128: 橙色 | AN128: 500 | AO128: 1 | AS128: 大类_四格 | AT128: 小类_J狐月级 | AU128: 红色 | AV128: 50 | AW128: 1
A129: =40000000+INDEX(编号表!$B:$B,MATCH(B129,编号表!$A:$A,0))*10000+C129 -> 40040014 | B129: 四格 | C129: 14 | D129: 81到85级四格 | E129: 掉落方式_按概率 | F129: =P129+X129+AF129+AN129+AV129+BD129+BL129+BT129 -> 4030550 | J129: =COUNT(P129,X129,AF129,AN129,AV129,BD129,BL129,BT129,CB129,CJ129,CR129,CZ129,DH129,DP129,DX129,EF129,EN129,EV129,FD129,FL129,FT129,GB129,GJ129,GR129,GZ129,HH129,HP129,HX129,IF129,IN129,IV129,JD129) -> 5 | M129: 大类_四格 | N129: 小类_K雪域级 | O129: 白色 | P129: 1000000 | Q129: 1 | U129: 大类_四格 | V129: 小类_K雪域级 | W129: 绿色 | X129: 3000000 | Y129: 1 | AC129: 大类_四格 | AD129: 小类_K雪域级 | AE129: 紫色 | AF129: 30000 | AG129: 1 | AK129: 大类_四格 | AL129: 小类_K雪域级 | AM129: 橙色 | AN129: 500 | AO129: 1 | AS129: 大类_四格 | AT129: 小类_K雪域级 | AU129: 红色 | AV129: 50 | AW129: 1
A130: =40000000+INDEX(编号表!$B:$B,MATCH(B130,编号表!$A:$A,0))*10000+C130 -> 40060001 | B130: 配饰 | C130: 1 | D130: 前10级装备 | E130: 掉落方式_按概率 | F130: =P130+X130+AF130+AN130+AV130+BD130+BL130+BT130 -> 4030550 | J130: =COUNT(P130,X130,AF130,AN130,AV130,BD130,BL130,BT130,CB130,CJ130,CR130,CZ130,DH130,DP130,DX130,EF130,EN130,EV130,FD130,FL130,FT130,GB130,GJ130,GR130,GZ130,HH130,HP130,HX130,IF130,IN130,IV130,JD130) -> 5 | M130: 大类_配饰 | N130: 小类_A新手 | O130: 白色 | P130: 1000000 | Q130: 1 | U130: 大类_配饰 | V130: 小类_A新手 | W130: 绿色 | X130: 3000000 | Y130: 1 | AC130: 大类_配饰 | AD130: 小类_A新手 | AE130: 紫色 | AF130: 30000 | AG130: 1 | AK130: 大类_配饰 | AL130: 小类_A新手 | AM130: 橙色 | AN130: 500 | AO130: 1 | AS130: 大类_配饰 | AT130: 小类_A新手 | AU130: 红色 | AV130: 50 | AW130: 1
A131: =40000000+INDEX(编号表!$B:$B,MATCH(B131,编号表!$A:$A,0))*10000+C131 -> 40060002 | B131: 配饰 | C131: 2 | D131: 11到20级装备 | E131: 掉落方式_按概率 | F131: =P131+X131+AF131+AN131+AV131+BD131+BL131+BT131 -> 4030550 | J131: =COUNT(P131,X131,AF131,AN131,AV131,BD131,BL131,BT131,CB131,CJ131,CR131,CZ131,DH131,DP131,DX131,EF131,EN131,EV131,FD131,FL131,FT131,GB131,GJ131,GR131,GZ131,HH131,HP131,HX131,IF131,IN131,IV131,JD131) -> 5 | M131: 大类_配饰 | N131: 小类_B沃玛级A | O131: 白色 | P131: 1000000 | Q131: 1 | U131: 大类_配饰 | V131: 小类_B沃玛级B | W131: 绿色 | X131: 3000000 | Y131: 1 | AC131: 大类_配饰 | AD131: 小类_B沃玛级B | AE131: 紫色 | AF131: 30000 | AG131: 1 | AK131: 大类_配饰 | AL131: 小类_B沃玛级B | AM131: 橙色 | AN131: 500 | AO131: 1 | AS131: 大类_配饰 | AT131: 小类_B沃玛级B | AU131: 红色 | AV131: 50 | AW131: 1
A132: =40000000+INDEX(编号表!$B:$B,MATCH(B132,编号表!$A:$A,0))*10000+C132 -> 40060003 | B132: 配饰 | C132: 3 | D132: 21到30级装备 | E132: 掉落方式_按概率 | F132: =P132+X132+AF132+AN132+AV132+BD132+BL132+BT132 -> 4030550 | J132: =COUNT(P132,X132,AF132,AN132,AV132,BD132,BL132,BT132,CB132,CJ132,CR132,CZ132,DH132,DP132,DX132,EF132,EN132,EV132,FD132,FL132,FT132,GB132,GJ132,GR132,GZ132,HH132,HP132,HX132,IF132,IN132,IV132,JD132) -> 5 | M132: 大类_配饰 | N132: 小类_B沃玛级B | O132: 白色 | P132: 1000000 | Q132: 1 | U132: 大类_配饰 | V132: 小类_B沃玛级A | W132: 绿色 | X132: 3000000 | Y132: 1 | AC132: 大类_配饰 | AD132: 小类_B沃玛级A | AE132: 紫色 | AF132: 30000 | AG132: 1 | AK132: 大类_配饰 | AL132: 小类_B沃玛级A | AM132: 橙色 | AN132: 500 | AO132: 1 | AS132: 大类_配饰 | AT132: 小类_B沃玛级A | AU132: 红色 | AV132: 50 | AW132: 1
A133: =40000000+INDEX(编号表!$B:$B,MATCH(B133,编号表!$A:$A,0))*10000+C133 -> 40060004 | B133: 配饰 | C133: 4 | D133: 31到35级装备 | E133: 掉落方式_按概率 | F133: =P133+X133+AF133+AN133+AV133+BD133+BL133+BT133 -> 4030550 | J133: =COUNT(P133,X133,AF133,AN133,AV133,BD133,BL133,BT133,CB133,CJ133,CR133,CZ133,DH133,DP133,DX133,EF133,EN133,EV133,FD133,FL133,FT133,GB133,GJ133,GR133,GZ133,HH133,HP133,HX133,IF133,IN133,IV133,JD133) -> 5 | M133: 大类_配饰 | N133: 小类_B沃玛级C | O133: 白色 | P133: 1000000 | Q133: 1 | U133: 大类_配饰 | V133: 小类_B沃玛级C | W133: 绿色 | X133: 3000000 | Y133: 1 | AC133: 大类_配饰 | AD133: 小类_B沃玛级C | AE133: 紫色 | AF133: 30000 | AG133: 1 | AK133: 大类_配饰 | AL133: 小类_B沃玛级C | AM133: 橙色 | AN133: 500 | AO133: 1 | AS133: 大类_配饰 | AT133: 小类_B沃玛级C | AU133: 红色 | AV133: 50 | AW133: 1
A134: =40000000+INDEX(编号表!$B:$B,MATCH(B134,编号表!$A:$A,0))*10000+C134 -> 40060005 | B134: 配饰 | C134: 5 | D134: 35到40级装备 | E134: 掉落方式_按概率 | F134: =P134+X134+AF134+AN134+AV134+BD134+BL134+BT134 -> 4030550 | J134: =COUNT(P134,X134,AF134,AN134,AV134,BD134,BL134,BT134,CB134,CJ134,CR134,CZ134,DH134,DP134,DX134,EF134,EN134,EV134,FD134,FL134,FT134,GB134,GJ134,GR134,GZ134,HH134,HP134,HX134,IF134,IN134,IV134,JD134) -> 5 | M134: 大类_配饰 | N134: 小类_C祖玛级A | O134: 白色 | P134: 1000000 | Q134: 1 | U134: 大类_配饰 | V134: 小类_C祖玛级A | W134: 绿色 | X134: 3000000 | Y134: 1 | AC134: 大类_配饰 | AD134: 小类_C祖玛级A | AE134: 紫色 | AF134: 30000 | AG134: 1 | AK134: 大类_配饰 | AL134: 小类_C祖玛级A | AM134: 橙色 | AN134: 500 | AO134: 1 | AS134: 大类_配饰 | AT134: 小类_C祖玛级A | AU134: 红色 | AV134: 50 | AW134: 1
A135: =40000000+INDEX(编号表!$B:$B,MATCH(B135,编号表!$A:$A,0))*10000+C135 -> 40060006 | B135: 配饰 | C135: 6 | D135: 41到45级装备 | J135: =COUNT(P135,X135,AF135,AN135,AV135,BD135,BL135,BT135,CB135,CJ135,CR135,CZ135,DH135,DP135,DX135,EF135,EN135,EV135,FD135,FL135,FT135,GB135,GJ135,GR135,GZ135,HH135,HP135,HX135,IF135,IN135,IV135,JD135) -> 5 | M135: 大类_配饰 | N135: 小类_C祖玛级B | O135: 白色 | P135: 1000000 | Q135: 1 | U135: 大类_配饰 | V135: 小类_C祖玛级B | W135: 绿色 | X135: 3000000 | Y135: 1 | AC135: 大类_配饰 | AD135: 小类_C祖玛级B | AE135: 紫色 | AF135: 30000 | AG135: 1 | AK135: 大类_配饰 | AL135: 小类_C祖玛级B | AM135: 橙色 | AN135: 500 | AO135: 1 | AS135: 大类_配饰 | AT135: 小类_C祖玛级B | AU135: 红色 | AV135: 50 | AW135: 1
A136: =40000000+INDEX(编号表!$B:$B,MATCH(B136,编号表!$A:$A,0))*10000+C136 -> 40060007 | B136: 配饰 | C136: 7 | D136: 46到50级装备 | J136: =COUNT(P136,X136,AF136,AN136,AV136,BD136,BL136,BT136,CB136,CJ136,CR136,CZ136,DH136,DP136,DX136,EF136,EN136,EV136,FD136,FL136,FT136,GB136,GJ136,GR136,GZ136,HH136,HP136,HX136,IF136,IN136,IV136,JD136) -> 5 | M136: 大类_配饰 | N136: 小类_D苍月级 | O136: 白色 | P136: 1000000 | Q136: 1 | U136: 大类_配饰 | V136: 小类_D苍月级 | W136: 绿色 | X136: 3000000 | Y136: 1 | AC136: 大类_配饰 | AD136: 小类_D苍月级 | AE136: 紫色 | AF136: 30000 | AG136: 1 | AK136: 大类_配饰 | AL136: 小类_D苍月级 | AM136: 橙色 | AN136: 500 | AO136: 1 | AS136: 大类_配饰 | AT136: 小类_D苍月级 | AU136: 红色 | AV136: 50 | AW136: 1
A137: =40000000+INDEX(编号表!$B:$B,MATCH(B137,编号表!$A:$A,0))*10000+C137 -> 40060008 | B137: 配饰 | C137: 8 | D137: 51到55级装备 | J137: =COUNT(P137,X137,AF137,AN137,AV137,BD137,BL137,BT137,CB137,CJ137,CR137,CZ137,DH137,DP137,DX137,EF137,EN137,EV137,FD137,FL137,FT137,GB137,GJ137,GR137,GZ137,HH137,HP137,HX137,IF137,IN137,IV137,JD137) -> 5 | M137: 大类_配饰 | N137: 小类_E赤月级 | O137: 白色 | P137: 1000000 | Q137: 1 | U137: 大类_配饰 | V137: 小类_E赤月级 | W137: 绿色 | X137: 3000000 | Y137: 1 | AC137: 大类_配饰 | AD137: 小类_E赤月级 | AE137: 紫色 | AF137: 30000 | AG137: 1 | AK137: 大类_配饰 | AL137: 小类_E赤月级 | AM137: 橙色 | AN137: 500 | AO137: 1 | AS137: 大类_配饰 | AT137: 小类_E赤月级 | AU137: 红色 | AV137: 50 | AW137: 1
A138: =40000000+INDEX(编号表!$B:$B,MATCH(B138,编号表!$A:$A,0))*10000+C138 -> 40060009 | B138: 配饰 | C138: 9 | D138: 56到60级装备 | J138: =COUNT(P138,X138,AF138,AN138,AV138,BD138,BL138,BT138,CB138,CJ138,CR138,CZ138,DH138,DP138,DX138,EF138,EN138,EV138,FD138,FL138,FT138,GB138,GJ138,GR138,GZ138,HH138,HP138,HX138,IF138,IN138,IV138,JD138) -> 5 | M138: 大类_配饰 | N138: 小类_F魔龙级 | O138: 白色 | P138: 1000000 | Q138: 1 | U138: 大类_配饰 | V138: 小类_F魔龙级 | W138: 绿色 | X138: 3000000 | Y138: 1 | AC138: 大类_配饰 | AD138: 小类_F魔龙级 | AE138: 紫色 | AF138: 30000 | AG138: 1 | AK138: 大类_配饰 | AL138: 小类_F魔龙级 | AM138: 橙色 | AN138: 500 | AO138: 1 | AS138: 大类_配饰 | AT138: 小类_F魔龙级 | AU138: 红色 | AV138: 50 | AW138: 1
A139: =40000000+INDEX(编号表!$B:$B,MATCH(B139,编号表!$A:$A,0))*10000+C139 -> 40060010 | B139: 配饰 | C139: 10 | D139: 61到65级装备 | J139: =COUNT(P139,X139,AF139,AN139,AV139,BD139,BL139,BT139,CB139,CJ139,CR139,CZ139,DH139,DP139,DX139,EF139,EN139,EV139,FD139,FL139,FT139,GB139,GJ139,GR139,GZ139,HH139,HP139,HX139,IF139,IN139,IV139,JD139) -> 5 | M139: 大类_配饰 | N139: 小类_G雷炎级 | O139: 白色 | P139: 1000000 | Q139: 1 | U139: 大类_配饰 | V139: 小类_G雷炎级 | W139: 绿色 | X139: 3000000 | Y139: 1 | AC139: 大类_配饰 | AD139: 小类_G雷炎级 | AE139: 紫色 | AF139: 30000 | AG139: 1 | AK139: 大类_配饰 | AL139: 小类_G雷炎级 | AM139: 橙色 | AN139: 500 | AO139: 1 | AS139: 大类_配饰 | AT139: 小类_G雷炎级 | AU139: 红色 | AV139: 50 | AW139: 1
A140: =40000000+INDEX(编号表!$B:$B,MATCH(B140,编号表!$A:$A,0))*10000+C140 -> 40060011 | B140: 配饰 | C140: 11 | D140: 66到70级装备 | J140: =COUNT(P140,X140,AF140,AN140,AV140,BD140,BL140,BT140,CB140,CJ140,CR140,CZ140,DH140,DP140,DX140,EF140,EN140,EV140,FD140,FL140,FT140,GB140,GJ140,GR140,GZ140,HH140,HP140,HX140,IF140,IN140,IV140,JD140) -> 5 | M140: 大类_配饰 | N140: 小类_H卧龙级 | O140: 白色 | P140: 1000000 | Q140: 1 | U140: 大类_配饰 | V140: 小类_H卧龙级 | W140: 绿色 | X140: 3000000 | Y140: 1 | AC140: 大类_配饰 | AD140: 小类_H卧龙级 | AE140: 紫色 | AF140: 30000 | AG140: 1 | AK140: 大类_配饰 | AL140: 小类_H卧龙级 | AM140: 橙色 | AN140: 500 | AO140: 1 | AS140: 大类_配饰 | AT140: 小类_H卧龙级 | AU140: 红色 | AV140: 50 | AW140: 1
A141: =40000000+INDEX(编号表!$B:$B,MATCH(B141,编号表!$A:$A,0))*10000+C141 -> 40060012 | B141: 配饰 | C141: 12 | D141: 71到75级装备 | J141: =COUNT(P141,X141,AF141,AN141,AV141,BD141,BL141,BT141,CB141,CJ141,CR141,CZ141,DH141,DP141,DX141,EF141,EN141,EV141,FD141,FL141,FT141,GB141,GJ141,GR141,GZ141,HH141,HP141,HX141,IF141,IN141,IV141,JD141) -> 5 | M141: 大类_配饰 | N141: 小类_I魔王级 | O141: 白色 | P141: 1000000 | Q141: 1 | U141: 大类_配饰 | V141: 小类_I魔王级 | W141: 绿色 | X141: 3000000 | Y141: 1 | AC141: 大类_配饰 | AD141: 小类_I魔王级 | AE141: 紫色 | AF141: 30000 | AG141: 1 | AK141: 大类_配饰 | AL141: 小类_I魔王级 | AM141: 橙色 | AN141: 500 | AO141: 1 | AS141: 大类_配饰 | AT141: 小类_I魔王级 | AU141: 红色 | AV141: 50 | AW141: 1
A142: =40000000+INDEX(编号表!$B:$B,MATCH(B142,编号表!$A:$A,0))*10000+C142 -> 40060013 | B142: 配饰 | C142: 13 | D142: 76到80级装备 | J142: =COUNT(P142,X142,AF142,AN142,AV142,BD142,BL142,BT142,CB142,CJ142,CR142,CZ142,DH142,DP142,DX142,EF142,EN142,EV142,FD142,FL142,FT142,GB142,GJ142,GR142,GZ142,HH142,HP142,HX142,IF142,IN142,IV142,JD142) -> 5 | M142: 大类_配饰 | N142: 小类_J狐月级 | O142: 白色 | P142: 1000000 | Q142: 1 | U142: 大类_配饰 | V142: 小类_J狐月级 | W142: 绿色 | X142: 3000000 | Y142: 1 | AC142: 大类_配饰 | AD142: 小类_J狐月级 | AE142: 紫色 | AF142: 30000 | AG142: 1 | AK142: 大类_配饰 | AL142: 小类_J狐月级 | AM142: 橙色 | AN142: 500 | AO142: 1 | AS142: 大类_配饰 | AT142: 小类_J狐月级 | AU142: 红色 | AV142: 50 | AW142: 1
A143: =40000000+INDEX(编号表!$B:$B,MATCH(B143,编号表!$A:$A,0))*10000+C143 -> 40060014 | B143: 配饰 | C143: 14 | D143: 81到85级装备 | E143: 掉落方式_按概率 | F143: =P143+X143+AF143+AN143+AV143+BD143+BL143+BT143 -> 4030550 | J143: =COUNT(P143,X143,AF143,AN143,AV143,BD143,BL143,BT143,CB143,CJ143,CR143,CZ143,DH143,DP143,DX143,EF143,EN143,EV143,FD143,FL143,FT143,GB143,GJ143,GR143,GZ143,HH143,HP143,HX143,IF143,IN143,IV143,JD143) -> 5 | M143: 大类_配饰 | N143: 小类_K雪域级 | O143: 白色 | P143: 1000000 | Q143: 1 | U143: 大类_配饰 | V143: 小类_K雪域级 | W143: 绿色 | X143: 3000000 | Y143: 1 | AC143: 大类_配饰 | AD143: 小类_K雪域级 | AE143: 紫色 | AF143: 30000 | AG143: 1 | AK143: 大类_配饰 | AL143: 小类_K雪域级 | AM143: 橙色 | AN143: 500 | AO143: 1 | AS143: 大类_配饰 | AT143: 小类_K雪域级 | AU143: 红色 | AV143: 50 | AW143: 1
A144: =40000000+INDEX(编号表!$B:$B,MATCH(B144,编号表!$A:$A,0))*10000+C144 -> 40160001 | B144: 珍惜道具 | C144: 1 | D144: 战士技能书 | E144: 掉落方式_按概率 | F144: =P144+X144+AF144+AN144+AV144+BD144+BL144+BT144 -> 99999996 | J144: =COUNT(P144,X144,AF144,AN144,AV144,BD144,BL144,BT144,CB144,CJ144,CR144,CZ144,DH144,DP144,DX144,EF144,EN144,EV144,FD144,FL144,FT144,GB144,GJ144,GR144,GZ144,HH144,HP144,HX144,IF144,IN144,IV144,JD144) -> 6 | K144: 34020001 | L144: {=INDEX(编号表!$E:$E,MATCH(K144,编号表!$D:$D,0))} -> 基础剑术 | P144: 16666666 | Q144: 1 | S144: =K144+1 -> 34020002 | T144: {=INDEX(编号表!$E:$E,MATCH(S144,编号表!$D:$D,0))} -> 攻杀剑术 | X144: 16666666 | Y144: 1 | AA144: =S144+1 -> 34020003 | AB144: {=INDEX(编号表!$E:$E,MATCH(AA144,编号表!$D:$D,0))} -> 刺杀剑术 | AF144: 16666666 | AG144: 1 | AI144: =AA144+1 -> 34020004 | AJ144: {=INDEX(编号表!$E:$E,MATCH(AI144,编号表!$D:$D,0))} -> 半月弯刀 | AN144: 16666666 | AO144: 1 | AQ144: =AI144+1 -> 34020005 | AR144: {=INDEX(编号表!$E:$E,MATCH(AQ144,编号表!$D:$D,0))} -> 野蛮冲撞 | AV144: 16666666 | AW144: 1 | AY144: =AQ144+1 -> 34020006 | AZ144: {=INDEX(编号表!$E:$E,MATCH(AY144,编号表!$D:$D,0))} -> 烈火剑法 | BD144: 16666666 | BE144: 1
A145: =40000000+INDEX(编号表!$B:$B,MATCH(B145,编号表!$A:$A,0))*10000+C145 -> 40160002 | B145: 珍惜道具 | C145: 2 | D145: 法师技能书 | E145: 掉落方式_按概率 | F145: =P145+X145+AF145+AN145+AV145+BD145+BL145+BT145 -> 100000005 | J145: =COUNT(P145,X145,AF145,AN145,AV145,BD145,BL145,BT145,CB145,CJ145,CR145,CZ145,DH145,DP145,DX145,EF145,EN145,EV145,FD145,FL145,FT145,GB145,GJ145,GR145,GZ145,HH145,HP145,HX145,IF145,IN145,IV145,JD145) -> 7 | K145: 34020031 | L145: {=INDEX(编号表!$E:$E,MATCH(K145,编号表!$D:$D,0))} -> 火球术 | P145: 14285715 | Q145: 1 | S145: =K145+1 -> 34020032 | T145: {=INDEX(编号表!$E:$E,MATCH(S145,编号表!$D:$D,0))} -> 抗拒火环 | X145: 14285715 | Y145: 1 | AA145: =S145+1 -> 34020033 | AB145: {=INDEX(编号表!$E:$E,MATCH(AA145,编号表!$D:$D,0))} -> 雷电术 | AF145: 14285715 | AG145: 1 | AI145: =AA145+1 -> 34020034 | AJ145: {=INDEX(编号表!$E:$E,MATCH(AI145,编号表!$D:$D,0))} -> 火墙 | AN145: 14285715 | AO145: 1 | AQ145: =AI145+1 -> 34020035 | AR145: {=INDEX(编号表!$E:$E,MATCH(AQ145,编号表!$D:$D,0))} -> 疾光电影 | AV145: 14285715 | AW145: 1 | AY145: =AQ145+1 -> 34020036 | AZ145: {=INDEX(编号表!$E:$E,MATCH(AY145,编号表!$D:$D,0))} -> 魔法盾 | BD145: 14285715 | BE145: 1 | BG145: =AY145+1 -> 34020037 | BH145: {=INDEX(编号表!$E:$E,MATCH(BG145,编号表!$D:$D,0))} -> 冰咆哮 | BL145: 14285715 | BM145: 1
A146: =40000000+INDEX(编号表!$B:$B,MATCH(B146,编号表!$A:$A,0))*10000+C146 -> 40160003 | B146: 珍惜道具 | C146: 3 | D146: 道士技能数 | E146: 掉落方式_按概率 | F146: =P146+X146+AF146+AN146+AV146+BD146+BL146+BT146 -> 100000000 | J146: =COUNT(P146,X146,AF146,AN146,AV146,BD146,BL146,BT146,CB146,CJ146,CR146,CZ146,DH146,DP146,DX146,EF146,EN146,EV146,FD146,FL146,FT146,GB146,GJ146,GR146,GZ146,HH146,HP146,HX146,IF146,IN146,IV146,JD146) -> 8 | K146: 34020061 | L146: {=INDEX(编号表!$E:$E,MATCH(K146,编号表!$D:$D,0))} -> 灵魂火符 | P146: 12500000 | Q146: 1 | S146: =K146+1 -> 34020062 | T146: {=INDEX(编号表!$E:$E,MATCH(S146,编号表!$D:$D,0))} -> 治愈术 | X146: 12500000 | Y146: 1 | AA146: =S146+1 -> 34020063 | AB146: {=INDEX(编号表!$E:$E,MATCH(AA146,编号表!$D:$D,0))} -> 施毒术 | AF146: 12500000 | AG146: 1 | AI146: =AA146+1 -> 34020064 | AJ146: {=INDEX(编号表!$E:$E,MATCH(AI146,编号表!$D:$D,0))} -> 召唤骷髅 | AN146: 12500000 | AO146: 1 | AQ146: =AI146+1 -> 34020065 | AR146: {=INDEX(编号表!$E:$E,MATCH(AQ146,编号表!$D:$D,0))} -> 幽灵盾 | AV146: 12500000 | AW146: 1 | AY146: =AQ146+1 -> 34020066 | AZ146: {=INDEX(编号表!$E:$E,MATCH(AY146,编号表!$D:$D,0))} -> 神圣战甲术 | BD146: 12500000 | BE146: 1 | BG146: =AY146+1 -> 34020067 | BH146: {=INDEX(编号表!$E:$E,MATCH(BG146,编号表!$D:$D,0))} -> 隐身术 | BL146: 12500000 | BM146: 1 | BO146: =BG146+1 -> 34020068 | BP146: {=INDEX(编号表!$E:$E,MATCH(BO146,编号表!$D:$D,0))} -> 召唤神兽 | BT146: 12500000 | BU146: 1
A147: =40000000+INDEX(编号表!$B:$B,MATCH(B147,编号表!$A:$A,0))*10000+C147 -> 40160004 | B147: 珍惜道具 | C147: 4 | D147: 珍惜道具 | E147: 掉落方式_按概率 | F147: =P147+X147+AF147+AN147+AV147+BD147+BL147+BT147 -> 50000000 | J147: =COUNT(P147,X147,AF147,AN147,AV147,BD147,BL147,BT147,CB147,CJ147,CR147,CZ147,DH147,DP147,DX147,EF147,EN147,EV147,FD147,FL147,FT147,GB147,GJ147,GR147,GZ147,HH147,HP147,HX147,IF147,IN147,IV147,JD147) -> 7 | K147: 34040001 | L147: {=INDEX(编号表!$E:$E,MATCH(K147,编号表!$D:$D,0))} -> 祝福油 | P147: 20000000 | Q147: 1 | S147: =K147+1 -> 34040002 | T147: {=INDEX(编号表!$E:$E,MATCH(S147,编号表!$D:$D,0))} -> 强化石 | X147: 20000000 | Y147: 1 | AA147: =S147+1 -> 34040003 | AB147: {=INDEX(编号表!$E:$E,MATCH(AA147,编号表!$D:$D,0))} -> 强化特权 | AF147: 2000000 | AG147: 1 | AI147: =AA147+1 -> 34040004 | AJ147: {=INDEX(编号表!$E:$E,MATCH(AI147,编号表!$D:$D,0))} -> 命格洗练石 | AN147: 2000000 | AO147: 1 | AQ147: =AI147+1 -> 34040005 | AR147: {=INDEX(编号表!$E:$E,MATCH(AQ147,编号表!$D:$D,0))} -> 羽毛 | AV147: 2000000 | AW147: 1 | AY147: =AQ147+1 -> 34040006 | AZ147: {=INDEX(编号表!$E:$E,MATCH(AY147,编号表!$D:$D,0))} -> 背包解锁格 | BD147: 2000000 | BE147: 1 | BG147: =AY147+1 -> 34040007 | BH147: {=INDEX(编号表!$E:$E,MATCH(BG147,编号表!$D:$D,0))} -> 背包解锁页 | BL147: 2000000 | BM147: 1
A148: =40000000+INDEX(编号表!$B:$B,MATCH(B148,编号表!$A:$A,0))*10000+C148 -> 40160005 | B148: 珍惜道具 | C148: 5 | D148: 杂货道具 | E148: 掉落方式_按概率 | F148: =P148+X148+AF148+AN148+AV148+BD148+BL148+BT148 -> 25000000 | J148: =COUNT(P148,X148,AF148,AN148,AV148,BD148,BL148,BT148,CB148,CJ148,CR148,CZ148,DH148,DP148,DX148,EF148,EN148,EV148,FD148,FL148,FT148,GB148,GJ148,GR148,GZ148,HH148,HP148,HX148,IF148,IN148,IV148,JD148) -> 3 | M148: 大类_基础 | N148: 子类_技能书 | O148: 绿色 | P148: 10000000 | Q148: 1 | U148: 大类_基础 | V148: 子类_贵重品 | W148: 1 | X148: 5000000 | Y148: 1 | AC148: 大类_基础 | AD148: 子类_药品 | AE148: 1 | AF148: 10000000 | AG148: 1
A149: =40000000+INDEX(编号表!$B:$B,MATCH(B149,编号表!$A:$A,0))*10000+C149 -> 40160006 | B149: 珍惜道具 | C149: 6 | D149: 41到45级装备 | E149: 掉落方式_按概率 | F149: =P149+X149+AF149+AN149+AV149+BD149+BL149+BT149 -> 0 | J149: =COUNT(P149,X149,AF149,AN149,AV149,BD149,BL149,BT149,CB149,CJ149,CR149,CZ149,DH149,DP149,DX149,EF149,EN149,EV149,FD149,FL149,FT149,GB149,GJ149,GR149,GZ149,HH149,HP149,HX149,IF149,IN149,IV149,JD149) -> 0
A150: =40000000+INDEX(编号表!$B:$B,MATCH(B150,编号表!$A:$A,0))*10000+C150 -> 40160007 | B150: 珍惜道具 | C150: 7 | D150: 46到50级装备 | E150: 掉落方式_按概率 | F150: =P150+X150+AF150+AN150+AV150+BD150+BL150+BT150 -> 0 | J150: =COUNT(P150,X150,AF150,AN150,AV150,BD150,BL150,BT150,CB150,CJ150,CR150,CZ150,DH150,DP150,DX150,EF150,EN150,EV150,FD150,FL150,FT150,GB150,GJ150,GR150,GZ150,HH150,HP150,HX150,IF150,IN150,IV150,JD150) -> 0
A151: =40000000+INDEX(编号表!$B:$B,MATCH(B151,编号表!$A:$A,0))*10000+C151 -> 40160008 | B151: 珍惜道具 | C151: 8 | D151: 51到55级装备 | E151: 掉落方式_按概率 | F151: =P151+X151+AF151+AN151+AV151+BD151+BL151+BT151 -> 0 | J151: =COUNT(P151,X151,AF151,AN151,AV151,BD151,BL151,BT151,CB151,CJ151,CR151,CZ151,DH151,DP151,DX151,EF151,EN151,EV151,FD151,FL151,FT151,GB151,GJ151,GR151,GZ151,HH151,HP151,HX151,IF151,IN151,IV151,JD151) -> 0
A152: =40000000+INDEX(编号表!$B:$B,MATCH(B152,编号表!$A:$A,0))*10000+C152 -> 40160009 | B152: 珍惜道具 | C152: 9 | D152: 56到60级装备 | E152: 掉落方式_按概率 | F152: =P152+X152+AF152+AN152+AV152+BD152+BL152+BT152 -> 0 | J152: =COUNT(P152,X152,AF152,AN152,AV152,BD152,BL152,BT152,CB152,CJ152,CR152,CZ152,DH152,DP152,DX152,EF152,EN152,EV152,FD152,FL152,FT152,GB152,GJ152,GR152,GZ152,HH152,HP152,HX152,IF152,IN152,IV152,JD152) -> 0
A153: =40000000+INDEX(编号表!$B:$B,MATCH(B153,编号表!$A:$A,0))*10000+C153 -> 40160010 | B153: 珍惜道具 | C153: 10 | D153: 61到65级装备 | E153: 掉落方式_按概率 | F153: =P153+X153+AF153+AN153+AV153+BD153+BL153+BT153 -> 0 | J153: =COUNT(P153,X153,AF153,AN153,AV153,BD153,BL153,BT153,CB153,CJ153,CR153,CZ153,DH153,DP153,DX153,EF153,EN153,EV153,FD153,FL153,FT153,GB153,GJ153,GR153,GZ153,HH153,HP153,HX153,IF153,IN153,IV153,JD153) -> 0
A154: =40000000+INDEX(编号表!$B:$B,MATCH(B154,编号表!$A:$A,0))*10000+C154 -> 40160011 | B154: 珍惜道具 | C154: 11 | D154: 66到70级装备 | E154: 掉落方式_按概率 | F154: =P154+X154+AF154+AN154+AV154+BD154+BL154+BT154 -> 0 | J154: =COUNT(P154,X154,AF154,AN154,AV154,BD154,BL154,BT154,CB154,CJ154,CR154,CZ154,DH154,DP154,DX154,EF154,EN154,EV154,FD154,FL154,FT154,GB154,GJ154,GR154,GZ154,HH154,HP154,HX154,IF154,IN154,IV154,JD154) -> 0
A155: =40000000+INDEX(编号表!$B:$B,MATCH(B155,编号表!$A:$A,0))*10000+C155 -> 40160012 | B155: 珍惜道具 | C155: 12 | D155: 71到75级装备 | E155: 掉落方式_按概率 | F155: =P155+X155+AF155+AN155+AV155+BD155+BL155+BT155 -> 0 | J155: =COUNT(P155,X155,AF155,AN155,AV155,BD155,BL155,BT155,CB155,CJ155,CR155,CZ155,DH155,DP155,DX155,EF155,EN155,EV155,FD155,FL155,FT155,GB155,GJ155,GR155,GZ155,HH155,HP155,HX155,IF155,IN155,IV155,JD155) -> 0
A156: =40000000+INDEX(编号表!$B:$B,MATCH(B156,编号表!$A:$A,0))*10000+C156 -> 40160013 | B156: 珍惜道具 | C156: 13 | D156: 76到80级装备 | E156: 掉落方式_按概率 | F156: =P156+X156+AF156+AN156+AV156+BD156+BL156+BT156 -> 0 | J156: =COUNT(P156,X156,AF156,AN156,AV156,BD156,BL156,BT156,CB156,CJ156,CR156,CZ156,DH156,DP156,DX156,EF156,EN156,EV156,FD156,FL156,FT156,GB156,GJ156,GR156,GZ156,HH156,HP156,HX156,IF156,IN156,IV156,JD156) -> 0
A157: =40000000+INDEX(编号表!$B:$B,MATCH(B157,编号表!$A:$A,0))*10000+C157 -> 40160014 | B157: 珍惜道具 | C157: 14 | D157: 81到85级装备 | E157: 掉落方式_按概率 | F157: =P157+X157+AF157+AN157+AV157+BD157+BL157+BT157 -> 0 | J157: =COUNT(P157,X157,AF157,AN157,AV157,BD157,BL157,BT157,CB157,CJ157,CR157,CZ157,DH157,DP157,DX157,EF157,EN157,EV157,FD157,FL157,FT157,GB157,GJ157,GR157,GZ157,HH157,HP157,HX157,IF157,IN157,IV157,JD157) -> 0
A158: =40000000+INDEX(编号表!$B:$B,MATCH(B158,编号表!$A:$A,0))*10000+C158 -> 40160015 | B158: 珍惜道具 | C158: 15 | D158: 综合掉落 | E158: 掉落方式_按概率 | F158: =P158+X158+AF158+AN158+AV158+BD158+BL158+BT158 -> 0 | J158: =COUNT(P158,X158,AF158,AN158,AV158,BD158,BL158,BT158,CB158,CJ158,CR158,CZ158,DH158,DP158,DX158,EF158,EN158,EV158,FD158,FL158,FT158,GB158,GJ158,GR158,GZ158,HH158,HP158,HX158,IF158,IN158,IV158,JD158) -> 0
A159: =40000000+INDEX(编号表!$B:$B,MATCH(B159,编号表!$A:$A,0))*10000+C159 -> 40160016 | B159: 珍惜道具 | C159: 16 | D159: 41到45级 | E159: 掉落方式_按个数和概率不可重复 | F159: =P159+X159+AF159+AN159+AV159+BD159+BL159+BT159 -> 0 | J159: =COUNT(P159,X159,AF159,AN159,AV159,BD159,BL159,BT159,CB159,CJ159,CR159,CZ159,DH159,DP159,DX159,EF159,EN159,EV159,FD159,FL159,FT159,GB159,GJ159,GR159,GZ159,HH159,HP159,HX159,IF159,IN159,IV159,JD159) -> 0
A160: =40000000+INDEX(编号表!$B:$B,MATCH(B160,编号表!$A:$A,0))*10000+C160 -> 40160017 | B160: 珍惜道具 | C160: 17 | D160: 46到50级 | E160: 掉落方式_按个数和概率不可重复 | F160: =P160+X160+AF160+AN160+AV160+BD160+BL160+BT160 -> 0 | J160: =COUNT(P160,X160,AF160,AN160,AV160,BD160,BL160,BT160,CB160,CJ160,CR160,CZ160,DH160,DP160,DX160,EF160,EN160,EV160,FD160,FL160,FT160,GB160,GJ160,GR160,GZ160,HH160,HP160,HX160,IF160,IN160,IV160,JD160) -> 0
...

Sheet 编号表
A1: 内部名 | B1: 编号 | D1: 道具ID | E1: 0名称
A2: 金币 | B2: 1 | D2: ID | E2: Name
A3: 灵符 | B3: 2 | D3: 31010001 | E3: 一小袋金币
A4: 基础装备 | B4: 3 | D4: 31010002 | E4: 一小袋灵符
A5: 四格 | B5: 4 | D5: 31010003 | E5: 一袋金币
A6: 六格 | B6: 5 | D6: 31010004 | E6: 一袋灵符
A7: 配饰 | B7: 6 | D7: 31010005 | E7: 一大袋金币
A8: 斗盾 | B8: 7 | D8: 31010006 | E8: 一大袋灵符
A9: 低级药品 | B9: 8 | D9: 31010007 | E9: 一箱金币
A10: 中级药品 | B10: 9 | D10: 31010008 | E10: 一箱灵符
A11: 高级药品 | B11: 10 | D11: 31010009 | E11: 一大箱金币
A12: 普通道具 | B12: 11 | D12: 31010010 | E12: 一大箱灵符 | H12: 道具ID必须下拉，使用公式自动生成ID！！！
A13: BOSS掉落 | B13: 12 | D13: 31010011 | E13: 一车金币
A14: 精英掉落 | B14: 13 | D14: 31010012 | E14: 一车灵符
A15: 普通掉落 | B15: 14 | D15: 31010013 | E15: 一卡车金币
A16: 任务掉落 | B16: 15 | D16: 31010014 | E16: 一卡车灵符
A17: 珍惜道具 | B17: 16 | D17: 31010015 | E17: 活跃丹
B18: 17 | D18: 31010016 | E18: 声望丹
B19: 18 | D19: 34020001 | E19: 基础剑术
B20: 19 | D20: 34020002 | E20: 攻杀剑术
B21: 20 | D21: 34020003 | E21: 刺杀剑术
B22: 21 | D22: 34020004 | E22: 半月弯刀
B23: 22 | D23: 34020005 | E23: 野蛮冲撞
B24: 23 | D24: 34020006 | E24: 烈火剑法
B25: 24 | D25: 34020031 | E25: 火球术
B26: 25 | D26: 34020032 | E26: 抗拒火环
B27: 26 | D27: 34020033 | E27: 雷电术
B28: 27 | D28: 34020034 | E28: 火墙
B29: 28 | D29: 34020035 | E29: 疾光电影
... B74: 73 | D74: 30070017 | E74: 法神纹
D75: 30070018 | E75: 火符铭文
D76: 30070019 | E76: 治愈铭文
D77: 30070020 | E77: 施毒铭文
D78: 30070021 | E78: 骷髅铭文
D79: 30070022 | E79: 隐身铭文
D80: 30070023 | E80: 幽灵铭文
D81: 30070024 | E81: 神圣铭文
D82: 30070025 | E82: 神兽铭文
D83: 30070026 | E83: 困魔铭文
D84: 30070027 | E84: 道神纹
D85: 31060000 | E85: 鹿茸
D86: 31060001 | E86: 羊腰子
... D169: 30040035 | E169: 宝石碎片

Sheet 名称表
A1: 掉落方式_按概率 | C1: 随机装备绑定类型 | D1: 频率 | E1: 怪物等级开始 | F1: 怪物等级结束 | G1: 怪物等级 | J1: 礼包类型 | L1: 副本等级 | M1: 掉落方案尾数 | O1: 显示方式 | Q1: 是否礼包中心
A2: 掉落方式_按个数和概率可重复 | C2: 不绑定 | D2: 一日 | E2: 1 | F2: 4 | G2: =E2&"-"&F2&"级" -> 1-4级 | J2: 礼包类型_升级礼包 | L2: 3 | M2: 1 | O2: 显示为系统消息 | Q2: 是
A3: 掉落方式_按个数和概率不可重复 | C3: 拾取绑定 | D3: 一周 | E3: 5 | F3: 9 | G3: =E3&"-"&F3&"级" -> 5-9级 | J3: 礼包类型_每周礼包 | L3: 8 | M3: 2 | O3: 显示为提示消息 | Q3: 否
C4: 使用绑定 | D4: 一月 | E4: 10 | F4: 14 | G4: =E4&"-"&F4&"级" -> 10-14级 | J4: 礼包类型_特别礼包 | L4: =E4 -> 10 | M4: 3 | O4: 左下角显示为系统消息
D5: 一年 | E5: 15 | F5: 19 | G5: =E5&"-"&F5&"级" -> 15-19级 | J5: 礼包类型_每日赠送 | L5: =E5 -> 15 | M5: 4 | O5: 中间滚动显示系统消息
E6: 20 | F6: 24 | G6: =E6&"-"&F6&"级" -> 20-24级 | J6: 礼包类型_充值狂欢大返利 | L6: =E6 -> 20 | M6: 5 | O6: 中间显示信息
E7: 25 | F7: 29 | G7: =E7&"-"&F7&"级" -> 25-29级 | J7: 礼包类型_首次充值赠好礼 | L7: =E7 -> 25 | M7: 6
E8: 30 | F8: 34 | G8: =E8&"-"&F8&"级" -> 30-34级 | L8: =E8 -> 30 | M8: 7
E9: 35 | F9: 39 | G9: =E9&"-"&F9&"级" -> 35-39级 | J9: 礼包类型_在线奖励拿不完 | L9: =E9 -> 35 | M9: 8
E10: 40 | F10: 44 | G10: =E10&"-"&F10&"级" -> 40-44级 | J10: 礼包类型_收藏桌面喜开怀 | L10: =E10 -> 40 | M10: 9
E11: 45 | F11: 49 | G11: =E11&"-"&F11&"级" -> 45-49级 | J11: 礼包类型_累积签到礼包 | L11: =E11 -> 45 | M11: 10
E12: 50 | F12: 54 | G12: =E12&"-"&F12&"级" -> 50-54级 | L12: =E12 -> 50 | M12: 11
E13: 55 | F13: 59 | G13: =E13&"-"&F13&"级" -> 55-59级 | J13: 礼包类型_开服签到 | L13: 52 | M13: 12
E14: 60 | F14: 64 | G14: =E14&"-"&F14&"级" -> 60-64级 | J14: 礼包类型_消费狂欢大返利 | L14: 60 | M14: 13
E15: 65 | F15: 69 | G15: =E15&"-"&F15&"级" -> 65-69级 | J15: 礼包类型_360卫士特权礼包 | L15: 62 | M15: 14
E16: 70 | F16: 74 | G16: =E16&"-"&F16&"级" -> 70-74级 | L16: 70 | M16: 15
E17: 75 | F17: 79 | G17: =E17&"-"&F17&"级" -> 75-79级 | L17: 72 | M17: 16
E18: 80 | F18: 84 | G18: =E18&"-"&F18&"级" -> 80-84级 | L18: 80 | M18: 17
E19: 85 | F19: 89 | G19: =E19&"-"&F19&"级" -> 85-89级 | L19: 82 | M19: 18
E20: 90 | F20: 94 | G20: =E20&"-"&F20&"级" -> 90-94级 | L20: 90 | M20: 19
E21: 95 | F21: 99 | G21: =E21&"-"&F21&"级" -> 95-99级 | L21: 92 | M21: 20
L22: 100 | M22: 21
L23: 102 | M23: 22

Sheet 字段说明
C1: 转表
A2: 掉落方案ID | B2: 掉落方案的唯一标识ID | C2: √ | G2: 分类 | H2: 部位 | I2: 开放等级来约束前期基础数值（参考） | J2: 级别 | N2: 大类_基础装备 | O2: 小类_A新手 | P2: 0-9 | Q2: 白色
A3: 方案说明 | B3: 方案的用途 | G3: 基础装备 | H3: 武器 | I3: 1 | J3: 新手级 | N3: 大类_特殊C | O3: 小类_B沃玛级B | P3: 等级10-20 | Q3: 绿色
A4: 掉落方式 | B4: 按何种方式掉落 为了满足不同掉落情况，请参见“掉落方式说明”页 | C4: √ | G4: 基础装备 | H4: 戒指 | I4: 1 | J4: 新手级 | N4: 大类_四格 | O4: 小类_B沃玛级A | P4: 等级20-30 | Q4: 紫色
A5: 最小掉落数 | B5: 最小必须掉落的个数，为0时表示可以不掉落 | C5: √ | G5: 基础装备 | H5: 项链 | I5: 1 | J5: 新手级 | N5: 大类_斗盾 | O5: 小类_B沃玛级C | P5: 等级31-35 | Q5: 橙色
A6: 最大掉落数 | B6: 最多掉落的个数 | C6: √ | G6: 基础装备 | H6: 手镯 | I6: 1 | J6: 新手级 | N6: 大类_配饰 | O6: 小类_C祖玛级A | P6: 36-40 | Q6: 红色
A7: 随机装备白色概率 | B7: 掉落方案中的随机装备白色出现几率 | G7: 基础装备 | H7: 头盔 | I7: 1 | J7: 新手级 | N7: 大类_六格 | O7: 小类_C祖玛级B | P7: 41-45
A8: 随机装备绿色概率 | B8: 掉落方案中的随机装备绿色出现几率 | C8: √ | G8: 基础装备 | H8: 衣服 | I8: 1 | J8: 新手级 | O8: 小类_D苍月级 | P8: 46-50
A9: 随机装备蓝色概率 | B9: 掉落方案中的随机装备蓝色出现几率 | C9: √ | G9: 基础装备 | H9: 鞋子 | I9: 10 | J9: B沃玛级 | O9: 小类_E赤月级 | P9: 51-55
A10: 随机装备紫色概率 | B10: 掉落方案中的随机装备紫色出现几率 | C10: √ | G10: 基础装备 | H10: 腰带 | I10: 10 | J10: B沃玛级 | O10: 小类_F魔龙级 | P10: 56-60
A11: 随机装备绑定类型 | B11: 掉落方案中的随机装备的绑定类型 | C11: √ | G11: 斗盾 | H11: 斗笠 | I11: 20 | J11: B沃玛级 | O11: 小类_G雷炎级 | P11: 61-65
A12: 是否按职业掉落 | B12: 掉落方案中的随机装备是否需要根据获得者的职业生成 | C12: √ | G12: 斗盾 | H12: 盾牌 | I12: 20 | J12: B沃玛级 | O12: 小类_H卧龙级 | P12: 66-70
A13: 掉落物数量 | B13: 掉落方案中总共填些了多少个掉落物 | C13: √ | G13: 配饰 | H13: 配饰 | I13: 20 | J13: B沃玛级 | O13: 小类_I魔王级 | P13: 71-75
A14: 掉落物ID1 | B14: 掉落物1的ID，掉落物分两种方式掉落——按ID、按大类子类档次 填写了ID时必然按ID掉落，此时大类子类档次的填写无效 | C14: √ | G14: 特殊C | H14: 翅膀 | I14: 不管 | O14: 小类_J狐月级 | P14: 76-80
A15: 掉落物名称1 | B15: 掉落物1的名称 | G15: 四格 | H15: 勋章 | I15: 25 | J15: B沃玛级 | O15: 小类_K雪域级 | P15: 81-85
A16: 掉落物大类1 | B16: 掉落物1的大类 | C16: √ | G16: 四格 | H16: 血符 | I16: 30 | J16: B沃玛级 | O16: 小类_B沃玛级 | P16: 10-35
A17: 掉落物子类1 | B17: 掉落物1的子类 | C17: √ | G17: 四格 | H17: 晶石 | I17: 30 | J17: B沃玛级 | O17: 小类_C祖玛级 | P17: 36-45
A18: 掉落物档次1 | B18: 掉落物1的档次 | C18: √ | G18: 特殊C | H18: 马匹 | I18: 不管
A19: 掉落物概率1 | B19: 掉落物1的掉落概率，亿分比 | C19: √ | G19: 六格 | H19: 虎符 | I19: 35 | J19: C祖玛级
A20: 系统提示概率1 | B20: 掉落物1掉落后全服广播的概率 | C20: √ | G20: 六格 | H20: 宝珠 | I20: 35 | J20: C祖玛级
G21: 六格 | H21: 军鼓 | I21: 35 | J21: C祖玛级
G22: 六格 | H22: 军旗 | I22: 35 | J22: C祖玛级
G23: 六格 | H23: 印章 | I23: 35 | J23: C祖玛级
A24: 装备 | B24: 大类档次必须指定，子类和职业可以随机 | G24: 六格 | H24: 玉佩 | I24: 35 | J24: C祖玛级
A25: 物品 | B25: 大类必须指定，子类和档次可以随机

Sheet 掉落方式说明
A1: 掉落方式_完全随机可重复
A2: 1、 | B2: 在掉落个数【Min, Max】内随机一个掉落数Select。
A3: 2、 | B3: 如果有衰减，则对Select进行衰减，newSelect=Select*（1-衰减系数）
A4: 3、 | B4: 如果newSelect大于1，则向下取整，newSelect=int（Select）
A5: 4、 | B5: 如果newSelect小于1，则从【0，1】中随机抽一个小数，如果该小数小于newSelect，则掉落1个物品（newSelect = 1），否则 newSelect = 0
A6: 5、 | B6: 从该方案的总物品数目Total中，以完全随机的方式，抽取newSelect次，每次抽取1个进行掉落，方案中的每个物品机会均等。
A7: 6、 | B7: 每个掉落物配置的都是自己的掉落几率，总和不限
A8: 掉落方式_完全随机不可重复
A9: 1、 | B9: 在掉落个数【Min, Max】内随机一个掉落数Select。
A10: 2、 | B10: 如果有衰减，则对Select进行衰减，newSelect=Select*（1-衰减系数） | C10: 5
A11: 3、 | B11: 如果newSelect大于1，则向下取整，newSelect=int（Select）
A12: 4、 | B12: 如果newSelect小于1，则从【0，1】中随机抽一个小数，如果该小数小于newSelect，则掉落1个物品（newSelect = 1），否则 newSelect = 0
A13: 5、 | B13: 从该方案的总物品数目Total中，以完全随机的方式，抽取newSelect个进行掉落，方案中的每个物品机会均等。
A14: 6、 | B14: 如果方案的总物品个数Total小于随机选择的掉落个数newSelect，那么实际掉落数目为Total。
A15: 7、 | B15: 每个掉落物配置的都是自己的掉落几率，总和不限
A16: 掉落方式_按概率
A17: 1、 | B17: 如果有衰减，则各物品的实际掉落概率=原概率*（1-衰减系数）
A18: 2、 | B18: 对方案中的每个物品，按照亿分之的概率进行随机，将所有符合该概率的物品筛选出来。
A19: 3、 | B19: 如果符合概率的物品个数小于Max，那么则筛选出的物品全部掉落
A20: 4、 | B20: 如果符合概率的物品个数大于Max，则从其中随机选择Max个。
A21: 5、 | B21: 允许一个物品都不掉落
A22: 6、 | B22: 每个掉落物配置掉落几率，总和不限
A24: 说明： | B24: 此掉落方式中MinDropNumber无效
A26: 掉落方式_按个数和概率可重复 | B26: （a，掉落个数为[Min, Max] 。 b， 该掉落方式中，策划表中每个物品的配置概率数值之和不可超过1亿）
A27: 1、 | B27: 在掉落个数【Min, Max】内随机一个掉落数Select。
A28: 2、 | B28: 如果有衰减，则对Select进行衰减，newSelect=Select*（1-衰减系数）
A29: 3、 | B29: 如果newSelect大于1，则向下取整，newSelect=int（Select）
A30: 4、 | B30: 如果newSelect小于1，则从【0，1】中随机抽一个小数，如果该小数小于newSelect，则掉落1个物品（newSelect = 1），否则 newSelect = 0
... A36: 10、 | B36: 每个物品配置一个权重，加总需要=100000000（个位数±有点误差可以接受）
A37: 掉落方式_按个数和概率不可重复
A38: 1、 | B38: 在掉落个数【Min, Max】内随机一个掉落数Select。
A39: 2、 | B39: 如果有衰减，则对Select进行衰减，newSelect=Select*（1-衰减系数）
A40: 3、 | B40: 如果newSelect大于1，则向下取整，newSelect=int（Select）
A41: 4、 | B41: 如果newSelect小于1，则从【0，1】中随机抽一个小数，如果该小数小于newSelect，则掉落1个物品（newSelect = 1），否则 newSelect = 0
A42: 5、 | B42: 对掉落方案中的每个物品，按其填写的概率组合成一个【m,n】的掉落区间，每个物品按其填写的概率占有其中一个掉落区间段
A43: 6、 | B43: 其中，m=上一个物品的n+1，n=m+X。如果是第一个物品，则m=1（相当于第0个物品的n=0），n=X。最后一个物品的n=100000000
A44: 7、 | B44: 在【1,100000000】的区间内随机一个掉落数
A45: 8、 | B45: 掉落数落在哪个物品的掉落区间段，则掉落此物品
A46: 9、 | B46: 物品掉落后，在掉落池子里删掉该物品，同时，掉落权重重新进行计算
A47: 10、 | B47: 在剩下的物品中如此反复，直到掉完newSelect个物品
A48: 11、 | B48: 如果物品总数小于newSelect，则全部掉落
A49: 12、 | B49: 每个物品配置一个权重，加总需要=100000000（个位数±有点误差可以接受）
B52: 只做标黄的三种掉落方式 1.掉落方式_按概率；2.掉落方式_按个数和概率可重复；3.掉落方式_按个数和概率不可重复
B53: 掉落内容的配置分三种
B54: 1.配置掉落物ID，这个ID可以商量是物编ID还是物品ID，决定该掉落物的几率/权重，数量；
B55: 2.配置大类/子类/掉落档次，从这个大类子类掉落档次种R选数量个物品，R的时候，本大类子类档次种所有东西的权重相同，如果是多个数量，那就R对应数量，这里头可以重复。大类子类档次三个配置项在物品表和装备表中；
B56: 3.配置掉落物ID的地方配置掉落方案ID。
B57: 4.最终的掉落方案应该是一个嵌套的掉落方案，就是首先配置若干个掉落方案，然后最终掉落方案是配置若干个掉落方案的ID。
B58: 5.要求一个掉落方案中，可以同时配置物品ID+掉落方案ID+大类子类档次
B59: 6.读取掉落个数【Min, Max】的时候需要读取特权，系统参数等表格，一般会有对MAX值的增加，需要加进来（做特权的时候再考虑，先不管）增加掉落数量和增加掉落极品几率都在做的时候再考虑。
B60: 大类，子类，掉落档次三个配置项锁定的物品/装备最大值为100
B77: 最小最大确保一般情况的体验，首先获得一个掉落数量，然后按照掉落方案计算具体掉落。 获得掉落数量增加以后，在之前的基础上重复R，并且掉落数量固定取增加数量。 如果一个怪配置了多个掉落方案，第一次会分别计算A,B,C掉落方案掉落，掉落数量+2，则使用相同的方式，再算一次

Sheet 更新说明
A1: 版本号 | B1: 改动内容
A2: V1.0 | B2: 编号规则，基础配置
A3: V1.01 | B3: 更新基础配置
A4: V1.11 | B4: 红色掉落方案是策划用，计算的。绿色页签掉落表.ts的是给程序用的
A5: V1.12 | B5: 物品表更改编号，掉落表对应更改
A6: V1.13
A7: V1.14 | B7: 更新掉落方式说明中的信息。
A8: V1.15 | B8: 新增任务类的掉落，并对应新增4个掉落物
A9: V1.16
A10: V1.17
A11: V1.18
A12: V1.19
A13: V1.20
A14: V1.21
A15: V1.22
A16: V1.23
A17: V1.24
A18: V1.25
A19: V1.26
A20: V1.27
... A25: V1.32
