Workbook

Sheet region_config
A1: ##var | B1: config_id | C1: rect_name | E1: scene_name | F1: scene_id | K1: is_main_rect | L1: is_born_rect | M1: is_minimap_rect | N1: min_x | O1: max_x | P1: min_y | Q1: max_y | R1: teleport_target | T1: refresh_monster_plans
A2: ##type | B2: int | C2: string | D2: int整数string文本枚举自起名字 | E2: string | F2: int | K2: int | L2: int | M2: int | N2: float? | O2: float? | P2: float? | Q2: float? | R2: int | T2: array,int
A3: ##group | C3: c | D3: c,s,,C客户端S服务器不填都用 | E3: c | R3: c | T3: s
A4: ## | B4: 区域ID | C4: 区域名（传送才外显） | D4: 备注 | E4: 地编名 | F4: 所属场景ID | G4: 类型 | H4: 面积 | I4: 行 | J4: 序号 | K4: 是否场景主区域 | L4: 是否出生区域 | M4: 是否小地图镜头区域 | N4: 区域左边界 | O4: 区域右边界 | P4: 区域下边界 | Q4: 区域上边界 | R4: 传送目标区域 | S4: 刷怪方案说明 | T4: 刷怪方案1 | U4: 刷怪方案2 | V4: 刷怪方案3 | W4: 刷怪方案4 | X4: 刷怪方案5 | Y4: 刷怪方案6 | Z4: 刷怪方案7 | AA4: 刷怪方案8
B5: =70000000+F5*10000+H5*1000+I5*100+J5 -> 70015101 | C5: 天元宗门-怪物1 | E5: =F5&(VLOOKUP(G5,编号表!$E$1:$G$8,2,0))&H5&"_"&I5&"_"&J5 -> 1N5_1_1 | F5: 1 | G5: 怪物 | H5: 5 | I5: 1 | J5: =COUNTIFS($F$5:F5,F5,$I$5:I5,I5) -> 1
B6: =70000000+F6*10000+H6*1000+I6*100+J6 -> 70015102 | C6: 天元宗门-怪物2 | E6: =F6&(VLOOKUP(G6,编号表!$E$1:$G$8,2,0))&H6&"_"&I6&"_"&J6 -> 1N5_1_2 | F6: 1 | G6: 怪物 | H6: 5 | I6: 1 | J6: =COUNTIFS($F$5:F6,F6,$I$5:I6,I6) -> 2
B7: =70000000+F7*10000+H7*1000+I7*100+J7 -> 70015103 | C7: 天元宗门-怪物3 | E7: =F7&(VLOOKUP(G7,编号表!$E$1:$G$8,2,0))&H7&"_"&I7&"_"&J7 -> 1N5_1_3 | F7: 1 | G7: 怪物 | H7: 5 | I7: 1 | J7: =COUNTIFS($F$5:F7,F7,$I$5:I7,I7) -> 3
B8: =70000000+F8*10000+H8*1000+I8*100+J8 -> 70015104 | C8: 天元宗门-怪物4 | E8: =F8&(VLOOKUP(G8,编号表!$E$1:$G$8,2,0))&H8&"_"&I8&"_"&J8 -> 1N5_1_4 | F8: 1 | G8: 怪物 | H8: 5 | I8: 1 | J8: =COUNTIFS($F$5:F8,F8,$I$5:I8,I8) -> 4
B9: =70000000+F9*10000+H9*1000+I9*100+J9 -> 70015105 | C9: 天元宗门-怪物5 | E9: =F9&(VLOOKUP(G9,编号表!$E$1:$G$8,2,0))&H9&"_"&I9&"_"&J9 -> 1N5_1_5 | F9: 1 | G9: 怪物 | H9: 5 | I9: 1 | J9: =COUNTIFS($F$5:F9,F9,$I$5:I9,I9) -> 5
B10: =70000000+F10*10000+H10*1000+I10*100+J10 -> 70015106 | C10: 天元宗门-怪物6 | E10: =F10&(VLOOKUP(G10,编号表!$E$1:$G$8,2,0))&H10&"_"&I10&"_"&J10 -> 1N5_1_6 | F10: 1 | G10: 怪物 | H10: 5 | I10: 1 | J10: =COUNTIFS($F$5:F10,F10,$I$5:I10,I10) -> 6
B11: =70000000+F11*10000+H11*1000+I11*100+J11 -> 70015107 | C11: 天元宗门-怪物7 | E11: =F11&(VLOOKUP(G11,编号表!$E$1:$G$8,2,0))&H11&"_"&I11&"_"&J11 -> 1N5_1_7 | F11: 1 | G11: 怪物 | H11: 5 | I11: 1 | J11: =COUNTIFS($F$5:F11,F11,$I$5:I11,I11) -> 7
B12: =70000000+F12*10000+H12*1000+I12*100+J12 -> 70015108 | C12: 天元宗门-怪物8 | E12: =F12&(VLOOKUP(G12,编号表!$E$1:$G$8,2,0))&H12&"_"&I12&"_"&J12 -> 1N5_1_8 | F12: 1 | G12: 怪物 | H12: 5 | I12: 1 | J12: =COUNTIFS($F$5:F12,F12,$I$5:I12,I12) -> 8
B13: =70000000+F13*10000+H13*1000+I13*100+J13 -> 70015109 | C13: 天元宗门-怪物9 | E13: =F13&(VLOOKUP(G13,编号表!$E$1:$G$8,2,0))&H13&"_"&I13&"_"&J13 -> 1N5_1_9 | F13: 1 | G13: 怪物 | H13: 5 | I13: 1 | J13: =COUNTIFS($F$5:F13,F13,$I$5:I13,I13) -> 9
B14: =70000000+F14*10000+H14*1000+I14*100+J14 -> 70015110 | C14: 天元宗门-怪物10 | E14: =F14&(VLOOKUP(G14,编号表!$E$1:$G$8,2,0))&H14&"_"&I14&"_"&J14 -> 1N5_1_10 | F14: 1 | G14: 怪物 | H14: 5 | I14: 1 | J14: =COUNTIFS($F$5:F14,F14,$I$5:I14,I14) -> 10
B15: =70000000+F15*10000+H15*1000+I15*100+J15 -> 70015111 | C15: 天元宗门-怪物11 | E15: =F15&(VLOOKUP(G15,编号表!$E$1:$G$8,2,0))&H15&"_"&I15&"_"&J15 -> 1N5_1_11 | F15: 1 | G15: 怪物 | H15: 5 | I15: 1 | J15: =COUNTIFS($F$5:F15,F15,$I$5:I15,I15) -> 11
B16: =70000000+F16*10000+H16*1000+I16*100+J16 -> 70015112 | C16: 天元宗门-怪物12 | E16: =F16&(VLOOKUP(G16,编号表!$E$1:$G$8,2,0))&H16&"_"&I16&"_"&J16 -> 1N5_1_12 | F16: 1 | G16: 怪物 | H16: 5 | I16: 1 | J16: =COUNTIFS($F$5:F16,F16,$I$5:I16,I16) -> 12
B17: =70000000+F17*10000+H17*1000+I17*100+J17 -> 70015201 | C17: 天元宗门-怪物13 | E17: =F17&(VLOOKUP(G17,编号表!$E$1:$G$8,2,0))&H17&"_"&I17&"_"&J17 -> 1N5_2_1 | F17: 1 | G17: 怪物 | H17: 5 | I17: 2 | J17: 1
B18: =70000000+F18*10000+H18*1000+I18*100+J18 -> 70015202 | C18: 天元宗门-怪物14 | E18: =F18&(VLOOKUP(G18,编号表!$E$1:$G$8,2,0))&H18&"_"&I18&"_"&J18 -> 1N5_2_2 | F18: 1 | G18: 怪物 | H18: 5 | I18: 2 | J18: 2
B19: =70000000+F19*10000+H19*1000+I19*100+J19 -> 70015203 | C19: 天元宗门-怪物15 | E19: =F19&(VLOOKUP(G19,编号表!$E$1:$G$8,2,0))&H19&"_"&I19&"_"&J19 -> 1N5_2_3 | F19: 1 | G19: 怪物 | H19: 5 | I19: 2 | J19: =COUNTIFS($F$5:F19,F19,$I$5:I19,I19) -> 3
B20: =70000000+F20*10000+H20*1000+I20*100+J20 -> 70015204 | C20: 天元宗门-怪物16 | E20: =F20&(VLOOKUP(G20,编号表!$E$1:$G$8,2,0))&H20&"_"&I20&"_"&J20 -> 1N5_2_4 | F20: 1 | G20: 怪物 | H20: 5 | I20: 2 | J20: =COUNTIFS($F$5:F20,F20,$I$5:I20,I20) -> 4
B21: =70000000+F21*10000+H21*1000+I21*100+J21 -> 70015205 | C21: 天元宗门-怪物17 | E21: =F21&(VLOOKUP(G21,编号表!$E$1:$G$8,2,0))&H21&"_"&I21&"_"&J21 -> 1N5_2_5 | F21: 1 | G21: 怪物 | H21: 5 | I21: 2 | J21: =COUNTIFS($F$5:F21,F21,$I$5:I21,I21) -> 5
B22: =70000000+F22*10000+H22*1000+I22*100+J22 -> 70015206 | C22: 天元宗门-怪物18 | E22: =F22&(VLOOKUP(G22,编号表!$E$1:$G$8,2,0))&H22&"_"&I22&"_"&J22 -> 1N5_2_6 | F22: 1 | G22: 怪物 | H22: 5 | I22: 2 | J22: =COUNTIFS($F$5:F22,F22,$I$5:I22,I22) -> 6
B23: =70000000+F23*10000+H23*1000+I23*100+J23 -> 70015207 | C23: 天元宗门-怪物19 | E23: =F23&(VLOOKUP(G23,编号表!$E$1:$G$8,2,0))&H23&"_"&I23&"_"&J23 -> 1N5_2_7 | F23: 1 | G23: 怪物 | H23: 5 | I23: 2 | J23: =COUNTIFS($F$5:F23,F23,$I$5:I23,I23) -> 7
B24: =70000000+F24*10000+H24*1000+I24*100+J24 -> 70015208 | C24: 天元宗门-怪物20 | E24: =F24&(VLOOKUP(G24,编号表!$E$1:$G$8,2,0))&H24&"_"&I24&"_"&J24 -> 1N5_2_8 | F24: 1 | G24: 怪物 | H24: 5 | I24: 2 | J24: =COUNTIFS($F$5:F24,F24,$I$5:I24,I24) -> 8 | R24: 70031001
B25: =70000000+F25*10000+H25*1000+I25*100+J25 -> 70015209 | C25: 天元宗门-怪物21 | E25: =F25&(VLOOKUP(G25,编号表!$E$1:$G$8,2,0))&H25&"_"&I25&"_"&J25 -> 1N5_2_9 | F25: 1 | G25: 怪物 | H25: 5 | I25: 2 | J25: =COUNTIFS($F$5:F25,F25,$I$5:I25,I25) -> 9 | R25: 70111001
B26: =70000000+F26*10000+H26*1000+I26*100+J26 -> 70015210 | C26: 天元宗门-怪物22 | E26: =F26&(VLOOKUP(G26,编号表!$E$1:$G$8,2,0))&H26&"_"&I26&"_"&J26 -> 1N5_2_10 | F26: 1 | G26: 怪物 | H26: 5 | I26: 2 | J26: =COUNTIFS($F$5:F26,F26,$I$5:I26,I26) -> 10 | R26: 70201001
B27: =70000000+F27*10000+H27*1000+I27*100+J27 -> 70015211 | C27: 天元宗门-怪物23 | E27: =F27&(VLOOKUP(G27,编号表!$E$1:$G$8,2,0))&H27&"_"&I27&"_"&J27 -> 1N5_2_11 | F27: 1 | G27: 怪物 | H27: 5 | I27: 2 | J27: =COUNTIFS($F$5:F27,F27,$I$5:I27,I27) -> 11 | R27: 70291001
B28: =70000000+F28*10000+H28*1000+I28*100+J28 -> 70015212 | C28: 天元宗门-怪物24 | E28: =F28&(VLOOKUP(G28,编号表!$E$1:$G$8,2,0))&H28&"_"&I28&"_"&J28 -> 1N5_2_12 | F28: 1 | G28: 怪物 | H28: 5 | I28: 2 | J28: =COUNTIFS($F$5:F28,F28,$I$5:I28,I28) -> 12 | R28: 70381001
B29: =70000000+F29*10000+H29*1000+I29*100+J29 -> 70015213 | C29: 天元宗门-怪物25 | E29: =F29&(VLOOKUP(G29,编号表!$E$1:$G$8,2,0))&H29&"_"&I29&"_"&J29 -> 1N5_2_13 | F29: 1 | G29: 怪物 | H29: 5 | I29: 2 | J29: =COUNTIFS($F$5:F29,F29,$I$5:I29,I29) -> 13 | R29: 70471001
B30: =70000000+F30*10000+H30*1000+I30*100+J30 -> 70015301 | C30: 天元宗门-怪物26 | E30: =F30&(VLOOKUP(G30,编号表!$E$1:$G$8,2,0))&H30&"_"&I30&"_"&J30 -> 1N5_3_1 | F30: 1 | G30: 怪物 | H30: 5 | I30: 3 | J30: 1
B31: =70000000+F31*10000+H31*1000+I31*100+J31 -> 70015302 | C31: 天元宗门-怪物27 | E31: =F31&(VLOOKUP(G31,编号表!$E$1:$G$8,2,0))&H31&"_"&I31&"_"&J31 -> 1N5_3_2 | F31: 1 | G31: 怪物 | H31: 5 | I31: 3 | J31: 2
B32: =70000000+F32*10000+H32*1000+I32*100+J32 -> 70015303 | C32: 天元宗门-怪物28 | E32: =F32&(VLOOKUP(G32,编号表!$E$1:$G$8,2,0))&H32&"_"&I32&"_"&J32 -> 1N5_3_3 | F32: 1 | G32: 怪物 | H32: 5 | I32: 3 | J32: 3
B33: =70000000+F33*10000+H33*1000+I33*100+J33 -> 70015304 | C33: 天元宗门-怪物29 | E33: =F33&(VLOOKUP(G33,编号表!$E$1:$G$8,2,0))&H33&"_"&I33&"_"&J33 -> 1N5_3_4 | F33: 1 | G33: 怪物 | H33: 5 | I33: 3 | J33: 4
B34: =70000000+F34*10000+H34*1000+I34*100+J34 -> 70015401 | C34: 天元宗门-怪物30 | E34: =F34&(VLOOKUP(G34,编号表!$E$1:$G$8,2,0))&H34&"_"&I34&"_"&J34 -> 1N5_4_1 | F34: 1 | G34: 怪物 | H34: 5 | I34: 4 | J34: 1
B35: =70000000+F35*10000+H35*1000+I35*100+J35 -> 70015402 | C35: 天元宗门-怪物31 | E35: =F35&(VLOOKUP(G35,编号表!$E$1:$G$8,2,0))&H35&"_"&I35&"_"&J35 -> 1N5_4_2 | F35: 1 | G35: 怪物 | H35: 5 | I35: 4 | J35: 2
B36: =70000000+F36*10000+H36*1000+I36*100+J36 -> 70015403 | C36: 天元宗门-怪物32 | E36: =F36&(VLOOKUP(G36,编号表!$E$1:$G$8,2,0))&H36&"_"&I36&"_"&J36 -> 1N5_4_3 | F36: 1 | G36: 怪物 | H36: 5 | I36: 4 | J36: 3
B37: =70000000+F37*10000+H37*1000+I37*100+J37 -> 70015404 | C37: 天元宗门-怪物33 | E37: =F37&(VLOOKUP(G37,编号表!$E$1:$G$8,2,0))&H37&"_"&I37&"_"&J37 -> 1N5_4_4 | F37: 1 | G37: 怪物 | H37: 5 | I37: 4 | J37: 4
B38: =70000000+F38*10000+H38*1000+I38*100+J38 -> 70015405 | C38: 天元宗门-怪物34 | E38: =F38&(VLOOKUP(G38,编号表!$E$1:$G$8,2,0))&H38&"_"&I38&"_"&J38 -> 1N5_4_5 | F38: 1 | G38: 怪物 | H38: 5 | I38: 4 | J38: 5
B39: =70000000+F39*10000+H39*1000+I39*100+J39 -> 70015406 | C39: 天元宗门-怪物35 | E39: =F39&(VLOOKUP(G39,编号表!$E$1:$G$8,2,0))&H39&"_"&I39&"_"&J39 -> 1N5_4_6 | F39: 1 | G39: 怪物 | H39: 5 | I39: 4 | J39: 6
B40: =70000000+F40*10000+H40*1000+I40*100+J40 -> 70015407 | C40: 天元宗门-怪物36 | E40: =F40&(VLOOKUP(G40,编号表!$E$1:$G$8,2,0))&H40&"_"&I40&"_"&J40 -> 1N5_4_7 | F40: 1 | G40: 怪物 | H40: 5 | I40: 4 | J40: 7
B41: =70000000+F41*10000+H41*1000+I41*100+J41 -> 70015408 | C41: 天元宗门-怪物37 | E41: =F41&(VLOOKUP(G41,编号表!$E$1:$G$8,2,0))&H41&"_"&I41&"_"&J41 -> 1N5_4_8 | F41: 1 | G41: 怪物 | H41: 5 | I41: 4 | J41: 8
... B94: =70000000+F94*10000+H94*1000+I94*100+J94 -> 70016005 | C94: 天元宗门-怪物91 | E94: =F94&(VLOOKUP(G94,编号表!$E$1:$G$8,2,0))&H94&"_"&I94&"_"&J94 -> 1N5_10_5 | F94: 1 | G94: 怪物 | H94: 5 | I94: 10 | J94: 5
B95: =70000000+F95*10000+H95*1000+I95*100+J95 -> 70016101 | C95: 天元宗门-怪物92 | E95: =F95&(VLOOKUP(G95,编号表!$E$1:$G$8,2,0))&H95&"_"&I95&"_"&J95 -> 1N5_11_1 | F95: 1 | G95: 怪物 | H95: 5 | I95: 11 | J95: 1 | T95: 1001203
B96: =70000000+F96*10000+H96*1000+I96*100+J96 -> 70016102 | C96: 天元宗门-怪物93 | E96: =F96&(VLOOKUP(G96,编号表!$E$1:$G$8,2,0))&H96&"_"&I96&"_"&J96 -> 1N5_11_2 | F96: 1 | G96: 怪物 | H96: 5 | I96: 11 | J96: 2 | T96: 1001303
B97: =70000000+F97*10000+H97*1000+I97*100+J97 -> 70016103 | C97: 天元宗门-怪物94 | E97: =F97&(VLOOKUP(G97,编号表!$E$1:$G$8,2,0))&H97&"_"&I97&"_"&J97 -> 1N5_11_3 | F97: 1 | G97: 怪物 | H97: 5 | I97: 11 | J97: 3 | T97: 1001403
B98: =70000000+F98*10000+H98*1000+I98*100+J98 -> 70016104 | C98: 天元宗门-怪物95 | E98: =F98&(VLOOKUP(G98,编号表!$E$1:$G$8,2,0))&H98&"_"&I98&"_"&J98 -> 1N5_11_4 | F98: 1 | G98: 怪物 | H98: 5 | I98: 11 | J98: 4 | T98: 1001503
B99: =70000000+F99*10000+H99*1000+I99*100+J99 -> 70016105 | C99: 天元宗门-怪物96 | E99: =F99&(VLOOKUP(G99,编号表!$E$1:$G$8,2,0))&H99&"_"&I99&"_"&J99 -> 1N5_11_5 | F99: 1 | G99: 怪物 | H99: 5 | I99: 11 | J99: 5 | T99: 1001603
B100: =70000000+F100*10000+H100*1000+I100*100+J100 -> 70016106 | C100: 天元宗门-怪物97 | E100: =F100&(VLOOKUP(G100,编号表!$E$1:$G$8,2,0))&H100&"_"&I100&"_"&J100 -> 1N5_11_6 | F100: 1 | G100: 怪物 | H100: 5 | I100: 11 | J100: 6 | T100: 1001703
B101: =70000000+F101*10000+H101*1000+I101*100+J101 -> 70016201 | C101: 天元宗门-怪物98 | E101: =F101&(VLOOKUP(G101,编号表!$E$1:$G$8,2,0))&H101&"_"&I101&"_"&J101 -> 1N5_12_1 | F101: 1 | G101: 怪物 | H101: 5 | I101: 12 | J101: 1
B102: =70000000+F102*10000+H102*1000+I102*100+J102 -> 70016202 | C102: 天元宗门-怪物99 | E102: =F102&(VLOOKUP(G102,编号表!$E$1:$G$8,2,0))&H102&"_"&I102&"_"&J102 -> 1N5_12_2 | F102: 1 | G102: 怪物 | H102: 5 | I102: 12 | J102: 2
B103: =70000000+F103*10000+H103*1000+I103*100+J103 -> 70016203 | C103: 天元宗门-怪物100 | E103: =F103&(VLOOKUP(G103,编号表!$E$1:$G$8,2,0))&H103&"_"&I103&"_"&J103 -> 1N5_12_3 | F103: 1 | G103: 怪物 | H103: 5 | I103: 12 | J103: 3
B104: =70000000+F104*10000+H104*1000+I104*100+J104 -> 70016204 | C104: 天元宗门-怪物101 | E104: =F104&(VLOOKUP(G104,编号表!$E$1:$G$8,2,0))&H104&"_"&I104&"_"&J104 -> 1N5_12_4 | F104: 1 | G104: 怪物 | H104: 5 | I104: 12 | J104: 4
B105: =70000000+F105*10000+H105*1000+I105*100+J105 -> 70016205 | C105: 天元宗门-怪物102 | E105: =F105&(VLOOKUP(G105,编号表!$E$1:$G$8,2,0))&H105&"_"&I105&"_"&J105 -> 1N5_12_5 | F105: 1 | G105: 怪物 | H105: 5 | I105: 12 | J105: 5
B106: =70000000+F106*10000+H106*1000+I106*100+J106 -> 70016206 | C106: 天元宗门-怪物103 | E106: =F106&(VLOOKUP(G106,编号表!$E$1:$G$8,2,0))&H106&"_"&I106&"_"&J106 -> 1N5_12_6 | F106: 1 | G106: 怪物 | H106: 5 | I106: 12 | J106: 6
B107: =70000000+F107*10000+H107*1000+I107*100+J107 -> 70016207 | C107: 天元宗门-怪物104 | E107: =F107&(VLOOKUP(G107,编号表!$E$1:$G$8,2,0))&H107&"_"&I107&"_"&J107 -> 1N5_12_7 | F107: 1 | G107: 怪物 | H107: 5 | I107: 12 | J107: 7
B108: =70000000+F108*10000+H108*1000+I108*100+J108 -> 70016208 | C108: 天元宗门-怪物105 | E108: =F108&(VLOOKUP(G108,编号表!$E$1:$G$8,2,0))&H108&"_"&I108&"_"&J108 -> 1N5_12_8 | F108: 1 | G108: 怪物 | H108: 5 | I108: 12 | J108: 8
B109: =70000000+F109*10000+H109*1000+I109*100+J109 -> 70016209 | C109: 天元宗门-怪物106 | E109: =F109&(VLOOKUP(G109,编号表!$E$1:$G$8,2,0))&H109&"_"&I109&"_"&J109 -> 1N5_12_9 | F109: 1 | G109: 怪物 | H109: 5 | I109: 12 | J109: 9
B110: =70000000+F110*10000+H110*1000+I110*100+J110 -> 70016210 | C110: 天元宗门-怪物107 | E110: =F110&(VLOOKUP(G110,编号表!$E$1:$G$8,2,0))&H110&"_"&I110&"_"&J110 -> 1N5_12_10 | F110: 1 | G110: 怪物 | H110: 5 | I110: 12 | J110: 10
B111: =70000000+F111*10000+H111*1000+I111*100+J111 -> 70016301 | C111: 天元宗门-怪物108 | E111: =F111&(VLOOKUP(G111,编号表!$E$1:$G$8,2,0))&H111&"_"&I111&"_"&J111 -> 1N5_13_1 | F111: 1 | G111: 怪物 | H111: 5 | I111: 13 | J111: 1 | T111: 1001403
B112: =70000000+F112*10000+H112*1000+I112*100+J112 -> 70016302 | C112: 天元宗门-怪物109 | E112: =F112&(VLOOKUP(G112,编号表!$E$1:$G$8,2,0))&H112&"_"&I112&"_"&J112 -> 1N5_13_2 | F112: 1 | G112: 怪物 | H112: 5 | I112: 13 | J112: 2 | T112: 1001503
B113: =70000000+F113*10000+H113*1000+I113*100+J113 -> 70016303 | C113: 天元宗门-怪物110 | E113: =F113&(VLOOKUP(G113,编号表!$E$1:$G$8,2,0))&H113&"_"&I113&"_"&J113 -> 1N5_13_3 | F113: 1 | G113: 怪物 | H113: 5 | I113: 13 | J113: 3 | T113: 1001603
B114: =70000000+F114*10000+H114*1000+I114*100+J114 -> 70016304 | C114: 天元宗门-怪物111 | E114: =F114&(VLOOKUP(G114,编号表!$E$1:$G$8,2,0))&H114&"_"&I114&"_"&J114 -> 1N5_13_4 | F114: 1 | G114: 怪物 | H114: 5 | I114: 13 | J114: 4 | T114: 1001603
B115: =70000000+F115*10000+H115*1000+I115*100+J115 -> 70016305 | C115: 天元宗门-怪物112 | E115: =F115&(VLOOKUP(G115,编号表!$E$1:$G$8,2,0))&H115&"_"&I115&"_"&J115 -> 1N5_13_5 | F115: 1 | G115: 怪物 | H115: 5 | I115: 13 | J115: 5 | T115: 1001703
B116: =70000000+F116*10000+H116*1000+I116*100+J116 -> 70016306 | C116: 天元宗门-怪物113 | E116: =F116&(VLOOKUP(G116,编号表!$E$1:$G$8,2,0))&H116&"_"&I116&"_"&J116 -> 1N5_13_6 | F116: 1 | G116: 怪物 | H116: 5 | I116: 13 | J116: 6 | T116: 1001803
B117: =70000000+F117*10000+H117*1000+I117*100+J117 -> 70016307 | C117: 天元宗门-怪物114 | E117: =F117&(VLOOKUP(G117,编号表!$E$1:$G$8,2,0))&H117&"_"&I117&"_"&J117 -> 1N5_13_7 | F117: 1 | G117: 怪物 | H117: 5 | I117: 13 | J117: 7 | T117: 1001903
B118: =70000000+F118*10000+H118*1000+I118*100+J118 -> 70011001 | C118: 天元宗门-镜头 | E118: =F118&(VLOOKUP(G118,编号表!$E$1:$G$8,2,0))&H118&"_"&I118&"_"&J118 -> 1J1_0_1 | F118: 1 | G118: 镜头 | H118: 1 | I118: 0 | J118: 1 | K118: 1
B119: =70000000+F119*10000+H119*1000+I119*100+J119 -> 70015001 | C119: 天元宗门-传送 | E119: =F119&(VLOOKUP(G119,编号表!$E$1:$G$8,2,0))&H119&"_"&I119&"_"&J119 -> 1T5_0_1 | F119: 1 | G119: 传送 | H119: 5 | I119: 0 | J119: 1 | L119: 1
B120: =70000000+F120*10000+H120*1000+I120*100+J120 -> 70012001 | C120: 天元宗门-小地图 | E120: =F120&(VLOOKUP(G120,编号表!$E$1:$G$8,2,0))&H120&"_"&I120&"_"&J120 -> 1D2_0_1 | F120: 1 | G120: 小地图 | H120: 2 | I120: 0 | J120: 1 | M120: 1
B121: =70000000+F121*10000+H121*1000+I121*100+J121 -> 70025101 | C121: 蚀苇沼·末流所积-怪物1 | E121: =F121&(VLOOKUP(G121,编号表!$E$1:$G$8,2,0))&H121&"_"&I121&"_"&J121 -> 2N5_1_1 | F121: 2 | G121: 怪物 | H121: 5 | I121: 1 | J121: =COUNTIFS($F$5:F121,F121,$I$5:I121,I121) -> 1 | T121: 1002303
B122: =70000000+F122*10000+H122*1000+I122*100+J122 -> 70025102 | C122: 蚀苇沼·末流所积-怪物2 | E122: =F122&(VLOOKUP(G122,编号表!$E$1:$G$8,2,0))&H122&"_"&I122&"_"&J122 -> 2N5_1_2 | F122: 2 | G122: 怪物 | H122: 5 | I122: 1 | J122: 2 | T122: 1002403
B123: =70000000+F123*10000+H123*1000+I123*100+J123 -> 70025103 | C123: 蚀苇沼·末流所积-怪物3 | E123: =F123&(VLOOKUP(G123,编号表!$E$1:$G$8,2,0))&H123&"_"&I123&"_"&J123 -> 2N5_1_3 | F123: 2 | G123: 怪物 | H123: 5 | I123: 1 | J123: 3 | T123: 1002503
B124: =70000000+F124*10000+H124*1000+I124*100+J124 -> 70025201 | C124: 蚀苇沼·末流所积-怪物4 | E124: =F124&(VLOOKUP(G124,编号表!$E$1:$G$8,2,0))&H124&"_"&I124&"_"&J124 -> 2N5_2_1 | F124: 2 | G124: 怪物 | H124: 5 | I124: 2 | J124: 1 | T124: 1002603
B125: =70000000+F125*10000+H125*1000+I125*100+J125 -> 70025202 | C125: 蚀苇沼·末流所积-怪物5 | E125: =F125&(VLOOKUP(G125,编号表!$E$1:$G$8,2,0))&H125&"_"&I125&"_"&J125 -> 2N5_2_2 | F125: 2 | G125: 怪物 | H125: 5 | I125: 2 | J125: 2 | T125: 1002303
B126: =70000000+F126*10000+H126*1000+I126*100+J126 -> 70025203 | C126: 蚀苇沼·末流所积-怪物6 | E126: =F126&(VLOOKUP(G126,编号表!$E$1:$G$8,2,0))&H126&"_"&I126&"_"&J126 -> 2N5_2_3 | F126: 2 | G126: 怪物 | H126: 5 | I126: 2 | J126: =COUNTIFS($F$5:F126,F126,$I$5:I126,I126) -> 3 | S126: 精英 | T126: 1002103
B127: =70000000+F127*10000+H127*1000+I127*100+J127 -> 70025001 | C127: 蚀苇沼·末流所积-镜头 | E127: =F127&(VLOOKUP(G127,编号表!$E$1:$G$8,2,0))&H127&"_"&I127&"_"&J127 -> 2J5_0_1 | F127: 2 | G127: 镜头 | H127: 5 | I127: 0 | J127: =COUNTIFS($F$5:F127,F127,$I$5:I127,I127) -> 1 | K127: 1
B128: =70000000+F128*10000+H128*1000+I128*100+J128 -> 70021001 | C128: 蚀苇沼·末流所积-传送 | E128: =F128&(VLOOKUP(G128,编号表!$E$1:$G$8,2,0))&H128&"_"&I128&"_"&J128 -> 2T1_0_1 | F128: 2 | G128: 传送 | H128: 1 | I128: 0 | J128: 1 | L128: 1 | R128: 70031002
B129: =70000000+F129*10000+H129*1000+I129*100+J129 -> 70021002 | C129: 蚀苇沼·末流所积-传送 | E129: =F129&(VLOOKUP(G129,编号表!$E$1:$G$8,2,0))&H129&"_"&I129&"_"&J129 -> 2T1_0_2 | F129: 2 | G129: 传送 | H129: 1 | I129: 0 | J129: 2 | R129: 70041002
B130: =70000000+F130*10000+H130*1000+I130*100+J130 -> 70022001 | C130: 蚀苇沼·末流所积-小地图 | E130: =F130&(VLOOKUP(G130,编号表!$E$1:$G$8,2,0))&H130&"_"&I130&"_"&J130 -> 2D2_0_1 | F130: 2 | G130: 小地图 | H130: 2 | I130: 0 | J130: 1 | M130: 1
B131: =70000000+F131*10000+H131*1000+I131*100+J131 -> 70035001 | C131: 望岳津-镜头 | E131: =F131&(VLOOKUP(G131,编号表!$E$1:$G$8,2,0))&H131&"_"&I131&"_"&J131 -> 3J5_0_1 | F131: 3 | G131: 镜头 | H131: 5 | I131: 0 | J131: =COUNTIFS($F$5:F131,F131,$I$5:I131,I131) -> 1 | K131: 1
B132: =70000000+F132*10000+H132*1000+I132*100+J132 -> 70031001 | C132: 望岳津-传送 | E132: =F132&(VLOOKUP(G132,编号表!$E$1:$G$8,2,0))&H132&"_"&I132&"_"&J132 -> 3T1_0_1 | F132: 3 | G132: 传送 | H132: 1 | I132: 0 | J132: 1 | L132: 1 | R132: 70016204
B133: =70000000+F133*10000+H133*1000+I133*100+J133 -> 70031002 | C133: 望岳津-传送 | E133: =F133&(VLOOKUP(G133,编号表!$E$1:$G$8,2,0))&H133&"_"&I133&"_"&J133 -> 3T1_0_2 | F133: 3 | G133: 传送 | H133: 1 | I133: 0 | J133: 2 | L133: 1 | R133: 70021001
B134: =70000000+F134*10000+H134*1000+I134*100+J134 -> 70032001 | C134: 望岳津-小地图 | E134: =F134&(VLOOKUP(G134,编号表!$E$1:$G$8,2,0))&H134&"_"&I134&"_"&J134 -> 3D2_0_1 | F134: 3 | G134: 小地图 | H134: 2 | I134: 0 | J134: 1 | M134: 1
B135: =70000000+F135*10000+H135*1000+I135*100+J135 -> 70045101 | C135: 浮沉洲-怪物1 | E135: =F135&(VLOOKUP(G135,编号表!$E$1:$G$8,2,0))&H135&"_"&I135&"_"&J135 -> 4N5_1_1 | F135: 4 | G135: 怪物 | H135: 5 | I135: 1 | J135: =COUNTIFS($F$5:F135,F135,$I$5:I135,I135) -> 1 | S135: 精英 | T135: 1004103
B136: =70000000+F136*10000+H136*1000+I136*100+J136 -> 70045102 | C136: 浮沉洲-怪物2 | E136: =F136&(VLOOKUP(G136,编号表!$E$1:$G$8,2,0))&H136&"_"&I136&"_"&J136 -> 4N5_1_2 | F136: 4 | G136: 怪物 | H136: 5 | I136: 1 | J136: =COUNTIFS($F$5:F136,F136,$I$5:I136,I136) -> 2 | T136: 1004304
B137: =70000000+F137*10000+H137*1000+I137*100+J137 -> 70045103 | C137: 浮沉洲-怪物3 | E137: =F137&(VLOOKUP(G137,编号表!$E$1:$G$8,2,0))&H137&"_"&I137&"_"&J137 -> 4N5_1_3 | F137: 4 | G137: 怪物 | H137: 5 | I137: 1 | J137: =COUNTIFS($F$5:F137,F137,$I$5:I137,I137) -> 3 | T137: 1004403
B138: =70000000+F138*10000+H138*1000+I138*100+J138 -> 70045104 | C138: 浮沉洲-怪物4 | E138: =F138&(VLOOKUP(G138,编号表!$E$1:$G$8,2,0))&H138&"_"&I138&"_"&J138 -> 4N5_1_4 | F138: 4 | G138: 怪物 | H138: 5 | I138: 1 | J138: =COUNTIFS($F$5:F138,F138,$I$5:I138,I138) -> 4 | T138: 1004503
B139: =70000000+F139*10000+H139*1000+I139*100+J139 -> 70045105 | C139: 浮沉洲-怪物5 | E139: =F139&(VLOOKUP(G139,编号表!$E$1:$G$8,2,0))&H139&"_"&I139&"_"&J139 -> 4N5_1_5 | F139: 4 | G139: 怪物 | H139: 5 | I139: 1 | J139: =COUNTIFS($F$5:F139,F139,$I$5:I139,I139) -> 5 | T139: 1004603
B140: =70000000+F140*10000+H140*1000+I140*100+J140 -> 70045106 | C140: 浮沉洲-怪物6 | E140: =F140&(VLOOKUP(G140,编号表!$E$1:$G$8,2,0))&H140&"_"&I140&"_"&J140 -> 4N5_1_6 | F140: 4 | G140: 怪物 | H140: 5 | I140: 1 | J140: =COUNTIFS($F$5:F140,F140,$I$5:I140,I140) -> 6 | S140: 精英 | T140: 1004103
B141: =70000000+F141*10000+H141*1000+I141*100+J141 -> 70045201 | C141: 浮沉洲-怪物7 | E141: =F141&(VLOOKUP(G141,编号表!$E$1:$G$8,2,0))&H141&"_"&I141&"_"&J141 -> 4N5_2_1 | F141: 4 | G141: 怪物 | H141: 5 | I141: 2 | J141: =COUNTIFS($F$5:F141,F141,$I$5:I141,I141) -> 1 | T141: 1004704
B142: =70000000+F142*10000+H142*1000+I142*100+J142 -> 70045202 | C142: 浮沉洲-怪物8 | E142: =F142&(VLOOKUP(G142,编号表!$E$1:$G$8,2,0))&H142&"_"&I142&"_"&J142 -> 4N5_2_2 | F142: 4 | G142: 怪物 | H142: 5 | I142: 2 | J142: =COUNTIFS($F$5:F142,F142,$I$5:I142,I142) -> 2 | T142: 1004304
B143: =70000000+F143*10000+H143*1000+I143*100+J143 -> 70045203 | C143: 浮沉洲-怪物9 | E143: =F143&(VLOOKUP(G143,编号表!$E$1:$G$8,2,0))&H143&"_"&I143&"_"&J143 -> 4N5_2_3 | F143: 4 | G143: 怪物 | H143: 5 | I143: 2 | J143: =COUNTIFS($F$5:F143,F143,$I$5:I143,I143) -> 3 | S143: 精英 | T143: 1004103
B144: =70000000+F144*10000+H144*1000+I144*100+J144 -> 70045204 | C144: 浮沉洲-怪物10 | E144: =F144&(VLOOKUP(G144,编号表!$E$1:$G$8,2,0))&H144&"_"&I144&"_"&J144 -> 4N5_2_4 | F144: 4 | G144: 怪物 | H144: 5 | I144: 2 | J144: =COUNTIFS($F$5:F144,F144,$I$5:I144,I144) -> 4 | T144: 1004304
B145: =70000000+F145*10000+H145*1000+I145*100+J145 -> 70045205 | C145: 浮沉洲-怪物11 | E145: =F145&(VLOOKUP(G145,编号表!$E$1:$G$8,2,0))&H145&"_"&I145&"_"&J145 -> 4N5_2_5 | F145: 4 | G145: 怪物 | H145: 5 | I145: 2 | J145: =COUNTIFS($F$5:F145,F145,$I$5:I145,I145) -> 5 | T145: 1004403
B146: =70000000+F146*10000+H146*1000+I146*100+J146 -> 70045301 | C146: 浮沉洲-怪物12 | E146: =F146&(VLOOKUP(G146,编号表!$E$1:$G$8,2,0))&H146&"_"&I146&"_"&J146 -> 4N5_3_1 | F146: 4 | G146: 怪物 | H146: 5 | I146: 3 | J146: =COUNTIFS($F$5:F146,F146,$I$5:I146,I146) -> 1 | T146: 1004503
B147: =70000000+F147*10000+H147*1000+I147*100+J147 -> 70045302 | C147: 浮沉洲-怪物13 | E147: =F147&(VLOOKUP(G147,编号表!$E$1:$G$8,2,0))&H147&"_"&I147&"_"&J147 -> 4N5_3_2 | F147: 4 | G147: 怪物 | H147: 5 | I147: 3 | J147: =COUNTIFS($F$5:F147,F147,$I$5:I147,I147) -> 2 | T147: 1004603
B148: =70000000+F148*10000+H148*1000+I148*100+J148 -> 70045303 | C148: 浮沉洲-怪物14 | E148: =F148&(VLOOKUP(G148,编号表!$E$1:$G$8,2,0))&H148&"_"&I148&"_"&J148 -> 4N5_3_3 | F148: 4 | G148: 怪物 | H148: 5 | I148: 3 | J148: =COUNTIFS($F$5:F148,F148,$I$5:I148,I148) -> 3 | T148: 1004704
B149: =70000000+F149*10000+H149*1000+I149*100+J149 -> 70045304 | C149: 浮沉洲-怪物15 | E149: =F149&(VLOOKUP(G149,编号表!$E$1:$G$8,2,0))&H149&"_"&I149&"_"&J149 -> 4N5_3_4 | F149: 4 | G149: 怪物 | H149: 5 | I149: 3 | J149: =COUNTIFS($F$5:F149,F149,$I$5:I149,I149) -> 4 | T149: 1004304
B150: =70000000+F150*10000+H150*1000+I150*100+J150 -> 70045305 | C150: 浮沉洲-怪物16 | E150: =F150&(VLOOKUP(G150,编号表!$E$1:$G$8,2,0))&H150&"_"&I150&"_"&J150 -> 4N5_3_5 | F150: 4 | G150: 怪物 | H150: 5 | I150: 3 | J150: =COUNTIFS($F$5:F150,F150,$I$5:I150,I150) -> 5 | T150: 1004103
B151: =70000000+F151*10000+H151*1000+I151*100+J151 -> 70045401 | C151: 浮沉洲-怪物17 | E151: =F151&(VLOOKUP(G151,编号表!$E$1:$G$8,2,0))&H151&"_"&I151&"_"&J151 -> 4N5_4_1 | F151: 4 | G151: 怪物 | H151: 5 | I151: 4 | J151: =COUNTIFS($F$5:F151,F151,$I$5:I151,I151) -> 1 | T151: 1004304
B152: =70000000+F152*10000+H152*1000+I152*100+J152 -> 70045402 | C152: 浮沉洲-怪物18 | E152: =F152&(VLOOKUP(G152,编号表!$E$1:$G$8,2,0))&H152&"_"&I152&"_"&J152 -> 4N5_4_2 | F152: 4 | G152: 怪物 | H152: 5 | I152: 4 | J152: =COUNTIFS($F$5:F152,F152,$I$5:I152,I152) -> 2 | T152: 1004403
...

Sheet ConfigScene
A1: ##var | B1: config_id | C1: scene_name | D1: camera_distance | E1: camera_angle | F1: minimap | G1: bigmap | H1: grade | I1: bgm_sound_id
A2: ##type | B2: int | C2: string | D2: int | E2: int | F2: string | G2: string | H2: int | I2: int
A3: ##group
A4: ## | B4: 场景ID | C4: 场景名 | D4: 镜头距离 | E4: 镜头初始角度 | F4: 小地图 | G4: 大地图 | H4: 场景等级 | I4: 背景音乐
B5: 1 | C5: 天元宗门 | D5: 900 | E5: 315 | F5: mini_zm | G5: big_zm | H5: 0 | I5: 10003
B6: 2 | C6: 蚀苇沼·末流所积 | D6: 900 | E6: 315 | F6: map_xiao_03 | H6: 0 | I6: 10002
B7: 3 | C7: 望岳津 | D7: 900 | E7: 315 | F7: map_xiao_02 | H7: 0 | I7: 10002
B8: 4 | C8: 浮沉洲 | D8: 900 | E8: 315 | F8: map_xiao_04 | H8: 0 | I8: 10002
B9: 5 | C9: 蔽苇汀 | D9: 900 | E9: 315 | F9: map_xiao_05 | H9: 0 | I9: 10002
B10: 6 | C10: 岳骨阶 | D10: 900 | E10: 315 | F10: map_xiao_06 | H10: 0 | I10: 10002
B11: 7 | C11: 异霭浦 | D11: 900 | E11: 315 | F11: map_xiao_07 | H11: 0 | I11: 10002
B12: 8 | C12: 砾台 | D12: 900 | E12: 315 | F12: map_xiao_08 | H12: 0 | I12: 10002
B13: 9 | C13: 垂练岩·覆而偶开 | D13: 900 | E13: 315 | F13: map_xiao_09 | H13: 0 | I13: 10002
B14: 10 | C14: 水镜滩·水退方见 | D14: 900 | E14: 315 | F14: map_xiao_10 | H14: 0 | I14: 10002
B15: 11 | C15: 汇歧渚 | D15: 900 | E15: 315 | F15: map_xiao_11 | H15: 0 | I15: 10006
B16: 12 | C16: 沉浊坡 | D16: 900 | E16: 315 | F16: map_xiao_12 | H16: 0 | I16: 10006
B17: 13 | C17: 豁烟水 | D17: 900 | E17: 315 | F17: map_xiao_13 | H17: 0 | I17: 10006
... B58: 54 | C58: 霁台 | D58: 900 | E58: 315 | F58: map_xiao_54 | H58: 0 | I58: 10005

Sheet 编号表
A1: 场景名 | B1: 序号 | C1: 地编名 | D1: 序号 | E1: 类型 | F1: 缩写 | G1: 序号
A2: 比奇城 | B2: 1 | C2: D1_1_ | D2: 1 | E2: 怪物 | F2: N | G2: 1 | I2: =F4&"-"&E3 -> P-传送 | K2: 刷怪,镜头：蓝色
A3: 兽人古墓一层 | B3: 2 | C3: D1_2_ | D3: 2 | E3: 传送 | F3: T | G3: 2 | I3: =F3&"-"&E4 -> T-NPC | K3: 传送点：绿色
A4: 兽人古墓二层 | B4: 3 | C4: D1_3_ | D4: 3 | E4: NPC | F4: P | G4: 3 | I4: =F2&"-"&E2 -> N-怪物 | K4: npc:黄色
A5: 国王陵墓 | B5: 4 | C5: D1_4_ | D5: 4 | E5: 音效 | F5: M | G5: 4 | I5: =F5&"-"&E5 -> M-音效 | K5: 采集物：紫色
A6: 废矿区东部 | B6: 5 | C6: D1_5_ | D6: 5 | E6: 镜头 | F6: J | G6: 5 | I6: =F6&"-"&E6 -> J-镜头 | K6: D-小地图
A7: 尸王殿 | B7: 6 | C7: D1_6_ | D7: 6 | E7: 采集物 | F7: C | G7: 6 | I7: D-小地图
A8: 地牢 | B8: 7 | C8: D2_1_ | D8: 7 | E8: 小地图 | F8: D | G8: 7
A9: 黑暗地带 | B9: 8 | C9: D2_2_ | D9: 8
A10: 死亡棺材 | B10: 9 | C10: D2_3_ | D10: 9
A11: 未知暗殿 | B11: 10 | C11: D2_4_ | D11: 10
A12: 沃玛寺庙一层 | B12: 11 | C12: D2_5_ | D12: 11
A13: 沃玛寺庙二层 | B13: 12 | C13: D2_6_ | D13: 12
A14: 沃玛教主大殿 | B14: 13 | C14: D3_1_ | D14: 13
A15: 石墓一层 | B15: 14 | C15: D3_2_ | D15: 14
A16: 石墓阵入口 | B16: 15 | C16: D3_3_ | D16: 15
A17: 石墓阵出口 | B17: 16 | C17: D3_4_ | D17: 16
A18: 石墓顶层 | B18: 17 | C18: D3_5_ | D18: 17
A19: 桃源之门 | B19: 18 | C19: D3_6_ | D19: 18
A20: 困惑殿堂 | B20: 19 | C20: D4_1_ | D20: 19
... A25: 封魔矿区 | B25: 24 | C25: D4_6_ | D25: 24
A26: 光芒回廊 | B26: 25 | C26: D5_1_ | D26: 25 | M26: 编号命名 | N26: 1 | O26: 2 | P26: 3 | Q26: 4 | R26: 5 | S26: 6 | T26: 7 | U26: 8
A27: 封魔殿 | B27: 26 | C27: D5_2_ | D27: 26 | N27: 固定“7” | O27: 地图序号 | R27: 格子边长 | S27: 地图从上往下格子所在第x行 | T27: 格子所在行左起第x个
A28: 尸魔洞一层 | B28: 27 | C28: D5_3_ | D28: 27
A29: 尸魔洞二层 | B29: 28 | C29: D5_4_ | D29: 28 | M29: 示例：70015304，解释：序号1的地图边长为5的区域位置在地图从上往下第3行左数第4个
A30: 骨魔洞一层 | B30: 29 | C30: D5_5_ | D30: 29
A31: 骨魔洞二层 | B31: 30 | C31: D5_6_ | D31: 30 | M31: 比奇城按6区域划分行数，传送点-0，左上-1，右上-2，左下-3，右下4，城中-5
A32: 牛魔寺庙入口 | B32: 31 | C32: D6_1_ | D32: 31
A33: 牛魔寺庙一层 | B33: 32 | C33: D6_2_ | D33: 32
A34: 牛魔寺庙大厅 | B34: 33 | C34: D6_3_ | D34: 33 | M34: 地编命名 | N34: 1 | O34: 2 | P34: 3 | Q34: 4 | R34: 5
A35: 丛林迷宫 | B35: 34 | C35: D6_4_ | D35: 34 | N35: 地图序号 | O35: 区域类型 | P35: 格子边长 | Q35: 格子所在第x行 | R35: 格子所在行左起第x个
A36: 赤月峡谷西走廊 | B36: 35 | C36: D6_5_ | D36: 35 | O36: P-传送
A37: 赤月峡谷东二层 | B37: 36 | C37: D6_6_ | D37: 36 | O37: T-NPC
A38: 赤月峡谷广场 | B38: 37 | C38: M1 | D38: 37 | O38: N-怪物
A39: 抉择之地 | B39: 38 | C39: M2 | D39: 38 | O39: M-音效
A40: 恶魔祭坛 | B40: 39 | C40: M3 | D40: 39 | O40: J-镜头
A41: 赤月魔穴 | B41: 40 | C41: M4 | D41: 40 | M41: 示例：1N3_4_5，解释：序号1的地图边长为3的从上往下第4行左数第5个怪物区域
A42: 新手村 | B42: 41 | C42: M5 | D42: 41
D43: 42
D44: 43
D45: 44
D46: 45

Sheet 说明
A1: 版本 | B1: 内容
A2: V1.11 | B2: 新增场景区域
A3: V1.12 | B3: 修改兽人古墓、矿区传送、位置
A4: V1.13
A5: V1.14
A6: V1.15 | B6: 更新传送方案，刷怪方案
A7: V1.16 | B7: 增加两个测试木桩，biqi_77,biqi_78
A8: V1.17 | B8: 增加主场景区域-场景镜头区域
A9: V1.18 | B9: 增加场景小地图大地图
A10: V1.19 | B10: 按照新的怪物刷新配置，刷新场景内的怪物配置
A11: V1.20 | B11: 更新场景
A12: V1.21 | B12: 比奇城新增羊，鹿和狼的配置，测试任务用。
A13: V1.22 | B13: 新增新手村场景区域；比奇城22,77,78刷新木桩；
A14: V1.23 | B14: ① 新手村、比奇城各一个出生点 ② 新手村5个备用传送区域，5个落点区域，备用NPC区域10个，普通40，精英10，BOSS 5，音乐10，镜头1
A15: V1.24 | B15: 区域版本重制 1、传送落地点与传送起始点分开 2、区域密度提高，适配更多刷怪密度和位置策略 3、区域命名方式优化，附带区域信息
