Workbook

Sheet skill_config
A1: ##var | B1: id | C1: name | D1: internal_name | E1: skill_type | F1: skill_class | G1: is_passive_skill | H1: is_invoked | I1: skill_level | J1: identify_id | K1: color | L1: required_skill_id | M1: next_level_id | N1: description | O1: icon_id | P1: consumable_id | Q1: lingli_cost | R1: required_level | S1: required_wupin | T1: exp_to_next | U1: exp_trigger | V1: cast_distance | W1: acquire_range | X1: aim_kind | Y1: skill_selector | AL1: sub_selector | AY1: damage_type | AZ1: base_power | BA1: skill_effects | GR1: cast_time | GS1: recovery_time | GT1: cast_action | GU1: cast_effect | GV1: cast_point_effect | GW1: hurt_effect | GX1: stop_move | GY1: cooldown | GZ1: cooldown_reduction_disabled | HA1: max_charges | HB1: charge_recover_time | HC1: channel_time | HD1: channel_interval | HE1: channel_move_cancel | HF1: hit_stun | HG1: cast_sound_id | HH1: hit_sound_id | HI1: passive_trigger | HJ1: passive_skill_id | HK1: passive_icd | HL1: base_realm | HM1: passive_hp_threshold | HN1: is_basic_attack
A2: ##var | BA2: 0 | CX2: 1 | EU2: 2
A3: ##var | Y3: $type | Z3: target_faction | AA3: max_target_ally | AB3: max_target_enemy | AC3: include_caster | AD3: priority | AE3: circle_radius | AF3: sector_radius | AG3: angle | AH3: length | AI3: width | AJ3: inner_radius | AK3: outer_radius | AL3: $type | AM3: target_faction | AN3: max_target_ally | AO3: max_target_enemy | AP3: include_caster | AQ3: priority | AR3: circle_radius | AS3: sector_radius | AT3: angle | AU3: length | AV3: width | AW3: inner_radius | AX3: outer_radius | BA3: $type | BB3: target_faction | BC3: rate | BD3: delay | BE3: effect_range | BF3: require_target_hp_below | BG3: dmg_type | BH3: dmg_coefficient | BI3: dmg_flat | BJ3: dmg_can_crit | BK3: dmg_crit | BL3: falloff_edge_ratio | BM3: buff_id | BN3: heal_type | BO3: heal_coefficient | BP3: heal_flat | BQ3: heal_can_crit | BR3: heal_crit | BS3: summon_id | BT3: position | BU3: duration | BV3: summon_count | BW3: max_count | BX3: init_lv | BY3: max_lv | BZ3: subject | CA3: distance | CB3: mode | CC3: direction | CD3: pass_through | CE3: move_speed | CF3: effect | CG3: sound | CH3: proj_speed | CI3: height | CJ3: path | CK3: proj_count | CL3: interval | CM3: portion | CN3: range | CO3: hit_radius | CP3: spread_angle | CQ3: pierce | CR3: proj_sub_skill_id | CS3: seek_distance | CT3: seek_radius | CU3: turn_rate | CV3: seek_mode | CW3: call_skill_id | CX3: $type | CY3: target_faction | CZ3: rate | DA3: delay | DB3: effect_range | DC3: require_target_hp_below | DD3: dmg_type | DE3: dmg_coefficient | DF3: dmg_flat | DG3: dmg_can_crit | DH3: dmg_crit | DI3: falloff_edge_ratio | DJ3: buff_id | DK3: heal_type | DL3: heal_coefficient | DM3: heal_flat | DN3: heal_can_crit | DO3: heal_crit | DP3: summon_id | DQ3: position | DR3: duration | DS3: summon_count | DT3: max_count | DU3: init_lv | DV3: max_lv | DW3: subject | DX3: distance | DY3: mode | DZ3: direction | EA3: pass_through | EB3: move_speed | EC3: effect | ED3: sound | EE3: proj_speed | EF3: height | EG3: path | EH3: proj_count | EI3: interval | EJ3: portion | EK3: range | EL3: hit_radius | EM3: spread_angle | EN3: pierce | EO3: proj_sub_skill_id | EP3: seek_distance | EQ3: seek_radius | ER3: turn_rate | ES3: seek_mode | ET3: call_skill_id | EU3: $type | EV3: target_faction | EW3: rate | EX3: delay | EY3: effect_range | EZ3: require_target_hp_below | FA3: dmg_type | FB3: dmg_coefficient | FC3: dmg_flat | FD3: dmg_can_crit | FE3: dmg_crit | FF3: falloff_edge_ratio | FG3: buff_id | FH3: heal_type | FI3: heal_coefficient | FJ3: heal_flat | FK3: heal_can_crit | FL3: heal_crit | FM3: summon_id | FN3: position | FO3: duration | FP3: summon_count | FQ3: max_count | FR3: init_lv | FS3: max_lv | FT3: subject | FU3: distance | FV3: mode | FW3: direction | FX3: pass_through | FY3: move_speed | FZ3: effect | GA3: sound | GB3: proj_speed | GC3: height | GD3: path | GE3: proj_count | GF3: interval | GG3: portion | GH3: range | GI3: hit_radius | GJ3: spread_angle | GK3: pierce | GL3: proj_sub_skill_id | GM3: seek_distance | GN3: seek_radius | GO3: turn_rate | GP3: seek_mode | GQ3: call_skill_id
A4: ##type | B4: int | C4: string | D4: string | E4: SkillType | F4: ClassType | G4: bool | H4: bool | I4: int | J4: int | K4: ItemQuality | L4: int | M4: int | N4: string | O4: int | P4: int | Q4: int | R4: int | S4: int | T4: int | U4: (list#sep=|),ExpTriggerType | V4: int | W4: int | X4: AimKind | Y4: SkillSelector? | AL4: SkillSelector? | AY4: string | AZ4: int | BA4: array,SkillEffect | GR4: int | GS4: int | GT4: string | GU4: int | GV4: string | GW4: string | GX4: bool | GY4: int | GZ4: bool | HA4: int | HB4: int | HC4: int | HD4: int | HE4: bool | HF4: int | HG4: int | HH4: string | HI4: PassiveSkillTriggerType | HJ4: int | HK4: int | HL4: MajorRealm | HM4: int | HN4: bool
A5: ##group | C5: c | D5: c | G5: c,s | H5: c,s | N5: c | O5: c | Q5: c | U5: c,s | V5: c | W5: c | X5: c | Y5: c | AL5: c | AY5: c | AZ5: c | BA5: c,s | GR5: c | GS5: c | GT5: c | GU5: c | GV5: c | GW5: c | GX5: c | GY5: c | GZ5: c | HA5: c | HB5: c | HC5: c | HD5: c | HE5: c | HF5: c | HG5: c | HH5: c | HI5: c,s | HJ5: c | HK5: c | HM5: c | HN5: c,s
A6: ## | B6: 技能ID | C6: 技能显示名称 | D6: 内部名称 | E6: 技能分类 | F6: 技能系别 | G6: 是否被动类型技能 | H6: 是否为被调用技能 | I6: 技能等级 | J6: 技能识别ID | K6: 颜色标签 | L6: 前置技能ID | M6: 下一级技能ID | N6: 技能描述文本 | O6: 技能图标ID | P6: 施法消耗道具ID | Q6: 灵力消耗 | R6: 学习技能所需等级 | S6: 升级消耗道具 | T6: 熟练度上限 | U6: 熟练度触发行为 | V6: 施法距离 | W6: 智能施法查询半径 | X6: 施法瞄准类型 | Y6: 形状：单体 / 圆形 / 扇形 / 线形 / 环形 选一个；单体没有专属列，其余只填该形状那一段列 | Z6: 【公共】目标阵营 | AA6: 【公共】友方最大目标数，0=不限 | AB6: 【公共】敌对最大目标数，0=不限 | AC6: 【公共】是否包含施法者自身 | AD6: 【公共】目标选取优先级 | AE6: 【圆形】半径 | AF6: 【扇形】半径 | AG6: 【扇形】角度（上限180） | AH6: 【线形】长度 | AI6: 【线形】宽度 | AJ6: 【环形】内圈半径 | AK6: 【环形】外圈半径 | AL6: 形状：单体 / 圆形 / 扇形 / 线形 / 环形 选一个；单体没有专属列，其余只填该形状那一段列 | AM6: 【公共】目标阵营 | AN6: 【公共】友方最大目标数，0=不限 | AO6: 【公共】敌对最大目标数，0=不限 | AP6: 【公共】是否包含施法者自身 | AQ6: 【公共】目标选取优先级 | AR6: 【圆形】半径 | AS6: 【扇形】半径 | AT6: 【扇形】角度（上限180） | AU6: 【线形】长度 | AV6: 【线形】宽度 | AW6: 【环形】内圈半径 | AX6: 【环形】外圈半径 | AY6: 伤害类型（仅用于展示，实际伤害类型由效果自身决定） | AZ6: 技能威力基础值 | BA6: 效果1·效果类型：选定后只填带同名前缀【…】的那一段列，其余留空 | BB6: 效果1·【公共】应用目标阵营 | BC6: 效果1·【公共】触发概率（万分比） | BD6: 效果1·【公共】延迟触发(毫秒) | BE6: 效果1·【公共】作用范围：全部候选 / 仅子范围内 / 子范围外，需配子选择器 | BF6: 效果1·【公共】生效血量阈值（万分比）：目标生命低于此值才生效，0=无条件 | BG6: 效果1·【伤害】伤害类型 | BH6: 效果1·【伤害】万分比伤害系数 | BI6: 效果1·【伤害】固定伤害数值 | BJ6: 效果1·【伤害】是否允许暴击：FALSE=按普通伤害结算，不判暴击 | BK6: 效果1·【伤害】暴击率加成（万分比）：最终暴击率=施法者暴击率+本值−目标免暴击率，限 0～100%；0=不加成 | BL6: 效果1·【伤害】边缘伤害系数（万分比）：10000=不衰减，5000=边缘半伤 | BM6: 效果1·【调用状态】状态ID（buff_config.id） | BN6: 效果1·【治疗】治疗类型 | BO6: 效果1·【治疗】治疗万分比系数 | BP6: 效果1·【治疗】固定治疗值 | BQ6: 效果1·【治疗】是否允许暴击：治疗不暴击，填 FALSE | BR6: 效果1·【治疗】暴击参数：填 0 | BS6: 效果1·【召唤】从属实体ID（owned_entity_config.config_id） | BT6: 效果1·【召唤】出生点 | BU6: 效果1·【召唤】持续时间(毫秒)，0=不限 | BV6: 效果1·【召唤】召唤数量 | BW6: 效果1·【召唤】同类召唤物上限 | BX6: 效果1·【召唤】初始等级 | BY6: 效果1·【召唤】等级上限，0=不限 | BZ6: 效果1·【位移】位移目标单位 | CA6: 效果1·【位移】位移距离 | CB6: 效果1·【位移】位移模式 | CC6: 效果1·【位移】位移方向 | CD6: 效果1·【位移】能否穿越地形 | CE6: 效果1·【位移】位移速度 | CF6: 效果1·【弹道】投射物特效 | CG6: 效果1·【弹道】投射物释放音效 | CH6: 效果1·【弹道】投射物速度 | CI6: 效果1·【弹道】投射物高度 | CJ6: 效果1·【弹道】运行轨迹 | CK6: 效果1·【弹道】投射物总数量 | CL6: 效果1·【弹道】发射波次间隔(毫秒) | CM6: 效果1·【弹道】每次发射数量 | CN6: 效果1·【弹道】射程 | CO6: 效果1·【弹道】命中半径 | CP6: 效果1·【弹道】散布角 | CQ6: 效果1·【弹道】穿透目标数量 | CR6: 效果1·【弹道】命中调用的子技能ID（弹道自身不带伤害） | CS6: 效果1·【弹道】追踪·外飞距离（码）：先直飞多远才开始索敌，0=出膛即索敌 | CT6: 效果1·【弹道】追踪·索敌半径（码）：追踪轨迹必须 >0 | CU6: 效果1·【弹道】追踪·最大转向速度（度/秒）：0=不限 | CV6: 效果1·【弹道】追踪·目标分配：最近 / 分散 / 集火，留空=最近 | CW6: 效果1·【调用技能】被调用神通等级行ID | CX6: 效果2·效果类型：选定后只填带同名前缀【…】的那一段列，其余留空 | CY6: 效果2·【公共】应用目标阵营 | CZ6: 效果2·【公共】触发概率（万分比） | DA6: 效果2·【公共】延迟触发(毫秒) | DB6: 效果2·【公共】作用范围：全部候选 / 仅子范围内 / 子范围外，需配子选择器 | DC6: 效果2·【公共】生效血量阈值（万分比）：目标生命低于此值才生效，0=无条件 | DD6: 效果2·【伤害】伤害类型 | DE6: 效果2·【伤害】万分比伤害系数 | DF6: 效果2·【伤害】固定伤害数值 | DG6: 效果2·【伤害】是否允许暴击：FALSE=按普通伤害结算，不判暴击 | DH6: 效果2·【伤害】暴击率加成（万分比）：最终暴击率=施法者暴击率+本值−目标免暴击率，限 0～100%；0=不加成 | DI6: 效果2·【伤害】边缘伤害系数（万分比）：10000=不衰减，5000=边缘半伤 | DJ6: 效果2·【调用状态】状态ID（buff_config.id） | DK6: 效果2·【治疗】治疗类型 | DL6: 效果2·【治疗】治疗万分比系数 | DM6: 效果2·【治疗】固定治疗值 | DN6: 效果2·【治疗】是否允许暴击：治疗不暴击，填 FALSE | DO6: 效果2·【治疗】暴击参数：填 0 | DP6: 效果2·【召唤】从属实体ID（owned_entity_config.config_id） | DQ6: 效果2·【召唤】出生点 | DR6: 效果2·【召唤】持续时间(毫秒)，0=不限 | DS6: 效果2·【召唤】召唤数量 | DT6: 效果2·【召唤】同类召唤物上限 | DU6: 效果2·【召唤】初始等级 | DV6: 效果2·【召唤】等级上限，0=不限 | DW6: 效果2·【位移】位移目标单位 | DX6: 效果2·【位移】位移距离 | DY6: 效果2·【位移】位移模式 | DZ6: 效果2·【位移】位移方向 | EA6: 效果2·【位移】能否穿越地形 | EB6: 效果2·【位移】位移速度 | EC6: 效果2·【弹道】投射物特效 | ED6: 效果2·【弹道】投射物释放音效 | EE6: 效果2·【弹道】投射物速度 | EF6: 效果2·【弹道】投射物高度 | EG6: 效果2·【弹道】运行轨迹 | EH6: 效果2·【弹道】投射物总数量 | EI6: 效果2·【弹道】发射波次间隔(毫秒) | EJ6: 效果2·【弹道】每次发射数量 | EK6: 效果2·【弹道】射程 | EL6: 效果2·【弹道】命中半径 | EM6: 效果2·【弹道】散布角 | EN6: 效果2·【弹道】穿透目标数量 | EO6: 效果2·【弹道】命中调用的子技能ID（弹道自身不带伤害） | EP6: 效果2·【弹道】追踪·外飞距离（码）：先直飞多远才开始索敌，0=出膛即索敌 | EQ6: 效果2·【弹道】追踪·索敌半径（码）：追踪轨迹必须 >0 | ER6: 效果2·【弹道】追踪·最大转向速度（度/秒）：0=不限 | ES6: 效果2·【弹道】追踪·目标分配：最近 / 分散 / 集火，留空=最近 | ET6: 效果2·【调用技能】被调用神通等级行ID | EU6: 效果3·效果类型：选定后只填带同名前缀【…】的那一段列，其余留空 | EV6: 效果3·【公共】应用目标阵营 | EW6: 效果3·【公共】触发概率（万分比） | EX6: 效果3·【公共】延迟触发(毫秒) | EY6: 效果3·【公共】作用范围：全部候选 / 仅子范围内 / 子范围外，需配子选择器 | EZ6: 效果3·【公共】生效血量阈值（万分比）：目标生命低于此值才生效，0=无条件 | FA6: 效果3·【伤害】伤害类型 | FB6: 效果3·【伤害】万分比伤害系数 | FC6: 效果3·【伤害】固定伤害数值 | FD6: 效果3·【伤害】是否允许暴击：FALSE=按普通伤害结算，不判暴击 | FE6: 效果3·【伤害】暴击率加成（万分比）：最终暴击率=施法者暴击率+本值−目标免暴击率，限 0～100%；0=不加成 | FF6: 效果3·【伤害】边缘伤害系数（万分比）：10000=不衰减，5000=边缘半伤 | FG6: 效果3·【调用状态】状态ID（buff_config.id） | FH6: 效果3·【治疗】治疗类型 | FI6: 效果3·【治疗】治疗万分比系数 | FJ6: 效果3·【治疗】固定治疗值 | FK6: 效果3·【治疗】是否允许暴击：治疗不暴击，填 FALSE | FL6: 效果3·【治疗】暴击参数：填 0 | FM6: 效果3·【召唤】从属实体ID（owned_entity_config.config_id） | FN6: 效果3·【召唤】出生点 | FO6: 效果3·【召唤】持续时间(毫秒)，0=不限 | FP6: 效果3·【召唤】召唤数量 | FQ6: 效果3·【召唤】同类召唤物上限 | FR6: 效果3·【召唤】初始等级 | FS6: 效果3·【召唤】等级上限，0=不限 | FT6: 效果3·【位移】位移目标单位 | FU6: 效果3·【位移】位移距离 | FV6: 效果3·【位移】位移模式 | FW6: 效果3·【位移】位移方向 | FX6: 效果3·【位移】能否穿越地形 | FY6: 效果3·【位移】位移速度 | FZ6: 效果3·【弹道】投射物特效 | GA6: 效果3·【弹道】投射物释放音效 | GB6: 效果3·【弹道】投射物速度 | GC6: 效果3·【弹道】投射物高度 | GD6: 效果3·【弹道】运行轨迹 | GE6: 效果3·【弹道】投射物总数量 | GF6: 效果3·【弹道】发射波次间隔(毫秒) | GG6: 效果3·【弹道】每次发射数量 | GH6: 效果3·【弹道】射程 | GI6: 效果3·【弹道】命中半径 | GJ6: 效果3·【弹道】散布角 | GK6: 效果3·【弹道】穿透目标数量 | GL6: 效果3·【弹道】命中调用的子技能ID（弹道自身不带伤害） | GM6: 效果3·【弹道】追踪·外飞距离（码）：先直飞多远才开始索敌，0=出膛即索敌 | GN6: 效果3·【弹道】追踪·索敌半径（码）：追踪轨迹必须 >0 | GO6: 效果3·【弹道】追踪·最大转向速度（度/秒）：0=不限 | GP6: 效果3·【弹道】追踪·目标分配：最近 / 分散 / 集火，留空=最近 | GQ6: 效果3·【调用技能】被调用神通等级行ID | GR6: 前摇时长(毫秒) | GS6: 后摇时长(毫秒) | GT6: 施法动作名称 | GU6: 施法特效ID（effect_config.id，0=不播） | GV6: 施法点特效路径 | GW6: 怪物受击特效路径 | GX6: 是否停止移动 | GY6: 冷却时间(毫秒) | GZ6: 禁止冷却缩减 | HA6: 最大充能层数 | HB6: 单层充能恢复时间(毫秒) | HC6: 引导时长(毫秒) | HD6: 引导结算间隔(毫秒) | HE6: 引导时移动是否中断 | HF6: 受击硬直时间(毫秒) | HG6: 施法音效ID（sound_config.id，0=不播） | HH6: 命中音效路径（命中帧在施法者身上播放） | HI6: 被动触发事件类型 | HJ6: 被动触发条件技能ID | HK6: 被动内置冷却(毫秒) | HL6: 基准境界 | HM6: 被动血量阈值(万分比) | HN6: 是否普攻
B7: {=10000000+INDEX(编号表!$B$1:$B$112,MATCH(D7,编号表!$A$1:$A$112,0))*10000+I7} -> 10010001 | C7: 青萍剑诀 | D7: 青萍剑诀 | E7: 人道 | F7: 剑道 | G7: FALSE | H7: FALSE | I7: 1 | J7: =LEFT(B7,6) -> 100100 | K7: 凡品 | M7: =B8 -> 10010002 | N7: 剑出青萍，疾刺目标，造成物理伤害。剑道诸式皆由此起。 | O7: 10202000 | P7: 0 | Q7: 0 | R7: 1 | T7: 100 | V7: 500 | W7: 500 | X7: 单位 | Y7: 单体 | Z7: 敌对 | AA7: 0 | AB7: 1 | AC7: 0 | AD7: 最近 | AY7: 物理 | AZ7: 10000 | BA7: 技能效果_伤害 | BB7: 敌对 | BC7: 10000 | BD7: 0 | BE7: 全部 | BF7: 0 | BG7: 0 | BH7: 10000 | BI7: 3 | BJ7: TRUE | BK7: 0 | BL7: 10000 | GR7: 200 | GS7: 400 | GT7: Attack One | GU7: 30046 | GX7: 1 | GZ7: 0 | HA7: 0 | HB7: 0 | HC7: 0 | HD7: 0 | HE7: FALSE | HG7: 10001 | HI7: 无 | HJ7: 0 | HK7: 0 | HL7: 0
B8: {=10000000+INDEX(编号表!$B$1:$B$112,MATCH(D8,编号表!$A$1:$A$112,0))*10000+I8} -> 10010002 | C8: 青萍剑诀 | D8: 青萍剑诀 | E8: 人道 | F8: 剑道 | G8: FALSE | H8: FALSE | I8: 2 | J8: =LEFT(B8,6) -> 100100 | K8: 凡品 | L8: =B7 -> 10010001 | M8: =B9 -> 10010003 | N8: 剑出青萍，疾刺目标，造成物理伤害。剑道诸式皆由此起。 | O8: 10202000 | P8: 0 | Q8: 1 | R8: 7 | T8: 100 | V8: 500 | W8: 500 | X8: 单位 | Y8: 单体 | Z8: 敌对 | AA8: 0 | AB8: 1 | AC8: 0 | AD8: 最近 | AY8: 物理 | AZ8: 10400 | BA8: 技能效果_伤害 | BB8: 敌对 | BC8: 10000 | BD8: 0 | BE8: 全部 | BF8: 0 | BG8: 0 | BH8: 10000 | BI8: 4 | BJ8: TRUE | BK8: 0 | BL8: 10000 | GR8: 200 | GS8: 400 | GT8: Attack One | GU8: 30046 | GX8: 1 | GZ8: 0 | HA8: 0 | HB8: 0 | HC8: 0 | HD8: 0 | HE8: FALSE | HG8: 10001 | HI8: 无 | HJ8: 0 | HK8: 0 | HL8: 0
B9: {=10000000+INDEX(编号表!$B$1:$B$112,MATCH(D9,编号表!$A$1:$A$112,0))*10000+I9} -> 10010003 | C9: 青萍剑诀 | D9: 青萍剑诀 | E9: 人道 | F9: 剑道 | G9: FALSE | H9: FALSE | I9: 3 | J9: =LEFT(B9,6) -> 100100 | K9: 凡品 | L9: =B8 -> 10010002 | M9: =B10 -> 10010004 | N9: 剑出青萍，疾刺目标，造成物理伤害。剑道诸式皆由此起。 | O9: 10202000 | P9: 0 | Q9: 2 | R9: 11 | T9: 100 | V9: 500 | W9: 500 | X9: 单位 | Y9: 单体 | Z9: 敌对 | AA9: 0 | AB9: 1 | AC9: 0 | AD9: 最近 | AY9: 物理 | AZ9: 10800 | BA9: 技能效果_伤害 | BB9: 敌对 | BC9: 10000 | BD9: 0 | BE9: 全部 | BF9: 0 | BG9: 0 | BH9: 10000 | BI9: 5 | BJ9: TRUE | BK9: 0 | BL9: 10000 | GR9: 200 | GS9: 400 | GT9: Attack One | GU9: 30046 | GX9: 1 | GZ9: 0 | HA9: 0 | HB9: 0 | HC9: 0 | HD9: 0 | HE9: FALSE | HG9: 10001 | HI9: 无 | HJ9: 0 | HK9: 0 | HL9: 0
B10: {=10000000+INDEX(编号表!$B$1:$B$112,MATCH(D10,编号表!$A$1:$A$112,0))*10000+I10} -> 10010004 | C10: 青萍剑诀 | D10: 青萍剑诀 | E10: 人道 | F10: 剑道 | G10: FALSE | H10: FALSE | I10: 4 | J10: =LEFT(B10,6) -> 100100 | K10: 凡品 | L10: =B9 -> 10010003 | M10: =B11 -> 10010005 | N10: 剑出青萍，疾刺目标，造成物理伤害。剑道诸式皆由此起。 | O10: 10202000 | P10: 0 | Q10: 3 | R10: 16 | T10: 100 | V10: 500 | W10: 500 | X10: 单位 | Y10: 单体 | Z10: 敌对 | AA10: 0 | AB10: 1 | AC10: 0 | AD10: 最近 | AY10: 物理 | AZ10: 11200 | BA10: 技能效果_伤害 | BB10: 敌对 | BC10: 10000 | BD10: 0 | BE10: 全部 | BF10: 0 | BG10: 0 | BH10: 10000 | BI10: 6 | BJ10: TRUE | BK10: 0 | BL10: 10000 | GR10: 200 | GS10: 400 | GT10: Attack One | GU10: 30046 | GX10: 1 | GZ10: 0 | HA10: 0 | HB10: 0 | HC10: 0 | HD10: 0 | HE10: FALSE | HG10: 10001 | HI10: 无 | HJ10: 0 | HK10: 0 | HL10: 0
B11: {=10000000+INDEX(编号表!$B$1:$B$112,MATCH(D11,编号表!$A$1:$A$112,0))*10000+I11} -> 10010005 | C11: 青萍剑诀 | D11: 青萍剑诀 | E11: 人道 | F11: 剑道 | G11: FALSE | H11: FALSE | I11: 5 | J11: =LEFT(B11,6) -> 100100 | K11: 凡品 | L11: =B10 -> 10010004 | M11: =B12 -> 10010006 | N11: 剑出青萍，疾刺目标，造成物理伤害。剑道诸式皆由此起。 | O11: 10202000 | P11: 0 | Q11: 3 | R11: 25 | T11: 100 | V11: 500 | W11: 500 | X11: 单位 | Y11: 单体 | Z11: 敌对 | AA11: 0 | AB11: 1 | AC11: 0 | AD11: 最近 | AY11: 物理 | AZ11: 11300 | BA11: 技能效果_伤害 | BB11: 敌对 | BC11: 10000 | BD11: 0 | BE11: 全部 | BF11: 0 | BG11: 0 | BH11: 10000 | BI11: 6 | BJ11: TRUE | BK11: 0 | BL11: 10000 | GR11: 200 | GS11: 400 | GT11: Attack One | GU11: 30046 | GX11: 1 | GZ11: 0 | HA11: 0 | HB11: 0 | HC11: 0 | HD11: 0 | HE11: FALSE | HG11: 10001 | HI11: 无 | HJ11: 0 | HK11: 0 | HL11: 0
B12: {=10000000+INDEX(编号表!$B$1:$B$112,MATCH(D12,编号表!$A$1:$A$112,0))*10000+I12} -> 10010006 | C12: 青萍剑诀 | D12: 青萍剑诀 | E12: 人道 | F12: 剑道 | G12: FALSE | H12: FALSE | I12: 6 | J12: =LEFT(B12,6) -> 100100 | K12: 凡品 | L12: =B11 -> 10010005 | M12: =B13 -> 10010007 | N12: 剑出青萍，疾刺目标，造成物理伤害。剑道诸式皆由此起。 | O12: 10202000 | P12: 0 | Q12: 3 | R12: 30 | T12: 100 | V12: 500 | W12: 500 | X12: 单位 | Y12: 单体 | Z12: 敌对 | AA12: 0 | AB12: 1 | AC12: 0 | AD12: 最近 | AY12: 物理 | AZ12: 11600 | BA12: 技能效果_伤害 | BB12: 敌对 | BC12: 10000 | BD12: 0 | BE12: 全部 | BF12: 0 | BG12: 0 | BH12: 10000 | BI12: 7 | BJ12: TRUE | BK12: 0 | BL12: 10000 | GR12: 200 | GS12: 400 | GT12: Attack One | GU12: 30046 | GX12: 1 | GZ12: 0 | HA12: 0 | HB12: 0 | HC12: 0 | HD12: 0 | HE12: FALSE | HG12: 10001 | HI12: 无 | HJ12: 0 | HK12: 0 | HL12: 0
B13: {=10000000+INDEX(编号表!$B$1:$B$112,MATCH(D13,编号表!$A$1:$A$112,0))*10000+I13} -> 10010007 | C13: 青萍剑诀 | D13: 青萍剑诀 | E13: 人道 | F13: 剑道 | G13: FALSE | H13: FALSE | I13: 7 | J13: =LEFT(B13,6) -> 100100 | K13: 凡品 | L13: =B12 -> 10010006 | M13: =B14 -> 10010008 | N13: 剑出青萍，疾刺目标，造成物理伤害。剑道诸式皆由此起。 | O13: 10202000 | P13: 0 | Q13: 3 | R13: 35 | T13: 100 | V13: 500 | W13: 500 | X13: 单位 | Y13: 单体 | Z13: 敌对 | AA13: 0 | AB13: 1 | AC13: 0 | AD13: 最近 | AY13: 物理 | AZ13: 11700 | BA13: 技能效果_伤害 | BB13: 敌对 | BC13: 10000 | BD13: 0 | BE13: 全部 | BF13: 0 | BG13: 0 | BH13: 10000 | BI13: 9 | BJ13: TRUE | BK13: 0 | BL13: 10000 | GR13: 200 | GS13: 400 | GT13: Attack One | GU13: 30046 | GX13: 1 | GZ13: 0 | HA13: 0 | HB13: 0 | HC13: 0 | HD13: 0 | HE13: FALSE | HG13: 10001 | HI13: 无 | HJ13: 0 | HK13: 0 | HL13: 0
B14: {=10000000+INDEX(编号表!$B$1:$B$112,MATCH(D14,编号表!$A$1:$A$112,0))*10000+I14} -> 10010008 | C14: 青萍剑诀 | D14: 青萍剑诀 | E14: 人道 | F14: 剑道 | G14: FALSE | H14: FALSE | I14: 8 | J14: =LEFT(B14,6) -> 100100 | K14: 凡品 | L14: =B13 -> 10010007 | M14: =B15 -> 10010009 | N14: 剑出青萍，疾刺目标，造成物理伤害。剑道诸式皆由此起。 | O14: 10202000 | P14: 0 | Q14: 3 | R14: 35 | T14: 100 | V14: 500 | W14: 500 | X14: 单位 | Y14: 单体 | Z14: 敌对 | AA14: 0 | AB14: 1 | AC14: 0 | AD14: 最近 | AY14: 物理 | AZ14: 11800 | BA14: 技能效果_伤害 | BB14: 敌对 | BC14: 10000 | BD14: 0 | BE14: 全部 | BF14: 0 | BG14: 0 | BH14: 10000 | BI14: 10 | BJ14: TRUE | BK14: 0 | BL14: 10000 | GR14: 200 | GS14: 400 | GT14: Attack One | GU14: 30046 | GX14: 1 | GZ14: 0 | HA14: 0 | HB14: 0 | HC14: 0 | HD14: 0 | HE14: FALSE | HG14: 10001 | HI14: 无 | HJ14: 0 | HK14: 0 | HL14: 0
B15: {=10000000+INDEX(编号表!$B$1:$B$112,MATCH(D15,编号表!$A$1:$A$112,0))*10000+I15} -> 10010009 | C15: 青萍剑诀 | D15: 青萍剑诀 | E15: 人道 | F15: 剑道 | G15: FALSE | H15: FALSE | I15: 9 | J15: =LEFT(B15,6) -> 100100 | K15: 凡品 | L15: =B14 -> 10010008 | M15: =B16 -> 10010010 | N15: 剑出青萍，疾刺目标，造成物理伤害。剑道诸式皆由此起。 | O15: 10202000 | P15: 0 | Q15: 3 | R15: 40 | T15: 100 | V15: 500 | W15: 500 | X15: 单位 | Y15: 单体 | Z15: 敌对 | AA15: 0 | AB15: 1 | AC15: 0 | AD15: 最近 | AY15: 物理 | AZ15: 11900 | BA15: 技能效果_伤害 | BB15: 敌对 | BC15: 10000 | BD15: 0 | BE15: 全部 | BF15: 0 | BG15: 0 | BH15: 10000 | BI15: 12 | BJ15: TRUE | BK15: 0 | BL15: 10000 | GR15: 200 | GS15: 400 | GT15: Attack One | GU15: 30046 | GX15: 1 | GZ15: 0 | HA15: 0 | HB15: 0 | HC15: 0 | HD15: 0 | HE15: FALSE | HG15: 10001 | HI15: 无 | HJ15: 0 | HK15: 0 | HL15: 0
B16: {=10000000+INDEX(编号表!$B$1:$B$112,MATCH(D16,编号表!$A$1:$A$112,0))*10000+I16} -> 10010010 | C16: 青萍剑诀 | D16: 青萍剑诀 | E16: 人道 | F16: 剑道 | G16: FALSE | H16: FALSE | I16: 10 | J16: =LEFT(B16,6) -> 100100 | K16: 凡品 | L16: =B15 -> 10010009 | N16: 剑出青萍，疾刺目标，造成物理伤害。剑道诸式皆由此起。 | O16: 10202000 | P16: 0 | Q16: 3 | R16: 40 | T16: 100 | V16: 500 | W16: 500 | X16: 单位 | Y16: 单体 | Z16: 敌对 | AA16: 0 | AB16: 1 | AC16: 0 | AD16: 最近 | AY16: 物理 | AZ16: 12000 | BA16: 技能效果_伤害 | BB16: 敌对 | BC16: 10000 | BD16: 0 | BE16: 全部 | BF16: 0 | BG16: 0 | BH16: 10000 | BI16: 15 | BJ16: TRUE | BK16: 0 | BL16: 10000 | GR16: 200 | GS16: 400 | GT16: Attack One | GU16: 30046 | GX16: 1 | GZ16: 0 | HA16: 0 | HB16: 0 | HC16: 0 | HD16: 0 | HE16: FALSE | HG16: 10001 | HI16: 无 | HJ16: 0 | HK16: 0 | HL16: 0
B17: {=10000000+INDEX(编号表!$B$1:$B$112,MATCH(D17,编号表!$A$1:$A$112,0))*10000+I17} -> 10020001 | C17: 玄门伏虎击 | D17: 玄门伏虎击 | E17: 人道 | F17: 炼体 | G17: FALSE | H17: FALSE | I17: 1 | J17: =LEFT(B17,6) -> 100200 | K17: 凡品 | L17: 0 | M17: 10020002 | N17: 凝聚近身劲力向目标发动一击，造成物理伤害。 | O17: 10202001 | P17: 0 | Q17: 0 | R17: 1 | S17: 0 | T17: 100 | U17: 施放本神通 | V17: 200 | W17: 500 | X17: 单位 | Y17: 单体 | Z17: 敌对 | AA17: 0 | AB17: 1 | AC17: FALSE | AD17: 最近 | AY17: 物理 | AZ17: 10000 | BA17: 技能效果_伤害 | BB17: 敌对 | BC17: 10000 | BD17: 0 | BE17: 全部 | BF17: 0 | BG17: 物理 | BH17: 10000 | BI17: 3 | BJ17: TRUE | BK17: 0 | BL17: 10000 | GR17: 200 | GS17: 400 | GT17: Attack One | GU17: 30043 | GV17: 340 | GW17: 340 | GX17: TRUE | GY17: 1200 | GZ17: FALSE | HA17: 0 | HB17: 0 | HC17: 0 | HD17: 0 | HE17: FALSE | HF17: 0 | HG17: 10001 | HH17: 340 | HI17: 无 | HJ17: 0 | HK17: 0 | HL17: 0 | HM17: 0 | HN17: FALSE
B18: {=10000000+INDEX(编号表!$B$1:$B$112,MATCH(D18,编号表!$A$1:$A$112,0))*10000+I18} -> 10020002 | C18: 玄门伏虎击 | D18: 玄门伏虎击 | E18: 人道 | F18: 炼体 | G18: FALSE | H18: FALSE | I18: 2 | J18: =LEFT(B18,6) -> 100200 | K18: 凡品 | L18: =B17 -> 10020001 | M18: =B19 -> 10020003 | N18: 凝聚近身劲力向目标发动一击，造成物理伤害。 | O18: 10202001 | P18: 0 | Q18: 1 | R18: 7 | S18: 0 | T18: 100 | U18: 施放本神通 | V18: 200 | W18: 500 | X18: 单位 | Y18: 单体 | Z18: 敌对 | AA18: 0 | AB18: 1 | AC18: FALSE | AD18: 最近 | AY18: 物理 | AZ18: 10400 | BA18: 技能效果_伤害 | BB18: 敌对 | BC18: 10000 | BD18: 0 | BE18: 全部 | BF18: 0 | BG18: 物理 | BH18: 10000 | BI18: 4 | BJ18: TRUE | BK18: 0 | BL18: 10000 | GR18: 200 | GS18: 400 | GT18: Attack One | GU18: 30043 | GV18: 340 | GW18: 340 | GX18: TRUE | GY18: 1200 | GZ18: FALSE | HA18: 0 | HB18: 0 | HC18: 0 | HD18: 0 | HE18: FALSE | HF18: 0 | HG18: 10001 | HH18: 340 | HI18: 无 | HJ18: 0 | HK18: 0 | HL18: 0 | HM18: 0 | HN18: FALSE
B19: {=10000000+INDEX(编号表!$B$1:$B$112,MATCH(D19,编号表!$A$1:$A$112,0))*10000+I19} -> 10020003 | C19: 玄门伏虎击 | D19: 玄门伏虎击 | E19: 人道 | F19: 炼体 | G19: FALSE | H19: FALSE | I19: 3 | J19: =LEFT(B19,6) -> 100200 | K19: 凡品 | L19: =B18 -> 10020002 | M19: =B20 -> 10020004 | N19: 凝聚近身劲力向目标发动一击，造成物理伤害。 | O19: 10202001 | P19: 0 | Q19: 2 | R19: 11 | S19: 0 | T19: 100 | U19: 施放本神通 | V19: 200 | W19: 500 | X19: 单位 | Y19: 单体 | Z19: 敌对 | AA19: 0 | AB19: 1 | AC19: FALSE | AD19: 最近 | AY19: 物理 | AZ19: 10800 | BA19: 技能效果_伤害 | BB19: 敌对 | BC19: 10000 | BD19: 0 | BE19: 全部 | BF19: 0 | BG19: 物理 | BH19: 10000 | BI19: 5 | BJ19: TRUE | BK19: 0 | BL19: 10000 | GR19: 200 | GS19: 400 | GT19: Attack One | GU19: 30043 | GV19: 340 | GW19: 340 | GX19: TRUE | GY19: 1200 | GZ19: FALSE | HA19: 0 | HB19: 0 | HC19: 0 | HD19: 0 | HE19: FALSE | HF19: 0 | HG19: 10001 | HH19: 340 | HI19: 无 | HJ19: 0 | HK19: 0 | HL19: 0 | HM19: 0 | HN19: FALSE
B20: {=10000000+INDEX(编号表!$B$1:$B$112,MATCH(D20,编号表!$A$1:$A$112,0))*10000+I20} -> 10020004 | C20: 玄门伏虎击 | D20: 玄门伏虎击 | E20: 人道 | F20: 炼体 | G20: FALSE | H20: FALSE | I20: 4 | J20: =LEFT(B20,6) -> 100200 | K20: 凡品 | L20: =B19 -> 10020003 | M20: =B21 -> 10020005 | N20: 凝聚近身劲力向目标发动一击，造成物理伤害。 | O20: 10202001 | P20: 0 | Q20: 3 | R20: 16 | S20: 0 | T20: 100 | U20: 施放本神通 | V20: 200 | W20: 500 | X20: 单位 | Y20: 单体 | Z20: 敌对 | AA20: 0 | AB20: 1 | AC20: FALSE | AD20: 最近 | AY20: 物理 | AZ20: 11200 | BA20: 技能效果_伤害 | BB20: 敌对 | BC20: 10000 | BD20: 0 | BE20: 全部 | BF20: 0 | BG20: 物理 | BH20: 10000 | BI20: 6 | BJ20: TRUE | BK20: 0 | BL20: 10000 | GR20: 200 | GS20: 400 | GT20: Attack One | GU20: 30043 | GV20: 340 | GW20: 340 | GX20: TRUE | GY20: 1200 | GZ20: FALSE | HA20: 0 | HB20: 0 | HC20: 0 | HD20: 0 | HE20: FALSE | HF20: 0 | HG20: 10001 | HH20: 340 | HI20: 无 | HJ20: 0 | HK20: 0 | HL20: 0 | HM20: 0 | HN20: FALSE
B21: {=10000000+INDEX(编号表!$B$1:$B$112,MATCH(D21,编号表!$A$1:$A$112,0))*10000+I21} -> 10020005 | C21: 玄门伏虎击 | D21: 玄门伏虎击 | E21: 人道 | F21: 炼体 | G21: FALSE | H21: FALSE | I21: 5 | J21: =LEFT(B21,6) -> 100200 | K21: 凡品 | L21: =B20 -> 10020004 | M21: =B22 -> 10020006 | N21: 凝聚近身劲力向目标发动一击，造成物理伤害。 | O21: 10202001 | P21: 0 | Q21: 3 | R21: 25 | S21: 0 | T21: 100 | U21: 施放本神通 | V21: 200 | W21: 500 | X21: 单位 | Y21: 单体 | Z21: 敌对 | AA21: 0 | AB21: 1 | AC21: FALSE | AD21: 最近 | AY21: 物理 | AZ21: 11300 | BA21: 技能效果_伤害 | BB21: 敌对 | BC21: 10000 | BD21: 0 | BE21: 全部 | BF21: 0 | BG21: 物理 | BH21: 10000 | BI21: 6 | BJ21: TRUE | BK21: 0 | BL21: 10000 | GR21: 200 | GS21: 400 | GT21: Attack One | GU21: 30043 | GV21: 340 | GW21: 340 | GX21: TRUE | GY21: 1200 | GZ21: FALSE | HA21: 0 | HB21: 0 | HC21: 0 | HD21: 0 | HE21: FALSE | HF21: 0 | HG21: 10001 | HH21: 340 | HI21: 无 | HJ21: 0 | HK21: 0 | HL21: 0 | HM21: 0 | HN21: FALSE
B22: {=10000000+INDEX(编号表!$B$1:$B$112,MATCH(D22,编号表!$A$1:$A$112,0))*10000+I22} -> 10020006 | C22: 玄门伏虎击 | D22: 玄门伏虎击 | E22: 人道 | F22: 炼体 | G22: FALSE | H22: FALSE | I22: 6 | J22: =LEFT(B22,6) -> 100200 | K22: 凡品 | L22: =B21 -> 10020005 | M22: =B23 -> 10020007 | N22: 凝聚近身劲力向目标发动一击，造成物理伤害。 | O22: 10202001 | P22: 0 | Q22: 3 | R22: 30 | S22: 0 | T22: 100 | U22: 施放本神通 | V22: 200 | W22: 500 | X22: 单位 | Y22: 单体 | Z22: 敌对 | AA22: 0 | AB22: 1 | AC22: FALSE | AD22: 最近 | AY22: 物理 | AZ22: 11600 | BA22: 技能效果_伤害 | BB22: 敌对 | BC22: 10000 | BD22: 0 | BE22: 全部 | BF22: 0 | BG22: 物理 | BH22: 10000 | BI22: 7 | BJ22: TRUE | BK22: 0 | BL22: 10000 | GR22: 200 | GS22: 400 | GT22: Attack One | GU22: 30043 | GV22: 340 | GW22: 340 | GX22: TRUE | GY22: 1200 | GZ22: FALSE | HA22: 0 | HB22: 0 | HC22: 0 | HD22: 0 | HE22: FALSE | HF22: 0 | HG22: 10001 | HH22: 340 | HI22: 无 | HJ22: 0 | HK22: 0 | HL22: 0 | HM22: 0 | HN22: FALSE
B23: {=10000000+INDEX(编号表!$B$1:$B$112,MATCH(D23,编号表!$A$1:$A$112,0))*10000+I23} -> 10020007 | C23: 玄门伏虎击 | D23: 玄门伏虎击 | E23: 人道 | F23: 炼体 | G23: FALSE | H23: FALSE | I23: 7 | J23: =LEFT(B23,6) -> 100200 | K23: 凡品 | L23: =B22 -> 10020006 | M23: =B24 -> 10020008 | N23: 凝聚近身劲力向目标发动一击，造成物理伤害。 | O23: 10202001 | P23: 0 | Q23: 3 | R23: 35 | S23: 0 | T23: 100 | U23: 施放本神通 | V23: 200 | W23: 500 | X23: 单位 | Y23: 单体 | Z23: 敌对 | AA23: 0 | AB23: 1 | AC23: FALSE | AD23: 最近 | AY23: 物理 | AZ23: 11700 | BA23: 技能效果_伤害 | BB23: 敌对 | BC23: 10000 | BD23: 0 | BE23: 全部 | BF23: 0 | BG23: 物理 | BH23: 10000 | BI23: 9 | BJ23: TRUE | BK23: 0 | BL23: 10000 | GR23: 200 | GS23: 400 | GT23: Attack One | GU23: 30043 | GV23: 340 | GW23: 340 | GX23: TRUE | GY23: 1200 | GZ23: FALSE | HA23: 0 | HB23: 0 | HC23: 0 | HD23: 0 | HE23: FALSE | HF23: 0 | HG23: 10001 | HH23: 340 | HI23: 无 | HJ23: 0 | HK23: 0 | HL23: 0 | HM23: 0 | HN23: FALSE
B24: {=10000000+INDEX(编号表!$B$1:$B$112,MATCH(D24,编号表!$A$1:$A$112,0))*10000+I24} -> 10020008 | C24: 玄门伏虎击 | D24: 玄门伏虎击 | E24: 人道 | F24: 炼体 | G24: FALSE | H24: FALSE | I24: 8 | J24: =LEFT(B24,6) -> 100200 | K24: 凡品 | L24: =B23 -> 10020007 | M24: =B25 -> 10020009 | N24: 凝聚近身劲力向目标发动一击，造成物理伤害。 | O24: 10202001 | P24: 0 | Q24: 3 | R24: 35 | S24: 0 | T24: 100 | U24: 施放本神通 | V24: 200 | W24: 500 | X24: 单位 | Y24: 单体 | Z24: 敌对 | AA24: 0 | AB24: 1 | AC24: FALSE | AD24: 最近 | AY24: 物理 | AZ24: 11800 | BA24: 技能效果_伤害 | BB24: 敌对 | BC24: 10000 | BD24: 0 | BE24: 全部 | BF24: 0 | BG24: 物理 | BH24: 10000 | BI24: 10 | BJ24: TRUE | BK24: 0 | BL24: 10000 | GR24: 200 | GS24: 400 | GT24: Attack One | GU24: 30043 | GV24: 340 | GW24: 340 | GX24: TRUE | GY24: 1200 | GZ24: FALSE | HA24: 0 | HB24: 0 | HC24: 0 | HD24: 0 | HE24: FALSE | HF24: 0 | HG24: 10001 | HH24: 340 | HI24: 无 | HJ24: 0 | HK24: 0 | HL24: 0 | HM24: 0 | HN24: FALSE
B25: {=10000000+INDEX(编号表!$B$1:$B$112,MATCH(D25,编号表!$A$1:$A$112,0))*10000+I25} -> 10020009 | C25: 玄门伏虎击 | D25: 玄门伏虎击 | E25: 人道 | F25: 炼体 | G25: FALSE | H25: FALSE | I25: 9 | J25: =LEFT(B25,6) -> 100200 | K25: 凡品 | L25: =B24 -> 10020008 | M25: =B26 -> 10020010 | N25: 凝聚近身劲力向目标发动一击，造成物理伤害。 | O25: 10202001 | P25: 0 | Q25: 3 | R25: 40 | S25: 0 | T25: 100 | U25: 施放本神通 | V25: 200 | W25: 500 | X25: 单位 | Y25: 单体 | Z25: 敌对 | AA25: 0 | AB25: 1 | AC25: FALSE | AD25: 最近 | AY25: 物理 | AZ25: 11900 | BA25: 技能效果_伤害 | BB25: 敌对 | BC25: 10000 | BD25: 0 | BE25: 全部 | BF25: 0 | BG25: 物理 | BH25: 10000 | BI25: 12 | BJ25: TRUE | BK25: 0 | BL25: 10000 | GR25: 200 | GS25: 400 | GT25: Attack One | GU25: 30043 | GV25: 340 | GW25: 340 | GX25: TRUE | GY25: 1200 | GZ25: FALSE | HA25: 0 | HB25: 0 | HC25: 0 | HD25: 0 | HE25: FALSE | HF25: 0 | HG25: 10001 | HH25: 340 | HI25: 无 | HJ25: 0 | HK25: 0 | HL25: 0 | HM25: 0 | HN25: FALSE
B26: {=10000000+INDEX(编号表!$B$1:$B$112,MATCH(D26,编号表!$A$1:$A$112,0))*10000+I26} -> 10020010 | C26: 玄门伏虎击 | D26: 玄门伏虎击 | E26: 人道 | F26: 炼体 | G26: FALSE | H26: FALSE | I26: 10 | J26: =LEFT(B26,6) -> 100200 | K26: 凡品 | L26: =B25 -> 10020009 | M26: 0 | N26: 凝聚近身劲力向目标发动一击，造成物理伤害。 | O26: 10202001 | P26: 0 | Q26: 3 | R26: 40 | S26: 0 | T26: 0 | U26: 施放本神通 | V26: 200 | W26: 500 | X26: 单位 | Y26: 单体 | Z26: 敌对 | AA26: 0 | AB26: 1 | AC26: FALSE | AD26: 最近 | AY26: 物理 | AZ26: 12000 | BA26: 技能效果_伤害 | BB26: 敌对 | BC26: 10000 | BD26: 0 | BE26: 全部 | BF26: 0 | BG26: 物理 | BH26: 10000 | BI26: 15 | BJ26: TRUE | BK26: 0 | BL26: 10000 | GR26: 200 | GS26: 400 | GT26: Attack One | GU26: 30043 | GV26: 340 | GW26: 340 | GX26: TRUE | GY26: 1200 | GZ26: FALSE | HA26: 0 | HB26: 0 | HC26: 0 | HD26: 0 | HE26: FALSE | HF26: 0 | HG26: 10001 | HH26: 340 | HI26: 无 | HJ26: 0 | HK26: 0 | HL26: 0 | HM26: 0 | HN26: FALSE
B27: {=10000000+INDEX(编号表!$B$1:$B$112,MATCH(D27,编号表!$A$1:$A$112,0))*10000+I27} -> 10030001 | C27: 太白藏锋斩 | D27: 太白藏锋斩 | E27: 人道 | F27: 炼体 | G27: FALSE | H27: FALSE | I27: 1 | J27: =LEFT(B27,6) -> 100300 | K27: 凡品 | L27: 0 | M27: =B28 -> 10030002 | N27: 藏锋蓄势，拔刃横扫前方扇形范围，对敌人造成物理伤害。 | O27: 10202002 | P27: 0 | Q27: 0 | R27: 1 | S27: 0 | T27: 100 | U27: 施放本神通 | V27: 0 | W27: 0 | X27: 目标方向 | Y27: 扇形 | Z27: 敌对 | AA27: 0 | AB27: 8 | AC27: FALSE | AD27: 最近 | AF27: 320 | AG27: 80 | AY27: 物理 | AZ27: 10000 | BA27: 技能效果_伤害 | BB27: 敌对 | BC27: 10000 | BD27: 0 | BE27: 全部 | BF27: 0 | BG27: 物理 | BH27: 9000 | BI27: 3 | BJ27: TRUE | BK27: 0 | BL27: 8000 | GR27: 200 | GS27: 400 | GT27: Attack One | GU27: 30057 | GV27: 340 | GW27: 340 | GX27: TRUE | GY27: 2500 | GZ27: FALSE | HA27: 0 | HB27: 0 | HC27: 0 | HD27: 0 | HE27: FALSE | HF27: 0 | HG27: 10001 | HH27: 340 | HI27: 无 | HJ27: 0 | HK27: 0 | HL27: 0 | HM27: 0 | HN27: FALSE
B28: {=10000000+INDEX(编号表!$B$1:$B$112,MATCH(D28,编号表!$A$1:$A$112,0))*10000+I28} -> 10030002 | C28: 太白藏锋斩 | D28: 太白藏锋斩 | E28: 人道 | F28: 炼体 | G28: FALSE | H28: FALSE | I28: 2 | J28: =LEFT(B28,6) -> 100300 | K28: 凡品 | L28: =B27 -> 10030001 | M28: =B29 -> 10030003 | N28: 藏锋蓄势，拔刃横扫前方扇形范围，对敌人造成物理伤害。 | O28: 10202002 | P28: 0 | Q28: 1 | R28: 7 | S28: 0 | T28: 100 | U28: 施放本神通 | V28: 0 | W28: 0 | X28: 目标方向 | Y28: 扇形 | Z28: 敌对 | AA28: 0 | AB28: 8 | AC28: FALSE | AD28: 最近 | AF28: 320 | AG28: 80 | AY28: 物理 | AZ28: 10400 | BA28: 技能效果_伤害 | BB28: 敌对 | BC28: 10000 | BD28: 0 | BE28: 全部 | BF28: 0 | BG28: 物理 | BH28: 9000 | BI28: 4 | BJ28: TRUE | BK28: 0 | BL28: 8000 | GR28: 200 | GS28: 400 | GT28: Attack One | GU28: 30057 | GV28: 340 | GW28: 340 | GX28: TRUE | GY28: 2500 | GZ28: FALSE | HA28: 0 | HB28: 0 | HC28: 0 | HD28: 0 | HE28: FALSE | HF28: 0 | HG28: 10001 | HH28: 340 | HI28: 无 | HJ28: 0 | HK28: 0 | HL28: 0 | HM28: 0 | HN28: FALSE
B29: {=10000000+INDEX(编号表!$B$1:$B$112,MATCH(D29,编号表!$A$1:$A$112,0))*10000+I29} -> 10030003 | C29: 太白藏锋斩 | D29: 太白藏锋斩 | E29: 人道 | F29: 炼体 | G29: FALSE | H29: FALSE | I29: 3 | J29: =LEFT(B29,6) -> 100300 | K29: 凡品 | L29: =B28 -> 10030002 | M29: =B30 -> 10030004 | N29: 藏锋蓄势，拔刃横扫前方扇形范围，对敌人造成物理伤害。 | O29: 10202002 | P29: 0 | Q29: 2 | R29: 11 | S29: 0 | T29: 100 | U29: 施放本神通 | V29: 0 | W29: 0 | X29: 目标方向 | Y29: 扇形 | Z29: 敌对 | AA29: 0 | AB29: 8 | AC29: FALSE | AD29: 最近 | AF29: 320 | AG29: 80 | AY29: 物理 | AZ29: 10800 | BA29: 技能效果_伤害 | BB29: 敌对 | BC29: 10000 | BD29: 0 | BE29: 全部 | BF29: 0 | BG29: 物理 | BH29: 9000 | BI29: 5 | BJ29: TRUE | BK29: 0 | BL29: 8000 | GR29: 200 | GS29: 400 | GT29: Attack One | GU29: 30057 | GV29: 340 | GW29: 340 | GX29: TRUE | GY29: 2500 | GZ29: FALSE | HA29: 0 | HB29: 0 | HC29: 0 | HD29: 0 | HE29: FALSE | HF29: 0 | HG29: 10001 | HH29: 340 | HI29: 无 | HJ29: 0 | HK29: 0 | HL29: 0 | HM29: 0 | HN29: FALSE
B30: {=10000000+INDEX(编号表!$B$1:$B$112,MATCH(D30,编号表!$A$1:$A$112,0))*10000+I30} -> 10030004 | C30: 太白藏锋斩 | D30: 太白藏锋斩 | E30: 人道 | F30: 炼体 | G30: FALSE | H30: FALSE | I30: 4 | J30: =LEFT(B30,6) -> 100300 | K30: 凡品 | L30: =B29 -> 10030003 | M30: =B31 -> 10030005 | N30: 藏锋蓄势，拔刃横扫前方扇形范围，对敌人造成物理伤害。 | O30: 10202002 | P30: 0 | Q30: 3 | R30: 16 | S30: 0 | T30: 100 | U30: 施放本神通 | V30: 0 | W30: 0 | X30: 目标方向 | Y30: 扇形 | Z30: 敌对 | AA30: 0 | AB30: 8 | AC30: FALSE | AD30: 最近 | AF30: 320 | AG30: 80 | AY30: 物理 | AZ30: 11200 | BA30: 技能效果_伤害 | BB30: 敌对 | BC30: 10000 | BD30: 0 | BE30: 全部 | BF30: 0 | BG30: 物理 | BH30: 9000 | BI30: 6 | BJ30: TRUE | BK30: 0 | BL30: 8000 | GR30: 200 | GS30: 400 | GT30: Attack One | GU30: 30057 | GV30: 340 | GW30: 340 | GX30: TRUE | GY30: 2500 | GZ30: FALSE | HA30: 0 | HB30: 0 | HC30: 0 | HD30: 0 | HE30: FALSE | HF30: 0 | HG30: 10001 | HH30: 340 | HI30: 无 | HJ30: 0 | HK30: 0 | HL30: 0 | HM30: 0 | HN30: FALSE
B31: {=10000000+INDEX(编号表!$B$1:$B$112,MATCH(D31,编号表!$A$1:$A$112,0))*10000+I31} -> 10030005 | C31: 太白藏锋斩 | D31: 太白藏锋斩 | E31: 人道 | F31: 炼体 | G31: FALSE | H31: FALSE | I31: 5 | J31: =LEFT(B31,6) -> 100300 | K31: 凡品 | L31: =B30 -> 10030004 | M31: =B32 -> 10030006 | N31: 藏锋蓄势，拔刃横扫前方扇形范围，对敌人造成物理伤害。 | O31: 10202002 | P31: 0 | Q31: 3 | R31: 25 | S31: 0 | T31: 100 | U31: 施放本神通 | V31: 0 | W31: 0 | X31: 目标方向 | Y31: 扇形 | Z31: 敌对 | AA31: 0 | AB31: 8 | AC31: FALSE | AD31: 最近 | AF31: 320 | AG31: 80 | AY31: 物理 | AZ31: 11300 | BA31: 技能效果_伤害 | BB31: 敌对 | BC31: 10000 | BD31: 0 | BE31: 全部 | BF31: 0 | BG31: 物理 | BH31: 9000 | BI31: 6 | BJ31: TRUE | BK31: 0 | BL31: 8000 | GR31: 200 | GS31: 400 | GT31: Attack One | GU31: 30057 | GV31: 340 | GW31: 340 | GX31: TRUE | GY31: 2500 | GZ31: FALSE | HA31: 0 | HB31: 0 | HC31: 0 | HD31: 0 | HE31: FALSE | HF31: 0 | HG31: 10001 | HH31: 340 | HI31: 无 | HJ31: 0 | HK31: 0 | HL31: 0 | HM31: 0 | HN31: FALSE
B32: {=10000000+INDEX(编号表!$B$1:$B$112,MATCH(D32,编号表!$A$1:$A$112,0))*10000+I32} -> 10030006 | C32: 太白藏锋斩 | D32: 太白藏锋斩 | E32: 人道 | F32: 炼体 | G32: FALSE | H32: FALSE | I32: 6 | J32: =LEFT(B32,6) -> 100300 | K32: 凡品 | L32: =B31 -> 10030005 | M32: =B33 -> 10030007 | N32: 藏锋蓄势，拔刃横扫前方扇形范围，对敌人造成物理伤害。 | O32: 10202002 | P32: 0 | Q32: 3 | R32: 30 | S32: 0 | T32: 100 | U32: 施放本神通 | V32: 0 | W32: 0 | X32: 目标方向 | Y32: 扇形 | Z32: 敌对 | AA32: 0 | AB32: 8 | AC32: FALSE | AD32: 最近 | AF32: 320 | AG32: 80 | AY32: 物理 | AZ32: 11600 | BA32: 技能效果_伤害 | BB32: 敌对 | BC32: 10000 | BD32: 0 | BE32: 全部 | BF32: 0 | BG32: 物理 | BH32: 9000 | BI32: 7 | BJ32: TRUE | BK32: 0 | BL32: 8000 | GR32: 200 | GS32: 400 | GT32: Attack One | GU32: 30057 | GV32: 340 | GW32: 340 | GX32: TRUE | GY32: 2500 | GZ32: FALSE | HA32: 0 | HB32: 0 | HC32: 0 | HD32: 0 | HE32: FALSE | HF32: 0 | HG32: 10001 | HH32: 340 | HI32: 无 | HJ32: 0 | HK32: 0 | HL32: 0 | HM32: 0 | HN32: FALSE
B33: {=10000000+INDEX(编号表!$B$1:$B$112,MATCH(D33,编号表!$A$1:$A$112,0))*10000+I33} -> 10030007 | C33: 太白藏锋斩 | D33: 太白藏锋斩 | E33: 人道 | F33: 炼体 | G33: FALSE | H33: FALSE | I33: 7 | J33: =LEFT(B33,6) -> 100300 | K33: 凡品 | L33: =B32 -> 10030006 | M33: =B34 -> 10030008 | N33: 藏锋蓄势，拔刃横扫前方扇形范围，对敌人造成物理伤害。 | O33: 10202002 | P33: 0 | Q33: 3 | R33: 35 | S33: 0 | T33: 100 | U33: 施放本神通 | V33: 0 | W33: 0 | X33: 目标方向 | Y33: 扇形 | Z33: 敌对 | AA33: 0 | AB33: 8 | AC33: FALSE | AD33: 最近 | AF33: 320 | AG33: 80 | AY33: 物理 | AZ33: 11700 | BA33: 技能效果_伤害 | BB33: 敌对 | BC33: 10000 | BD33: 0 | BE33: 全部 | BF33: 0 | BG33: 物理 | BH33: 9000 | BI33: 9 | BJ33: TRUE | BK33: 0 | BL33: 8000 | GR33: 200 | GS33: 400 | GT33: Attack One | GU33: 30057 | GV33: 340 | GW33: 340 | GX33: TRUE | GY33: 2500 | GZ33: FALSE | HA33: 0 | HB33: 0 | HC33: 0 | HD33: 0 | HE33: FALSE | HF33: 0 | HG33: 10001 | HH33: 340 | HI33: 无 | HJ33: 0 | HK33: 0 | HL33: 0 | HM33: 0 | HN33: FALSE
B34: {=10000000+INDEX(编号表!$B$1:$B$112,MATCH(D34,编号表!$A$1:$A$112,0))*10000+I34} -> 10030008 | C34: 太白藏锋斩 | D34: 太白藏锋斩 | E34: 人道 | F34: 炼体 | G34: FALSE | H34: FALSE | I34: 8 | J34: =LEFT(B34,6) -> 100300 | K34: 凡品 | L34: =B33 -> 10030007 | M34: =B35 -> 10030009 | N34: 藏锋蓄势，拔刃横扫前方扇形范围，对敌人造成物理伤害。 | O34: 10202002 | P34: 0 | Q34: 3 | R34: 35 | S34: 0 | T34: 100 | U34: 施放本神通 | V34: 0 | W34: 0 | X34: 目标方向 | Y34: 扇形 | Z34: 敌对 | AA34: 0 | AB34: 8 | AC34: FALSE | AD34: 最近 | AF34: 320 | AG34: 80 | AY34: 物理 | AZ34: 11800 | BA34: 技能效果_伤害 | BB34: 敌对 | BC34: 10000 | BD34: 0 | BE34: 全部 | BF34: 0 | BG34: 物理 | BH34: 9000 | BI34: 10 | BJ34: TRUE | BK34: 0 | BL34: 8000 | GR34: 200 | GS34: 400 | GT34: Attack One | GU34: 30057 | GV34: 340 | GW34: 340 | GX34: TRUE | GY34: 2500 | GZ34: FALSE | HA34: 0 | HB34: 0 | HC34: 0 | HD34: 0 | HE34: FALSE | HF34: 0 | HG34: 10001 | HH34: 340 | HI34: 无 | HJ34: 0 | HK34: 0 | HL34: 0 | HM34: 0 | HN34: FALSE
B35: {=10000000+INDEX(编号表!$B$1:$B$112,MATCH(D35,编号表!$A$1:$A$112,0))*10000+I35} -> 10030009 | C35: 太白藏锋斩 | D35: 太白藏锋斩 | E35: 人道 | F35: 炼体 | G35: FALSE | H35: FALSE | I35: 9 | J35: =LEFT(B35,6) -> 100300 | K35: 凡品 | L35: =B34 -> 10030008 | M35: =B36 -> 10030010 | N35: 藏锋蓄势，拔刃横扫前方扇形范围，对敌人造成物理伤害。 | O35: 10202002 | P35: 0 | Q35: 3 | R35: 40 | S35: 0 | T35: 100 | U35: 施放本神通 | V35: 0 | W35: 0 | X35: 目标方向 | Y35: 扇形 | Z35: 敌对 | AA35: 0 | AB35: 8 | AC35: FALSE | AD35: 最近 | AF35: 320 | AG35: 80 | AY35: 物理 | AZ35: 11900 | BA35: 技能效果_伤害 | BB35: 敌对 | BC35: 10000 | BD35: 0 | BE35: 全部 | BF35: 0 | BG35: 物理 | BH35: 9000 | BI35: 12 | BJ35: TRUE | BK35: 0 | BL35: 8000 | GR35: 200 | GS35: 400 | GT35: Attack One | GU35: 30057 | GV35: 340 | GW35: 340 | GX35: TRUE | GY35: 2500 | GZ35: FALSE | HA35: 0 | HB35: 0 | HC35: 0 | HD35: 0 | HE35: FALSE | HF35: 0 | HG35: 10001 | HH35: 340 | HI35: 无 | HJ35: 0 | HK35: 0 | HL35: 0 | HM35: 0 | HN35: FALSE
B36: {=10000000+INDEX(编号表!$B$1:$B$112,MATCH(D36,编号表!$A$1:$A$112,0))*10000+I36} -> 10030010 | C36: 太白藏锋斩 | D36: 太白藏锋斩 | E36: 人道 | F36: 炼体 | G36: FALSE | H36: FALSE | I36: 10 | J36: =LEFT(B36,6) -> 100300 | K36: 凡品 | L36: =B35 -> 10030009 | M36: 0 | N36: 藏锋蓄势，拔刃横扫前方扇形范围，对敌人造成物理伤害。 | O36: 10202002 | P36: 0 | Q36: 3 | R36: 40 | S36: 0 | T36: 0 | U36: 施放本神通 | V36: 0 | W36: 0 | X36: 目标方向 | Y36: 扇形 | Z36: 敌对 | AA36: 0 | AB36: 8 | AC36: FALSE | AD36: 最近 | AF36: 320 | AG36: 80 | AY36: 物理 | AZ36: 12000 | BA36: 技能效果_伤害 | BB36: 敌对 | BC36: 10000 | BD36: 0 | BE36: 全部 | BF36: 0 | BG36: 物理 | BH36: 9000 | BI36: 15 | BJ36: TRUE | BK36: 0 | BL36: 8000 | GR36: 200 | GS36: 400 | GT36: Attack One | GU36: 30057 | GV36: 340 | GW36: 340 | GX36: TRUE | GY36: 2500 | GZ36: FALSE | HA36: 0 | HB36: 0 | HC36: 0 | HD36: 0 | HE36: FALSE | HF36: 0 | HG36: 10001 | HH36: 340 | HI36: 无 | HJ36: 0 | HK36: 0 | HL36: 0 | HM36: 0 | HN36: FALSE
B37: {=10000000+INDEX(编号表!$B$1:$B$112,MATCH(D37,编号表!$A$1:$A$112,0))*10000+I37} -> 10040001 | C37: 玄罡撼岳劲 | D37: 玄罡撼岳劲 | E37: 人道 | F37: 炼体 | G37: FALSE | H37: FALSE | I37: 1 | J37: 100400 | K37: 凡品 | L37: 0 | M37: 10040002 | N37: 以玄罡重击目标，造成物理伤害并将其击退。 | O37: 10202003 | P37: 0 | Q37: 0 | R37: 1 | S37: 0 | T37: 100 | U37: 施放本神通 | V37: 220 | W37: 500 | X37: 单位 | Y37: 单体 | Z37: 敌对 | AA37: 0 | AB37: 1 | AC37: FALSE | AD37: 最近 | AY37: 物理 | AZ37: 10000 | BA37: 技能效果_伤害 | BB37: 敌对 | BC37: 10000 | BD37: 0 | BE37: 全部 | BF37: 0 | BG37: 物理 | BH37: 10500 | BI37: 3 | BJ37: TRUE | BK37: 0 | BL37: 10000 | CX37: 技能效果_位移 | CY37: 敌对 | CZ37: 10000 | DA37: 0 | DB37: 全部 | DC37: 0 | DW37: 命中者 | DX37: 160 | DY37: 直线 | DZ37: 远离施法者 | EA37: FALSE | EB37: 900 | GR37: 200 | GS37: 400 | GT37: Attack One | GU37: 30047 | GV37: 340 | GW37: 340 | GX37: TRUE | GY37: 3500 | GZ37: FALSE | HA37: 0 | HB37: 0 | HC37: 0 | HD37: 0 | HE37: FALSE | HF37: 0 | HG37: 10001 | HH37: 340 | HI37: 无 | HJ37: 0 | HK37: 0 | HL37: 0 | HM37: 0 | HN37: FALSE
B38: {=10000000+INDEX(编号表!$B$1:$B$112,MATCH(D38,编号表!$A$1:$A$112,0))*10000+I38} -> 10040002 | C38: 玄罡撼岳劲 | D38: 玄罡撼岳劲 | E38: 人道 | F38: 炼体 | G38: FALSE | H38: FALSE | I38: 2 | J38: 100400 | K38: 凡品 | L38: 10040001 | M38: 10040003 | N38: 以玄罡重击目标，造成物理伤害并将其击退。 | O38: 10202003 | P38: 0 | Q38: 1 | R38: 7 | S38: 0 | T38: 100 | U38: 施放本神通 | V38: 220 | W38: 500 | X38: 单位 | Y38: 单体 | Z38: 敌对 | AA38: 0 | AB38: 1 | AC38: FALSE | AD38: 最近 | AY38: 物理 | AZ38: 10400 | BA38: 技能效果_伤害 | BB38: 敌对 | BC38: 10000 | BD38: 0 | BE38: 全部 | BF38: 0 | BG38: 物理 | BH38: 10500 | BI38: 4 | BJ38: TRUE | BK38: 0 | BL38: 10000 | CX38: 技能效果_位移 | CY38: 敌对 | CZ38: 10000 | DA38: 0 | DB38: 全部 | DC38: 0 | DW38: 命中者 | DX38: 160 | DY38: 直线 | DZ38: 远离施法者 | EA38: FALSE | EB38: 900 | GR38: 200 | GS38: 400 | GT38: Attack One | GU38: 30047 | GV38: 340 | GW38: 340 | GX38: TRUE | GY38: 3500 | GZ38: FALSE | HA38: 0 | HB38: 0 | HC38: 0 | HD38: 0 | HE38: FALSE | HF38: 0 | HG38: 10001 | HH38: 340 | HI38: 无 | HJ38: 0 | HK38: 0 | HL38: 0 | HM38: 0 | HN38: FALSE
B39: {=10000000+INDEX(编号表!$B$1:$B$112,MATCH(D39,编号表!$A$1:$A$112,0))*10000+I39} -> 10040003 | C39: 玄罡撼岳劲 | D39: 玄罡撼岳劲 | E39: 人道 | F39: 炼体 | G39: FALSE | H39: FALSE | I39: 3 | J39: 100400 | K39: 凡品 | L39: 10040002 | M39: 10040004 | N39: 以玄罡重击目标，造成物理伤害并将其击退。 | O39: 10202003 | P39: 0 | Q39: 2 | R39: 11 | S39: 0 | T39: 100 | U39: 施放本神通 | V39: 220 | W39: 500 | X39: 单位 | Y39: 单体 | Z39: 敌对 | AA39: 0 | AB39: 1 | AC39: FALSE | AD39: 最近 | AY39: 物理 | AZ39: 10800 | BA39: 技能效果_伤害 | BB39: 敌对 | BC39: 10000 | BD39: 0 | BE39: 全部 | BF39: 0 | BG39: 物理 | BH39: 10500 | BI39: 5 | BJ39: TRUE | BK39: 0 | BL39: 10000 | CX39: 技能效果_位移 | CY39: 敌对 | CZ39: 10000 | DA39: 0 | DB39: 全部 | DC39: 0 | DW39: 命中者 | DX39: 160 | DY39: 直线 | DZ39: 远离施法者 | EA39: FALSE | EB39: 900 | GR39: 200 | GS39: 400 | GT39: Attack One | GU39: 30047 | GV39: 340 | GW39: 340 | GX39: TRUE | GY39: 3500 | GZ39: FALSE | HA39: 0 | HB39: 0 | HC39: 0 | HD39: 0 | HE39: FALSE | HF39: 0 | HG39: 10001 | HH39: 340 | HI39: 无 | HJ39: 0 | HK39: 0 | HL39: 0 | HM39: 0 | HN39: FALSE
B40: {=10000000+INDEX(编号表!$B$1:$B$112,MATCH(D40,编号表!$A$1:$A$112,0))*10000+I40} -> 10040004 | C40: 玄罡撼岳劲 | D40: 玄罡撼岳劲 | E40: 人道 | F40: 炼体 | G40: FALSE | H40: FALSE | I40: 4 | J40: 100400 | K40: 凡品 | L40: 10040003 | M40: 10040005 | N40: 以玄罡重击目标，造成物理伤害并将其击退。 | O40: 10202003 | P40: 0 | Q40: 3 | R40: 16 | S40: 0 | T40: 100 | U40: 施放本神通 | V40: 220 | W40: 500 | X40: 单位 | Y40: 单体 | Z40: 敌对 | AA40: 0 | AB40: 1 | AC40: FALSE | AD40: 最近 | AY40: 物理 | AZ40: 11200 | BA40: 技能效果_伤害 | BB40: 敌对 | BC40: 10000 | BD40: 0 | BE40: 全部 | BF40: 0 | BG40: 物理 | BH40: 10500 | BI40: 6 | BJ40: TRUE | BK40: 0 | BL40: 10000 | CX40: 技能效果_位移 | CY40: 敌对 | CZ40: 10000 | DA40: 0 | DB40: 全部 | DC40: 0 | DW40: 命中者 | DX40: 160 | DY40: 直线 | DZ40: 远离施法者 | EA40: FALSE | EB40: 900 | GR40: 200 | GS40: 400 | GT40: Attack One | GU40: 30047 | GV40: 340 | GW40: 340 | GX40: TRUE | GY40: 3500 | GZ40: FALSE | HA40: 0 | HB40: 0 | HC40: 0 | HD40: 0 | HE40: FALSE | HF40: 0 | HG40: 10001 | HH40: 340 | HI40: 无 | HJ40: 0 | HK40: 0 | HL40: 0 | HM40: 0 | HN40: FALSE
B41: {=10000000+INDEX(编号表!$B$1:$B$112,MATCH(D41,编号表!$A$1:$A$112,0))*10000+I41} -> 10040005 | C41: 玄罡撼岳劲 | D41: 玄罡撼岳劲 | E41: 人道 | F41: 炼体 | G41: FALSE | H41: FALSE | I41: 5 | J41: 100400 | K41: 凡品 | L41: 10040004 | M41: 10040006 | N41: 以玄罡重击目标，造成物理伤害并将其击退。 | O41: 10202003 | P41: 0 | Q41: 3 | R41: 25 | S41: 0 | T41: 100 | U41: 施放本神通 | V41: 220 | W41: 500 | X41: 单位 | Y41: 单体 | Z41: 敌对 | AA41: 0 | AB41: 1 | AC41: FALSE | AD41: 最近 | AY41: 物理 | AZ41: 11300 | BA41: 技能效果_伤害 | BB41: 敌对 | BC41: 10000 | BD41: 0 | BE41: 全部 | BF41: 0 | BG41: 物理 | BH41: 10500 | BI41: 6 | BJ41: TRUE | BK41: 0 | BL41: 10000 | CX41: 技能效果_位移 | CY41: 敌对 | CZ41: 10000 | DA41: 0 | DB41: 全部 | DC41: 0 | DW41: 命中者 | DX41: 160 | DY41: 直线 | DZ41: 远离施法者 | EA41: FALSE | EB41: 900 | GR41: 200 | GS41: 400 | GT41: Attack One | GU41: 30047 | GV41: 340 | GW41: 340 | GX41: TRUE | GY41: 3500 | GZ41: FALSE | HA41: 0 | HB41: 0 | HC41: 0 | HD41: 0 | HE41: FALSE | HF41: 0 | HG41: 10001 | HH41: 340 | HI41: 无 | HJ41: 0 | HK41: 0 | HL41: 0 | HM41: 0 | HN41: FALSE
B42: {=10000000+INDEX(编号表!$B$1:$B$112,MATCH(D42,编号表!$A$1:$A$112,0))*10000+I42} -> 10040006 | C42: 玄罡撼岳劲 | D42: 玄罡撼岳劲 | E42: 人道 | F42: 炼体 | G42: FALSE | H42: FALSE | I42: 6 | J42: 100400 | K42: 凡品 | L42: 10040005 | M42: 10040007 | N42: 以玄罡重击目标，造成物理伤害并将其击退。 | O42: 10202003 | P42: 0 | Q42: 3 | R42: 30 | S42: 0 | T42: 100 | U42: 施放本神通 | V42: 220 | W42: 500 | X42: 单位 | Y42: 单体 | Z42: 敌对 | AA42: 0 | AB42: 1 | AC42: FALSE | AD42: 最近 | AY42: 物理 | AZ42: 11600 | BA42: 技能效果_伤害 | BB42: 敌对 | BC42: 10000 | BD42: 0 | BE42: 全部 | BF42: 0 | BG42: 物理 | BH42: 10500 | BI42: 7 | BJ42: TRUE | BK42: 0 | BL42: 10000 | CX42: 技能效果_位移 | CY42: 敌对 | CZ42: 10000 | DA42: 0 | DB42: 全部 | DC42: 0 | DW42: 命中者 | DX42: 160 | DY42: 直线 | DZ42: 远离施法者 | EA42: FALSE | EB42: 900 | GR42: 200 | GS42: 400 | GT42: Attack One | GU42: 30047 | GV42: 340 | GW42: 340 | GX42: TRUE | GY42: 3500 | GZ42: FALSE | HA42: 0 | HB42: 0 | HC42: 0 | HD42: 0 | HE42: FALSE | HF42: 0 | HG42: 10001 | HH42: 340 | HI42: 无 | HJ42: 0 | HK42: 0 | HL42: 0 | HM42: 0 | HN42: FALSE
B43: {=10000000+INDEX(编号表!$B$1:$B$112,MATCH(D43,编号表!$A$1:$A$112,0))*10000+I43} -> 10040007 | C43: 玄罡撼岳劲 | D43: 玄罡撼岳劲 | E43: 人道 | F43: 炼体 | G43: FALSE | H43: FALSE | I43: 7 | J43: 100400 | K43: 凡品 | L43: 10040006 | M43: 10040008 | N43: 以玄罡重击目标，造成物理伤害并将其击退。 | O43: 10202003 | P43: 0 | Q43: 3 | R43: 35 | S43: 0 | T43: 100 | U43: 施放本神通 | V43: 220 | W43: 500 | X43: 单位 | Y43: 单体 | Z43: 敌对 | AA43: 0 | AB43: 1 | AC43: FALSE | AD43: 最近 | AY43: 物理 | AZ43: 11700 | BA43: 技能效果_伤害 | BB43: 敌对 | BC43: 10000 | BD43: 0 | BE43: 全部 | BF43: 0 | BG43: 物理 | BH43: 10500 | BI43: 9 | BJ43: TRUE | BK43: 0 | BL43: 10000 | CX43: 技能效果_位移 | CY43: 敌对 | CZ43: 10000 | DA43: 0 | DB43: 全部 | DC43: 0 | DW43: 命中者 | DX43: 160 | DY43: 直线 | DZ43: 远离施法者 | EA43: FALSE | EB43: 900 | GR43: 200 | GS43: 400 | GT43: Attack One | GU43: 30047 | GV43: 340 | GW43: 340 | GX43: TRUE | GY43: 3500 | GZ43: FALSE | HA43: 0 | HB43: 0 | HC43: 0 | HD43: 0 | HE43: FALSE | HF43: 0 | HG43: 10001 | HH43: 340 | HI43: 无 | HJ43: 0 | HK43: 0 | HL43: 0 | HM43: 0 | HN43: FALSE
B44: {=10000000+INDEX(编号表!$B$1:$B$112,MATCH(D44,编号表!$A$1:$A$112,0))*10000+I44} -> 10040008 | C44: 玄罡撼岳劲 | D44: 玄罡撼岳劲 | E44: 人道 | F44: 炼体 | G44: FALSE | H44: FALSE | I44: 8 | J44: 100400 | K44: 凡品 | L44: 10040007 | M44: 10040009 | N44: 以玄罡重击目标，造成物理伤害并将其击退。 | O44: 10202003 | P44: 0 | Q44: 3 | R44: 35 | S44: 0 | T44: 100 | U44: 施放本神通 | V44: 220 | W44: 500 | X44: 单位 | Y44: 单体 | Z44: 敌对 | AA44: 0 | AB44: 1 | AC44: FALSE | AD44: 最近 | AY44: 物理 | AZ44: 11800 | BA44: 技能效果_伤害 | BB44: 敌对 | BC44: 10000 | BD44: 0 | BE44: 全部 | BF44: 0 | BG44: 物理 | BH44: 10500 | BI44: 10 | BJ44: TRUE | BK44: 0 | BL44: 10000 | CX44: 技能效果_位移 | CY44: 敌对 | CZ44: 10000 | DA44: 0 | DB44: 全部 | DC44: 0 | DW44: 命中者 | DX44: 160 | DY44: 直线 | DZ44: 远离施法者 | EA44: FALSE | EB44: 900 | GR44: 200 | GS44: 400 | GT44: Attack One | GU44: 30047 | GV44: 340 | GW44: 340 | GX44: TRUE | GY44: 3500 | GZ44: FALSE | HA44: 0 | HB44: 0 | HC44: 0 | HD44: 0 | HE44: FALSE | HF44: 0 | HG44: 10001 | HH44: 340 | HI44: 无 | HJ44: 0 | HK44: 0 | HL44: 0 | HM44: 0 | HN44: FALSE
B45: {=10000000+INDEX(编号表!$B$1:$B$112,MATCH(D45,编号表!$A$1:$A$112,0))*10000+I45} -> 10040009 | C45: 玄罡撼岳劲 | D45: 玄罡撼岳劲 | E45: 人道 | F45: 炼体 | G45: FALSE | H45: FALSE | I45: 9 | J45: 100400 | K45: 凡品 | L45: 10040008 | M45: 10040010 | N45: 以玄罡重击目标，造成物理伤害并将其击退。 | O45: 10202003 | P45: 0 | Q45: 3 | R45: 40 | S45: 0 | T45: 100 | U45: 施放本神通 | V45: 220 | W45: 500 | X45: 单位 | Y45: 单体 | Z45: 敌对 | AA45: 0 | AB45: 1 | AC45: FALSE | AD45: 最近 | AY45: 物理 | AZ45: 11900 | BA45: 技能效果_伤害 | BB45: 敌对 | BC45: 10000 | BD45: 0 | BE45: 全部 | BF45: 0 | BG45: 物理 | BH45: 10500 | BI45: 12 | BJ45: TRUE | BK45: 0 | BL45: 10000 | CX45: 技能效果_位移 | CY45: 敌对 | CZ45: 10000 | DA45: 0 | DB45: 全部 | DC45: 0 | DW45: 命中者 | DX45: 160 | DY45: 直线 | DZ45: 远离施法者 | EA45: FALSE | EB45: 900 | GR45: 200 | GS45: 400 | GT45: Attack One | GU45: 30047 | GV45: 340 | GW45: 340 | GX45: TRUE | GY45: 3500 | GZ45: FALSE | HA45: 0 | HB45: 0 | HC45: 0 | HD45: 0 | HE45: FALSE | HF45: 0 | HG45: 10001 | HH45: 340 | HI45: 无 | HJ45: 0 | HK45: 0 | HL45: 0 | HM45: 0 | HN45: FALSE
B46: {=10000000+INDEX(编号表!$B$1:$B$112,MATCH(D46,编号表!$A$1:$A$112,0))*10000+I46} -> 10040010 | C46: 玄罡撼岳劲 | D46: 玄罡撼岳劲 | E46: 人道 | F46: 炼体 | G46: FALSE | H46: FALSE | I46: 10 | J46: 100400 | K46: 凡品 | L46: 10040009 | M46: 0 | N46: 以玄罡重击目标，造成物理伤害并将其击退。 | O46: 10202003 | P46: 0 | Q46: 3 | R46: 40 | S46: 0 | T46: 0 | U46: 施放本神通 | V46: 220 | W46: 500 | X46: 单位 | Y46: 单体 | Z46: 敌对 | AA46: 0 | AB46: 1 | AC46: FALSE | AD46: 最近 | AY46: 物理 | AZ46: 12000 | BA46: 技能效果_伤害 | BB46: 敌对 | BC46: 10000 | BD46: 0 | BE46: 全部 | BF46: 0 | BG46: 物理 | BH46: 10500 | BI46: 15 | BJ46: TRUE | BK46: 0 | BL46: 10000 | CX46: 技能效果_位移 | CY46: 敌对 | CZ46: 10000 | DA46: 0 | DB46: 全部 | DC46: 0 | DW46: 命中者 | DX46: 160 | DY46: 直线 | DZ46: 远离施法者 | EA46: FALSE | EB46: 900 | GR46: 200 | GS46: 400 | GT46: Attack One | GU46: 30047 | GV46: 340 | GW46: 340 | GX46: TRUE | GY46: 3500 | GZ46: FALSE | HA46: 0 | HB46: 0 | HC46: 0 | HD46: 0 | HE46: FALSE | HF46: 0 | HG46: 10001 | HH46: 340 | HI46: 无 | HJ46: 0 | HK46: 0 | HL46: 0 | HM46: 0 | HN46: FALSE
B47: {=10000000+INDEX(编号表!$B$1:$B$112,MATCH(D47,编号表!$A$1:$A$112,0))*10000+I47} -> 10050001 | C47: 庚芒诀 | D47: 庚芒诀 | E47: 人道 | F47: 金行 | G47: FALSE | H47: FALSE | I47: 1 | J47: 100500 | K47: 凡品 | L47: 0 | M47: 10050002 | N47: 向前方贯出一线金芒，对路径上的敌人造成法术伤害。 | O47: 10202004 | P47: 0 | Q47: 0 | R47: 1 | S47: 0 | T47: 100 | U47: 施放本神通 | V47: 0 | W47: 0 | X47: 目标方向 | Y47: 线形 | Z47: 敌对 | AA47: 0 | AB47: 8 | AC47: FALSE | AD47: 最近 | AH47: 700 | AI47: 90 | AY47: 法术 | AZ47: 10000 | BA47: 技能效果_伤害 | BB47: 敌对 | BC47: 10000 | BD47: 0 | BE47: 全部 | BF47: 0 | BG47: 魔法 | BH47: 9500 | BI47: 3 | BJ47: TRUE | BK47: 0 | BL47: 9000 | GR47: 200 | GS47: 400 | GT47: Spell One | GU47: 30051 | GV47: 340 | GW47: 340 | GX47: TRUE | GY47: 2200 | GZ47: FALSE | HA47: 0 | HB47: 0 | HC47: 0 | HD47: 0 | HE47: FALSE | HF47: 0 | HG47: 10001 | HH47: 340 | HI47: 无 | HJ47: 0 | HK47: 0 | HL47: 0 | HM47: 0 | HN47: FALSE
B48: {=10000000+INDEX(编号表!$B$1:$B$112,MATCH(D48,编号表!$A$1:$A$112,0))*10000+I48} -> 10050002 | C48: 庚芒诀 | D48: 庚芒诀 | E48: 人道 | F48: 金行 | G48: FALSE | H48: FALSE | I48: 2 | J48: 100500 | K48: 凡品 | L48: 10050001 | M48: 10050003 | N48: 向前方贯出一线金芒，对路径上的敌人造成法术伤害。 | O48: 10202004 | P48: 0 | Q48: 1 | R48: 7 | S48: 0 | T48: 100 | U48: 施放本神通 | V48: 0 | W48: 0 | X48: 目标方向 | Y48: 线形 | Z48: 敌对 | AA48: 0 | AB48: 8 | AC48: FALSE | AD48: 最近 | AH48: 700 | AI48: 90 | AY48: 法术 | AZ48: 10400 | BA48: 技能效果_伤害 | BB48: 敌对 | BC48: 10000 | BD48: 0 | BE48: 全部 | BF48: 0 | BG48: 魔法 | BH48: 9500 | BI48: 4 | BJ48: TRUE | BK48: 0 | BL48: 9000 | GR48: 200 | GS48: 400 | GT48: Spell One | GU48: 30051 | GV48: 340 | GW48: 340 | GX48: TRUE | GY48: 2200 | GZ48: FALSE | HA48: 0 | HB48: 0 | HC48: 0 | HD48: 0 | HE48: FALSE | HF48: 0 | HG48: 10001 | HH48: 340 | HI48: 无 | HJ48: 0 | HK48: 0 | HL48: 0 | HM48: 0 | HN48: FALSE
B49: {=10000000+INDEX(编号表!$B$1:$B$112,MATCH(D49,编号表!$A$1:$A$112,0))*10000+I49} -> 10050003 | C49: 庚芒诀 | D49: 庚芒诀 | E49: 人道 | F49: 金行 | G49: FALSE | H49: FALSE | I49: 3 | J49: 100500 | K49: 凡品 | L49: 10050002 | M49: 10050004 | N49: 向前方贯出一线金芒，对路径上的敌人造成法术伤害。 | O49: 10202004 | P49: 0 | Q49: 2 | R49: 11 | S49: 0 | T49: 100 | U49: 施放本神通 | V49: 0 | W49: 0 | X49: 目标方向 | Y49: 线形 | Z49: 敌对 | AA49: 0 | AB49: 8 | AC49: FALSE | AD49: 最近 | AH49: 700 | AI49: 90 | AY49: 法术 | AZ49: 10800 | BA49: 技能效果_伤害 | BB49: 敌对 | BC49: 10000 | BD49: 0 | BE49: 全部 | BF49: 0 | BG49: 魔法 | BH49: 9500 | BI49: 5 | BJ49: TRUE | BK49: 0 | BL49: 9000 | GR49: 200 | GS49: 400 | GT49: Spell One | GU49: 30051 | GV49: 340 | GW49: 340 | GX49: TRUE | GY49: 2200 | GZ49: FALSE | HA49: 0 | HB49: 0 | HC49: 0 | HD49: 0 | HE49: FALSE | HF49: 0 | HG49: 10001 | HH49: 340 | HI49: 无 | HJ49: 0 | HK49: 0 | HL49: 0 | HM49: 0 | HN49: FALSE
B50: {=10000000+INDEX(编号表!$B$1:$B$112,MATCH(D50,编号表!$A$1:$A$112,0))*10000+I50} -> 10050004 | C50: 庚芒诀 | D50: 庚芒诀 | E50: 人道 | F50: 金行 | G50: FALSE | H50: FALSE | I50: 4 | J50: 100500 | K50: 凡品 | L50: 10050003 | M50: 10050005 | N50: 向前方贯出一线金芒，对路径上的敌人造成法术伤害。 | O50: 10202004 | P50: 0 | Q50: 3 | R50: 16 | S50: 0 | T50: 100 | U50: 施放本神通 | V50: 0 | W50: 0 | X50: 目标方向 | Y50: 线形 | Z50: 敌对 | AA50: 0 | AB50: 8 | AC50: FALSE | AD50: 最近 | AH50: 700 | AI50: 90 | AY50: 法术 | AZ50: 11200 | BA50: 技能效果_伤害 | BB50: 敌对 | BC50: 10000 | BD50: 0 | BE50: 全部 | BF50: 0 | BG50: 魔法 | BH50: 9500 | BI50: 6 | BJ50: TRUE | BK50: 0 | BL50: 9000 | GR50: 200 | GS50: 400 | GT50: Spell One | GU50: 30051 | GV50: 340 | GW50: 340 | GX50: TRUE | GY50: 2200 | GZ50: FALSE | HA50: 0 | HB50: 0 | HC50: 0 | HD50: 0 | HE50: FALSE | HF50: 0 | HG50: 10001 | HH50: 340 | HI50: 无 | HJ50: 0 | HK50: 0 | HL50: 0 | HM50: 0 | HN50: FALSE
B51: {=10000000+INDEX(编号表!$B$1:$B$112,MATCH(D51,编号表!$A$1:$A$112,0))*10000+I51} -> 10050005 | C51: 庚芒诀 | D51: 庚芒诀 | E51: 人道 | F51: 金行 | G51: FALSE | H51: FALSE | I51: 5 | J51: 100500 | K51: 凡品 | L51: 10050004 | M51: 10050006 | N51: 向前方贯出一线金芒，对路径上的敌人造成法术伤害。 | O51: 10202004 | P51: 0 | Q51: 3 | R51: 25 | S51: 0 | T51: 100 | U51: 施放本神通 | V51: 0 | W51: 0 | X51: 目标方向 | Y51: 线形 | Z51: 敌对 | AA51: 0 | AB51: 8 | AC51: FALSE | AD51: 最近 | AH51: 700 | AI51: 90 | AY51: 法术 | AZ51: 11300 | BA51: 技能效果_伤害 | BB51: 敌对 | BC51: 10000 | BD51: 0 | BE51: 全部 | BF51: 0 | BG51: 魔法 | BH51: 9500 | BI51: 6 | BJ51: TRUE | BK51: 0 | BL51: 9000 | GR51: 200 | GS51: 400 | GT51: Spell One | GU51: 30051 | GV51: 340 | GW51: 340 | GX51: TRUE | GY51: 2200 | GZ51: FALSE | HA51: 0 | HB51: 0 | HC51: 0 | HD51: 0 | HE51: FALSE | HF51: 0 | HG51: 10001 | HH51: 340 | HI51: 无 | HJ51: 0 | HK51: 0 | HL51: 0 | HM51: 0 | HN51: FALSE
B52: {=10000000+INDEX(编号表!$B$1:$B$112,MATCH(D52,编号表!$A$1:$A$112,0))*10000+I52} -> 10050006 | C52: 庚芒诀 | D52: 庚芒诀 | E52: 人道 | F52: 金行 | G52: FALSE | H52: FALSE | I52: 6 | J52: 100500 | K52: 凡品 | L52: 10050005 | M52: 10050007 | N52: 向前方贯出一线金芒，对路径上的敌人造成法术伤害。 | O52: 10202004 | P52: 0 | Q52: 3 | R52: 30 | S52: 0 | T52: 100 | U52: 施放本神通 | V52: 0 | W52: 0 | X52: 目标方向 | Y52: 线形 | Z52: 敌对 | AA52: 0 | AB52: 8 | AC52: FALSE | AD52: 最近 | AH52: 700 | AI52: 90 | AY52: 法术 | AZ52: 11600 | BA52: 技能效果_伤害 | BB52: 敌对 | BC52: 10000 | BD52: 0 | BE52: 全部 | BF52: 0 | BG52: 魔法 | BH52: 9500 | BI52: 7 | BJ52: TRUE | BK52: 0 | BL52: 9000 | GR52: 200 | GS52: 400 | GT52: Spell One | GU52: 30051 | GV52: 340 | GW52: 340 | GX52: TRUE | GY52: 2200 | GZ52: FALSE | HA52: 0 | HB52: 0 | HC52: 0 | HD52: 0 | HE52: FALSE | HF52: 0 | HG52: 10001 | HH52: 340 | HI52: 无 | HJ52: 0 | HK52: 0 | HL52: 0 | HM52: 0 | HN52: FALSE
B53: {=10000000+INDEX(编号表!$B$1:$B$112,MATCH(D53,编号表!$A$1:$A$112,0))*10000+I53} -> 10050007 | C53: 庚芒诀 | D53: 庚芒诀 | E53: 人道 | F53: 金行 | G53: FALSE | H53: FALSE | I53: 7 | J53: 100500 | K53: 凡品 | L53: 10050006 | M53: 10050008 | N53: 向前方贯出一线金芒，对路径上的敌人造成法术伤害。 | O53: 10202004 | P53: 0 | Q53: 3 | R53: 35 | S53: 0 | T53: 100 | U53: 施放本神通 | V53: 0 | W53: 0 | X53: 目标方向 | Y53: 线形 | Z53: 敌对 | AA53: 0 | AB53: 8 | AC53: FALSE | AD53: 最近 | AH53: 700 | AI53: 90 | AY53: 法术 | AZ53: 11700 | BA53: 技能效果_伤害 | BB53: 敌对 | BC53: 10000 | BD53: 0 | BE53: 全部 | BF53: 0 | BG53: 魔法 | BH53: 9500 | BI53: 9 | BJ53: TRUE | BK53: 0 | BL53: 9000 | GR53: 200 | GS53: 400 | GT53: Spell One | GU53: 30051 | GV53: 340 | GW53: 340 | GX53: TRUE | GY53: 2200 | GZ53: FALSE | HA53: 0 | HB53: 0 | HC53: 0 | HD53: 0 | HE53: FALSE | HF53: 0 | HG53: 10001 | HH53: 340 | HI53: 无 | HJ53: 0 | HK53: 0 | HL53: 0 | HM53: 0 | HN53: FALSE
B54: {=10000000+INDEX(编号表!$B$1:$B$112,MATCH(D54,编号表!$A$1:$A$112,0))*10000+I54} -> 10050008 | C54: 庚芒诀 | D54: 庚芒诀 | E54: 人道 | F54: 金行 | G54: FALSE | H54: FALSE | I54: 8 | J54: 100500 | K54: 凡品 | L54: 10050007 | M54: 10050009 | N54: 向前方贯出一线金芒，对路径上的敌人造成法术伤害。 | O54: 10202004 | P54: 0 | Q54: 3 | R54: 35 | S54: 0 | T54: 100 | U54: 施放本神通 | V54: 0 | W54: 0 | X54: 目标方向 | Y54: 线形 | Z54: 敌对 | AA54: 0 | AB54: 8 | AC54: FALSE | AD54: 最近 | AH54: 700 | AI54: 90 | AY54: 法术 | AZ54: 11800 | BA54: 技能效果_伤害 | BB54: 敌对 | BC54: 10000 | BD54: 0 | BE54: 全部 | BF54: 0 | BG54: 魔法 | BH54: 9500 | BI54: 10 | BJ54: TRUE | BK54: 0 | BL54: 9000 | GR54: 200 | GS54: 400 | GT54: Spell One | GU54: 30051 | GV54: 340 | GW54: 340 | GX54: TRUE | GY54: 2200 | GZ54: FALSE | HA54: 0 | HB54: 0 | HC54: 0 | HD54: 0 | HE54: FALSE | HF54: 0 | HG54: 10001 | HH54: 340 | HI54: 无 | HJ54: 0 | HK54: 0 | HL54: 0 | HM54: 0 | HN54: FALSE
B55: {=10000000+INDEX(编号表!$B$1:$B$112,MATCH(D55,编号表!$A$1:$A$112,0))*10000+I55} -> 10050009 | C55: 庚芒诀 | D55: 庚芒诀 | E55: 人道 | F55: 金行 | G55: FALSE | H55: FALSE | I55: 9 | J55: 100500 | K55: 凡品 | L55: 10050008 | M55: 10050010 | N55: 向前方贯出一线金芒，对路径上的敌人造成法术伤害。 | O55: 10202004 | P55: 0 | Q55: 3 | R55: 40 | S55: 0 | T55: 100 | U55: 施放本神通 | V55: 0 | W55: 0 | X55: 目标方向 | Y55: 线形 | Z55: 敌对 | AA55: 0 | AB55: 8 | AC55: FALSE | AD55: 最近 | AH55: 700 | AI55: 90 | AY55: 法术 | AZ55: 11900 | BA55: 技能效果_伤害 | BB55: 敌对 | BC55: 10000 | BD55: 0 | BE55: 全部 | BF55: 0 | BG55: 魔法 | BH55: 9500 | BI55: 12 | BJ55: TRUE | BK55: 0 | BL55: 9000 | GR55: 200 | GS55: 400 | GT55: Spell One | GU55: 30051 | GV55: 340 | GW55: 340 | GX55: TRUE | GY55: 2200 | GZ55: FALSE | HA55: 0 | HB55: 0 | HC55: 0 | HD55: 0 | HE55: FALSE | HF55: 0 | HG55: 10001 | HH55: 340 | HI55: 无 | HJ55: 0 | HK55: 0 | HL55: 0 | HM55: 0 | HN55: FALSE
B56: {=10000000+INDEX(编号表!$B$1:$B$112,MATCH(D56,编号表!$A$1:$A$112,0))*10000+I56} -> 10050010 | C56: 庚芒诀 | D56: 庚芒诀 | E56: 人道 | F56: 金行 | G56: FALSE | H56: FALSE | I56: 10 | J56: 100500 | K56: 凡品 | L56: 10050009 | M56: 0 | N56: 向前方贯出一线金芒，对路径上的敌人造成法术伤害。 | O56: 10202004 | P56: 0 | Q56: 3 | R56: 40 | S56: 0 | T56: 0 | U56: 施放本神通 | V56: 0 | W56: 0 | X56: 目标方向 | Y56: 线形 | Z56: 敌对 | AA56: 0 | AB56: 8 | AC56: FALSE | AD56: 最近 | AH56: 700 | AI56: 90 | AY56: 法术 | AZ56: 12000 | BA56: 技能效果_伤害 | BB56: 敌对 | BC56: 10000 | BD56: 0 | BE56: 全部 | BF56: 0 | BG56: 魔法 | BH56: 9500 | BI56: 15 | BJ56: TRUE | BK56: 0 | BL56: 9000 | GR56: 200 | GS56: 400 | GT56: Spell One | GU56: 30051 | GV56: 340 | GW56: 340 | GX56: TRUE | GY56: 2200 | GZ56: FALSE | HA56: 0 | HB56: 0 | HC56: 0 | HD56: 0 | HE56: FALSE | HF56: 0 | HG56: 10001 | HH56: 340 | HI56: 无 | HJ56: 0 | HK56: 0 | HL56: 0 | HM56: 0 | HN56: FALSE
B57: {=10000000+INDEX(编号表!$B$1:$B$112,MATCH(D57,编号表!$A$1:$A$112,0))*10000+I57} -> 10060001 | C57: 青萝引 | D57: 青萝引 | E57: 人道 | F57: 木行 | G57: FALSE | H57: FALSE | I57: 1 | J57: 100600 | K57: 凡品 | L57: 0 | M57: 10060002 | N57: 引动藤刺穿击目标，造成法术伤害。 | O57: 10202005 | P57: 0 | Q57: 0 | R57: 1 | S57: 0 | T57: 100 | U57: 施放本神通 | V57: 700 | W57: 700 | X57: 单位 | Y57: 单体 | Z57: 敌对 | AA57: 0 | AB57: 1 | AC57: FALSE | AD57: 最近 | AY57: 法术 | AZ57: 10000 | BA57: 技能效果_伤害 | BB57: 敌对 | BC57: 10000 | BD57: 0 | BE57: 全部 | BF57: 0 | BG57: 魔法 | BH57: 10000 | BI57: 3 | BJ57: TRUE | BK57: 0 | BL57: 10000 | GR57: 200 | GS57: 400 | GT57: Spell One | GU57: 30050 | GV57: 340 | GW57: 340 | GX57: TRUE | GY57: 2200 | GZ57: FALSE | HA57: 0 | HB57: 0 | HC57: 0 | HD57: 0 | HE57: FALSE | HF57: 0 | HG57: 10001 | HH57: 340 | HI57: 无 | HJ57: 0 | HK57: 0 | HL57: 0 | HM57: 0 | HN57: FALSE
B58: {=10000000+INDEX(编号表!$B$1:$B$112,MATCH(D58,编号表!$A$1:$A$112,0))*10000+I58} -> 10060002 | C58: 青萝引 | D58: 青萝引 | E58: 人道 | F58: 木行 | G58: FALSE | H58: FALSE | I58: 2 | J58: 100600 | K58: 凡品 | L58: 10060001 | M58: 10060003 | N58: 引动藤刺穿击目标，造成法术伤害。 | O58: 10202005 | P58: 0 | Q58: 1 | R58: 7 | S58: 0 | T58: 100 | U58: 施放本神通 | V58: 700 | W58: 700 | X58: 单位 | Y58: 单体 | Z58: 敌对 | AA58: 0 | AB58: 1 | AC58: FALSE | AD58: 最近 | AY58: 法术 | AZ58: 10400 | BA58: 技能效果_伤害 | BB58: 敌对 | BC58: 10000 | BD58: 0 | BE58: 全部 | BF58: 0 | BG58: 魔法 | BH58: 10000 | BI58: 4 | BJ58: TRUE | BK58: 0 | BL58: 10000 | GR58: 200 | GS58: 400 | GT58: Spell One | GU58: 30050 | GV58: 340 | GW58: 340 | GX58: TRUE | GY58: 2200 | GZ58: FALSE | HA58: 0 | HB58: 0 | HC58: 0 | HD58: 0 | HE58: FALSE | HF58: 0 | HG58: 10001 | HH58: 340 | HI58: 无 | HJ58: 0 | HK58: 0 | HL58: 0 | HM58: 0 | HN58: FALSE
B59: {=10000000+INDEX(编号表!$B$1:$B$112,MATCH(D59,编号表!$A$1:$A$112,0))*10000+I59} -> 10060003 | C59: 青萝引 | D59: 青萝引 | E59: 人道 | F59: 木行 | G59: FALSE | H59: FALSE | I59: 3 | J59: 100600 | K59: 凡品 | L59: 10060002 | M59: 10060004 | N59: 引动藤刺穿击目标，造成法术伤害。 | O59: 10202005 | P59: 0 | Q59: 2 | R59: 11 | S59: 0 | T59: 100 | U59: 施放本神通 | V59: 700 | W59: 700 | X59: 单位 | Y59: 单体 | Z59: 敌对 | AA59: 0 | AB59: 1 | AC59: FALSE | AD59: 最近 | AY59: 法术 | AZ59: 10800 | BA59: 技能效果_伤害 | BB59: 敌对 | BC59: 10000 | BD59: 0 | BE59: 全部 | BF59: 0 | BG59: 魔法 | BH59: 10000 | BI59: 5 | BJ59: TRUE | BK59: 0 | BL59: 10000 | GR59: 200 | GS59: 400 | GT59: Spell One | GU59: 30050 | GV59: 340 | GW59: 340 | GX59: TRUE | GY59: 2200 | GZ59: FALSE | HA59: 0 | HB59: 0 | HC59: 0 | HD59: 0 | HE59: FALSE | HF59: 0 | HG59: 10001 | HH59: 340 | HI59: 无 | HJ59: 0 | HK59: 0 | HL59: 0 | HM59: 0 | HN59: FALSE
B60: {=10000000+INDEX(编号表!$B$1:$B$112,MATCH(D60,编号表!$A$1:$A$112,0))*10000+I60} -> 10060004 | C60: 青萝引 | D60: 青萝引 | E60: 人道 | F60: 木行 | G60: FALSE | H60: FALSE | I60: 4 | J60: 100600 | K60: 凡品 | L60: 10060003 | M60: 10060005 | N60: 引动藤刺穿击目标，造成法术伤害。 | O60: 10202005 | P60: 0 | Q60: 3 | R60: 16 | S60: 0 | T60: 100 | U60: 施放本神通 | V60: 700 | W60: 700 | X60: 单位 | Y60: 单体 | Z60: 敌对 | AA60: 0 | AB60: 1 | AC60: FALSE | AD60: 最近 | AY60: 法术 | AZ60: 11200 | BA60: 技能效果_伤害 | BB60: 敌对 | BC60: 10000 | BD60: 0 | BE60: 全部 | BF60: 0 | BG60: 魔法 | BH60: 10000 | BI60: 6 | BJ60: TRUE | BK60: 0 | BL60: 10000 | GR60: 200 | GS60: 400 | GT60: Spell One | GU60: 30050 | GV60: 340 | GW60: 340 | GX60: TRUE | GY60: 2200 | GZ60: FALSE | HA60: 0 | HB60: 0 | HC60: 0 | HD60: 0 | HE60: FALSE | HF60: 0 | HG60: 10001 | HH60: 340 | HI60: 无 | HJ60: 0 | HK60: 0 | HL60: 0 | HM60: 0 | HN60: FALSE
B61: {=10000000+INDEX(编号表!$B$1:$B$112,MATCH(D61,编号表!$A$1:$A$112,0))*10000+I61} -> 10060005 | C61: 青萝引 | D61: 青萝引 | E61: 人道 | F61: 木行 | G61: FALSE | H61: FALSE | I61: 5 | J61: 100600 | K61: 凡品 | L61: 10060004 | M61: 10060006 | N61: 引动藤刺穿击目标，造成法术伤害。 | O61: 10202005 | P61: 0 | Q61: 3 | R61: 25 | S61: 0 | T61: 100 | U61: 施放本神通 | V61: 700 | W61: 700 | X61: 单位 | Y61: 单体 | Z61: 敌对 | AA61: 0 | AB61: 1 | AC61: FALSE | AD61: 最近 | AY61: 法术 | AZ61: 11300 | BA61: 技能效果_伤害 | BB61: 敌对 | BC61: 10000 | BD61: 0 | BE61: 全部 | BF61: 0 | BG61: 魔法 | BH61: 10000 | BI61: 6 | BJ61: TRUE | BK61: 0 | BL61: 10000 | GR61: 200 | GS61: 400 | GT61: Spell One | GU61: 30050 | GV61: 340 | GW61: 340 | GX61: TRUE | GY61: 2200 | GZ61: FALSE | HA61: 0 | HB61: 0 | HC61: 0 | HD61: 0 | HE61: FALSE | HF61: 0 | HG61: 10001 | HH61: 340 | HI61: 无 | HJ61: 0 | HK61: 0 | HL61: 0 | HM61: 0 | HN61: FALSE
B62: {=10000000+INDEX(编号表!$B$1:$B$112,MATCH(D62,编号表!$A$1:$A$112,0))*10000+I62} -> 10060006 | C62: 青萝引 | D62: 青萝引 | E62: 人道 | F62: 木行 | G62: FALSE | H62: FALSE | I62: 6 | J62: 100600 | K62: 凡品 | L62: 10060005 | M62: 10060007 | N62: 引动藤刺穿击目标，造成法术伤害。 | O62: 10202005 | P62: 0 | Q62: 3 | R62: 30 | S62: 0 | T62: 100 | U62: 施放本神通 | V62: 700 | W62: 700 | X62: 单位 | Y62: 单体 | Z62: 敌对 | AA62: 0 | AB62: 1 | AC62: FALSE | AD62: 最近 | AY62: 法术 | AZ62: 11600 | BA62: 技能效果_伤害 | BB62: 敌对 | BC62: 10000 | BD62: 0 | BE62: 全部 | BF62: 0 | BG62: 魔法 | BH62: 10000 | BI62: 7 | BJ62: TRUE | BK62: 0 | BL62: 10000 | GR62: 200 | GS62: 400 | GT62: Spell One | GU62: 30050 | GV62: 340 | GW62: 340 | GX62: TRUE | GY62: 2200 | GZ62: FALSE | HA62: 0 | HB62: 0 | HC62: 0 | HD62: 0 | HE62: FALSE | HF62: 0 | HG62: 10001 | HH62: 340 | HI62: 无 | HJ62: 0 | HK62: 0 | HL62: 0 | HM62: 0 | HN62: FALSE
B63: {=10000000+INDEX(编号表!$B$1:$B$112,MATCH(D63,编号表!$A$1:$A$112,0))*10000+I63} -> 10060007 | C63: 青萝引 | D63: 青萝引 | E63: 人道 | F63: 木行 | G63: FALSE | H63: FALSE | I63: 7 | J63: 100600 | K63: 凡品 | L63: 10060006 | M63: 10060008 | N63: 引动藤刺穿击目标，造成法术伤害。 | O63: 10202005 | P63: 0 | Q63: 3 | R63: 35 | S63: 0 | T63: 100 | U63: 施放本神通 | V63: 700 | W63: 700 | X63: 单位 | Y63: 单体 | Z63: 敌对 | AA63: 0 | AB63: 1 | AC63: FALSE | AD63: 最近 | AY63: 法术 | AZ63: 11700 | BA63: 技能效果_伤害 | BB63: 敌对 | BC63: 10000 | BD63: 0 | BE63: 全部 | BF63: 0 | BG63: 魔法 | BH63: 10000 | BI63: 9 | BJ63: TRUE | BK63: 0 | BL63: 10000 | GR63: 200 | GS63: 400 | GT63: Spell One | GU63: 30050 | GV63: 340 | GW63: 340 | GX63: TRUE | GY63: 2200 | GZ63: FALSE | HA63: 0 | HB63: 0 | HC63: 0 | HD63: 0 | HE63: FALSE | HF63: 0 | HG63: 10001 | HH63: 340 | HI63: 无 | HJ63: 0 | HK63: 0 | HL63: 0 | HM63: 0 | HN63: FALSE
B64: {=10000000+INDEX(编号表!$B$1:$B$112,MATCH(D64,编号表!$A$1:$A$112,0))*10000+I64} -> 10060008 | C64: 青萝引 | D64: 青萝引 | E64: 人道 | F64: 木行 | G64: FALSE | H64: FALSE | I64: 8 | J64: 100600 | K64: 凡品 | L64: 10060007 | M64: 10060009 | N64: 引动藤刺穿击目标，造成法术伤害。 | O64: 10202005 | P64: 0 | Q64: 3 | R64: 35 | S64: 0 | T64: 100 | U64: 施放本神通 | V64: 700 | W64: 700 | X64: 单位 | Y64: 单体 | Z64: 敌对 | AA64: 0 | AB64: 1 | AC64: FALSE | AD64: 最近 | AY64: 法术 | AZ64: 11800 | BA64: 技能效果_伤害 | BB64: 敌对 | BC64: 10000 | BD64: 0 | BE64: 全部 | BF64: 0 | BG64: 魔法 | BH64: 10000 | BI64: 10 | BJ64: TRUE | BK64: 0 | BL64: 10000 | GR64: 200 | GS64: 400 | GT64: Spell One | GU64: 30050 | GV64: 340 | GW64: 340 | GX64: TRUE | GY64: 2200 | GZ64: FALSE | HA64: 0 | HB64: 0 | HC64: 0 | HD64: 0 | HE64: FALSE | HF64: 0 | HG64: 10001 | HH64: 340 | HI64: 无 | HJ64: 0 | HK64: 0 | HL64: 0 | HM64: 0 | HN64: FALSE
B65: {=10000000+INDEX(编号表!$B$1:$B$112,MATCH(D65,编号表!$A$1:$A$112,0))*10000+I65} -> 10060009 | C65: 青萝引 | D65: 青萝引 | E65: 人道 | F65: 木行 | G65: FALSE | H65: FALSE | I65: 9 | J65: 100600 | K65: 凡品 | L65: 10060008 | M65: 10060010 | N65: 引动藤刺穿击目标，造成法术伤害。 | O65: 10202005 | P65: 0 | Q65: 3 | R65: 40 | S65: 0 | T65: 100 | U65: 施放本神通 | V65: 700 | W65: 700 | X65: 单位 | Y65: 单体 | Z65: 敌对 | AA65: 0 | AB65: 1 | AC65: FALSE | AD65: 最近 | AY65: 法术 | AZ65: 11900 | BA65: 技能效果_伤害 | BB65: 敌对 | BC65: 10000 | BD65: 0 | BE65: 全部 | BF65: 0 | BG65: 魔法 | BH65: 10000 | BI65: 12 | BJ65: TRUE | BK65: 0 | BL65: 10000 | GR65: 200 | GS65: 400 | GT65: Spell One | GU65: 30050 | GV65: 340 | GW65: 340 | GX65: TRUE | GY65: 2200 | GZ65: FALSE | HA65: 0 | HB65: 0 | HC65: 0 | HD65: 0 | HE65: FALSE | HF65: 0 | HG65: 10001 | HH65: 340 | HI65: 无 | HJ65: 0 | HK65: 0 | HL65: 0 | HM65: 0 | HN65: FALSE
B66: {=10000000+INDEX(编号表!$B$1:$B$112,MATCH(D66,编号表!$A$1:$A$112,0))*10000+I66} -> 10060010 | C66: 青萝引 | D66: 青萝引 | E66: 人道 | F66: 木行 | G66: FALSE | H66: FALSE | I66: 10 | J66: 100600 | K66: 凡品 | L66: 10060009 | M66: 0 | N66: 引动藤刺穿击目标，造成法术伤害。 | O66: 10202005 | P66: 0 | Q66: 3 | R66: 40 | S66: 0 | T66: 0 | U66: 施放本神通 | V66: 700 | W66: 700 | X66: 单位 | Y66: 单体 | Z66: 敌对 | AA66: 0 | AB66: 1 | AC66: FALSE | AD66: 最近 | AY66: 法术 | AZ66: 12000 | BA66: 技能效果_伤害 | BB66: 敌对 | BC66: 10000 | BD66: 0 | BE66: 全部 | BF66: 0 | BG66: 魔法 | BH66: 10000 | BI66: 15 | BJ66: TRUE | BK66: 0 | BL66: 10000 | GR66: 200 | GS66: 400 | GT66: Spell One | GU66: 30050 | GV66: 340 | GW66: 340 | GX66: TRUE | GY66: 2200 | GZ66: FALSE | HA66: 0 | HB66: 0 | HC66: 0 | HD66: 0 | HE66: FALSE | HF66: 0 | HG66: 10001 | HH66: 340 | HI66: 无 | HJ66: 0 | HK66: 0 | HL66: 0 | HM66: 0 | HN66: FALSE
B67: {=10000000+INDEX(编号表!$B$1:$B$112,MATCH(D67,编号表!$A$1:$A$112,0))*10000+I67} -> 10070001 | C67: 听潮印 | D67: 听潮印 | E67: 人道 | F67: 水行 | G67: FALSE | H67: FALSE | I67: 1 | J67: 100700 | K67: 凡品 | L67: 0 | M67: 10070002 | N67: 在目标身侧合拢潮纹，造成法术伤害。 | O67: 10202006 | P67: 0 | Q67: 0 | R67: 1 | S67: 0 | T67: 100 | U67: 施放本神通 | V67: 700 | W67: 700 | X67: 单位 | Y67: 单体 | Z67: 敌对 | AA67: 0 | AB67: 1 | AC67: FALSE | AD67: 最近 | AY67: 法术 | AZ67: 10000 | BA67: 技能效果_伤害 | BB67: 敌对 | BC67: 10000 | BD67: 0 | BE67: 全部 | BF67: 0 | BG67: 魔法 | BH67: 10000 | BI67: 3 | BJ67: TRUE | BK67: 0 | BL67: 10000 | GR67: 200 | GS67: 400 | GT67: Spell One | GU67: 30048 | GV67: 340 | GW67: 340 | GX67: TRUE | GY67: 2200 | GZ67: FALSE | HA67: 0 | HB67: 0 | HC67: 0 | HD67: 0 | HE67: FALSE | HF67: 0 | HG67: 10001 | HH67: 340 | HI67: 无 | HJ67: 0 | HK67: 0 | HL67: 0 | HM67: 0 | HN67: FALSE
B68: {=10000000+INDEX(编号表!$B$1:$B$112,MATCH(D68,编号表!$A$1:$A$112,0))*10000+I68} -> 10070002 | C68: 听潮印 | D68: 听潮印 | E68: 人道 | F68: 水行 | G68: FALSE | H68: FALSE | I68: 2 | J68: 100700 | K68: 凡品 | L68: 10070001 | M68: 10070003 | N68: 在目标身侧合拢潮纹，造成法术伤害。 | O68: 10202006 | P68: 0 | Q68: 1 | R68: 7 | S68: 0 | T68: 100 | U68: 施放本神通 | V68: 700 | W68: 700 | X68: 单位 | Y68: 单体 | Z68: 敌对 | AA68: 0 | AB68: 1 | AC68: FALSE | AD68: 最近 | AY68: 法术 | AZ68: 10400 | BA68: 技能效果_伤害 | BB68: 敌对 | BC68: 10000 | BD68: 0 | BE68: 全部 | BF68: 0 | BG68: 魔法 | BH68: 10000 | BI68: 4 | BJ68: TRUE | BK68: 0 | BL68: 10000 | GR68: 200 | GS68: 400 | GT68: Spell One | GU68: 30048 | GV68: 340 | GW68: 340 | GX68: TRUE | GY68: 2200 | GZ68: FALSE | HA68: 0 | HB68: 0 | HC68: 0 | HD68: 0 | HE68: FALSE | HF68: 0 | HG68: 10001 | HH68: 340 | HI68: 无 | HJ68: 0 | HK68: 0 | HL68: 0 | HM68: 0 | HN68: FALSE
... B76: {=10000000+INDEX(编号表!$B$1:$B$112,MATCH(D76,编号表!$A$1:$A$112,0))*10000+I76} -> 10070010 | C76: 听潮印 | D76: 听潮印 | E76: 人道 | F76: 水行 | G76: FALSE | H76: FALSE | I76: 10 | J76: 100700 | K76: 凡品 | L76: 10070009 | M76: 0 | N76: 在目标身侧合拢潮纹，造成法术伤害。 | O76: 10202006 | P76: 0 | Q76: 3 | R76: 40 | S76: 0 | T76: 0 | U76: 施放本神通 | V76: 700 | W76: 700 | X76: 单位 | Y76: 单体 | Z76: 敌对 | AA76: 0 | AB76: 1 | AC76: FALSE | AD76: 最近 | AY76: 法术 | AZ76: 12000 | BA76: 技能效果_伤害 | BB76: 敌对 | BC76: 10000 | BD76: 0 | BE76: 全部 | BF76: 0 | BG76: 魔法 | BH76: 10000 | BI76: 15 | BJ76: TRUE | BK76: 0 | BL76: 10000 | GR76: 200 | GS76: 400 | GT76: Spell One | GU76: 30048 | GV76: 340 | GW76: 340 | GX76: TRUE | GY76: 2200 | GZ76: FALSE | HA76: 0 | HB76: 0 | HC76: 0 | HD76: 0 | HE76: FALSE | HF76: 0 | HG76: 10001 | HH76: 340 | HI76: 无 | HJ76: 0 | HK76: 0 | HL76: 0 | HM76: 0 | HN76: FALSE
B77: {=10000000+INDEX(编号表!$B$1:$B$112,MATCH(D77,编号表!$A$1:$A$112,0))*10000+I77} -> 10080001 | C77: 离火星 | D77: 离火星 | E77: 人道 | F77: 火行 | G77: FALSE | H77: FALSE | I77: 1 | J77: 100800 | K77: 凡品 | L77: 0 | M77: 10080002 | N77: 凝成火球飞向目标，命中后造成法术伤害。 | O77: 10202007 | P77: 0 | Q77: 0 | R77: 1 | S77: 0 | T77: 100 | U77: 施放本神通 | V77: 800 | W77: 800 | X77: 单位 | Y77: 单体 | Z77: 敌对 | AA77: 0 | AB77: 1 | AC77: FALSE | AD77: 最近 | AY77: 法术 | AZ77: 10000 | BA77: 技能效果_弹道 | BB77: 敌对 | BC77: 10000 | BD77: 0 | BE77: 全部 | BF77: 0 | CF77: mdx\skMdx\ani_effect_jinengtexiao_04 | CG77: Sound\Zs_Gongji1 | CH77: 900 | CI77: 80 | CJ77: 直线 | CK77: 1 | CL77: 0 | CM77: 1 | CN77: 850 | CO77: 80 | CP77: 0 | CQ77: 1 | CR77: 10290001 | GR77: 200 | GS77: 400 | GT77: Spell One | GU77: 30002 | GV77: 340 | GW77: 340 | GX77: TRUE | GY77: 3000 | GZ77: FALSE | HA77: 0 | HB77: 0 | HC77: 0 | HD77: 0 | HE77: FALSE | HF77: 0 | HG77: 10001 | HH77: 340 | HI77: 无 | HJ77: 0 | HK77: 0 | HL77: 0 | HM77: 0 | HN77: FALSE
B78: {=10000000+INDEX(编号表!$B$1:$B$112,MATCH(D78,编号表!$A$1:$A$112,0))*10000+I78} -> 10080002 | C78: 离火星 | D78: 离火星 | E78: 人道 | F78: 火行 | G78: FALSE | H78: FALSE | I78: 2 | J78: 100800 | K78: 凡品 | L78: 10080001 | M78: 10080003 | N78: 凝成火球飞向目标，命中后造成法术伤害。 | O78: 10202007 | P78: 0 | Q78: 1 | R78: 7 | S78: 0 | T78: 100 | U78: 施放本神通 | V78: 800 | W78: 800 | X78: 单位 | Y78: 单体 | Z78: 敌对 | AA78: 0 | AB78: 1 | AC78: FALSE | AD78: 最近 | AY78: 法术 | AZ78: 10400 | BA78: 技能效果_弹道 | BB78: 敌对 | BC78: 10000 | BD78: 0 | BE78: 全部 | BF78: 0 | CF78: mdx\skMdx\ani_effect_jinengtexiao_04 | CG78: Sound\Zs_Gongji1 | CH78: 900 | CI78: 80 | CJ78: 直线 | CK78: 1 | CL78: 0 | CM78: 1 | CN78: 850 | CO78: 80 | CP78: 0 | CQ78: 1 | CR78: 10290002 | GR78: 200 | GS78: 400 | GT78: Spell One | GU78: 30002 | GV78: 340 | GW78: 340 | GX78: TRUE | GY78: 3000 | GZ78: FALSE | HA78: 0 | HB78: 0 | HC78: 0 | HD78: 0 | HE78: FALSE | HF78: 0 | HG78: 10001 | HH78: 340 | HI78: 无 | HJ78: 0 | HK78: 0 | HL78: 0 | HM78: 0 | HN78: FALSE
B79: {=10000000+INDEX(编号表!$B$1:$B$112,MATCH(D79,编号表!$A$1:$A$112,0))*10000+I79} -> 10080003 | C79: 离火星 | D79: 离火星 | E79: 人道 | F79: 火行 | G79: FALSE | H79: FALSE | I79: 3 | J79: 100800 | K79: 凡品 | L79: 10080002 | M79: 10080004 | N79: 凝成火球飞向目标，命中后造成法术伤害。 | O79: 10202007 | P79: 0 | Q79: 2 | R79: 11 | S79: 0 | T79: 100 | U79: 施放本神通 | V79: 800 | W79: 800 | X79: 单位 | Y79: 单体 | Z79: 敌对 | AA79: 0 | AB79: 1 | AC79: FALSE | AD79: 最近 | AY79: 法术 | AZ79: 10800 | BA79: 技能效果_弹道 | BB79: 敌对 | BC79: 10000 | BD79: 0 | BE79: 全部 | BF79: 0 | CF79: mdx\skMdx\ani_effect_jinengtexiao_04 | CG79: Sound\Zs_Gongji1 | CH79: 900 | CI79: 80 | CJ79: 直线 | CK79: 1 | CL79: 0 | CM79: 1 | CN79: 850 | CO79: 80 | CP79: 0 | CQ79: 1 | CR79: 10290003 | GR79: 200 | GS79: 400 | GT79: Spell One | GU79: 30002 | GV79: 340 | GW79: 340 | GX79: TRUE | GY79: 3000 | GZ79: FALSE | HA79: 0 | HB79: 0 | HC79: 0 | HD79: 0 | HE79: FALSE | HF79: 0 | HG79: 10001 | HH79: 340 | HI79: 无 | HJ79: 0 | HK79: 0 | HL79: 0 | HM79: 0 | HN79: FALSE
B80: {=10000000+INDEX(编号表!$B$1:$B$112,MATCH(D80,编号表!$A$1:$A$112,0))*10000+I80} -> 10080004 | C80: 离火星 | D80: 离火星 | E80: 人道 | F80: 火行 | G80: FALSE | H80: FALSE | I80: 4 | J80: 100800 | K80: 凡品 | L80: 10080003 | M80: 10080005 | N80: 凝成火球飞向目标，命中后造成法术伤害。 | O80: 10202007 | P80: 0 | Q80: 3 | R80: 16 | S80: 0 | T80: 100 | U80: 施放本神通 | V80: 800 | W80: 800 | X80: 单位 | Y80: 单体 | Z80: 敌对 | AA80: 0 | AB80: 1 | AC80: FALSE | AD80: 最近 | AY80: 法术 | AZ80: 11200 | BA80: 技能效果_弹道 | BB80: 敌对 | BC80: 10000 | BD80: 0 | BE80: 全部 | BF80: 0 | CF80: mdx\skMdx\ani_effect_jinengtexiao_04 | CG80: Sound\Zs_Gongji1 | CH80: 900 | CI80: 80 | CJ80: 直线 | CK80: 1 | CL80: 0 | CM80: 1 | CN80: 850 | CO80: 80 | CP80: 0 | CQ80: 1 | CR80: 10290004 | GR80: 200 | GS80: 400 | GT80: Spell One | GU80: 30002 | GV80: 340 | GW80: 340 | GX80: TRUE | GY80: 3000 | GZ80: FALSE | HA80: 0 | HB80: 0 | HC80: 0 | HD80: 0 | HE80: FALSE | HF80: 0 | HG80: 10001 | HH80: 340 | HI80: 无 | HJ80: 0 | HK80: 0 | HL80: 0 | HM80: 0 | HN80: FALSE
B81: {=10000000+INDEX(编号表!$B$1:$B$112,MATCH(D81,编号表!$A$1:$A$112,0))*10000+I81} -> 10080005 | C81: 离火星 | D81: 离火星 | E81: 人道 | F81: 火行 | G81: FALSE | H81: FALSE | I81: 5 | J81: 100800 | K81: 凡品 | L81: 10080004 | M81: 10080006 | N81: 凝成火球飞向目标，命中后造成法术伤害。 | O81: 10202007 | P81: 0 | Q81: 3 | R81: 25 | S81: 0 | T81: 100 | U81: 施放本神通 | V81: 800 | W81: 800 | X81: 单位 | Y81: 单体 | Z81: 敌对 | AA81: 0 | AB81: 1 | AC81: FALSE | AD81: 最近 | AY81: 法术 | AZ81: 11300 | BA81: 技能效果_弹道 | BB81: 敌对 | BC81: 10000 | BD81: 0 | BE81: 全部 | BF81: 0 | CF81: mdx\skMdx\ani_effect_jinengtexiao_04 | CG81: Sound\Zs_Gongji1 | CH81: 900 | CI81: 80 | CJ81: 直线 | CK81: 1 | CL81: 0 | CM81: 1 | CN81: 850 | CO81: 80 | CP81: 0 | CQ81: 1 | CR81: 10290005 | GR81: 200 | GS81: 400 | GT81: Spell One | GU81: 30002 | GV81: 340 | GW81: 340 | GX81: TRUE | GY81: 3000 | GZ81: FALSE | HA81: 0 | HB81: 0 | HC81: 0 | HD81: 0 | HE81: FALSE | HF81: 0 | HG81: 10001 | HH81: 340 | HI81: 无 | HJ81: 0 | HK81: 0 | HL81: 0 | HM81: 0 | HN81: FALSE
B82: {=10000000+INDEX(编号表!$B$1:$B$112,MATCH(D82,编号表!$A$1:$A$112,0))*10000+I82} -> 10080006 | C82: 离火星 | D82: 离火星 | E82: 人道 | F82: 火行 | G82: FALSE | H82: FALSE | I82: 6 | J82: 100800 | K82: 凡品 | L82: 10080005 | M82: 10080007 | N82: 凝成火球飞向目标，命中后造成法术伤害。 | O82: 10202007 | P82: 0 | Q82: 3 | R82: 30 | S82: 0 | T82: 100 | U82: 施放本神通 | V82: 800 | W82: 800 | X82: 单位 | Y82: 单体 | Z82: 敌对 | AA82: 0 | AB82: 1 | AC82: FALSE | AD82: 最近 | AY82: 法术 | AZ82: 11600 | BA82: 技能效果_弹道 | BB82: 敌对 | BC82: 10000 | BD82: 0 | BE82: 全部 | BF82: 0 | CF82: mdx\skMdx\ani_effect_jinengtexiao_04 | CG82: Sound\Zs_Gongji1 | CH82: 900 | CI82: 80 | CJ82: 直线 | CK82: 1 | CL82: 0 | CM82: 1 | CN82: 850 | CO82: 80 | CP82: 0 | CQ82: 1 | CR82: 10290006 | GR82: 200 | GS82: 400 | GT82: Spell One | GU82: 30002 | GV82: 340 | GW82: 340 | GX82: TRUE | GY82: 3000 | GZ82: FALSE | HA82: 0 | HB82: 0 | HC82: 0 | HD82: 0 | HE82: FALSE | HF82: 0 | HG82: 10001 | HH82: 340 | HI82: 无 | HJ82: 0 | HK82: 0 | HL82: 0 | HM82: 0 | HN82: FALSE
B83: {=10000000+INDEX(编号表!$B$1:$B$112,MATCH(D83,编号表!$A$1:$A$112,0))*10000+I83} -> 10080007 | C83: 离火星 | D83: 离火星 | E83: 人道 | F83: 火行 | G83: FALSE | H83: FALSE | I83: 7 | J83: 100800 | K83: 凡品 | L83: 10080006 | M83: 10080008 | N83: 凝成火球飞向目标，命中后造成法术伤害。 | O83: 10202007 | P83: 0 | Q83: 3 | R83: 35 | S83: 0 | T83: 100 | U83: 施放本神通 | V83: 800 | W83: 800 | X83: 单位 | Y83: 单体 | Z83: 敌对 | AA83: 0 | AB83: 1 | AC83: FALSE | AD83: 最近 | AY83: 法术 | AZ83: 11700 | BA83: 技能效果_弹道 | BB83: 敌对 | BC83: 10000 | BD83: 0 | BE83: 全部 | BF83: 0 | CF83: mdx\skMdx\ani_effect_jinengtexiao_04 | CG83: Sound\Zs_Gongji1 | CH83: 900 | CI83: 80 | CJ83: 直线 | CK83: 1 | CL83: 0 | CM83: 1 | CN83: 850 | CO83: 80 | CP83: 0 | CQ83: 1 | CR83: 10290007 | GR83: 200 | GS83: 400 | GT83: Spell One | GU83: 30002 | GV83: 340 | GW83: 340 | GX83: TRUE | GY83: 3000 | GZ83: FALSE | HA83: 0 | HB83: 0 | HC83: 0 | HD83: 0 | HE83: FALSE | HF83: 0 | HG83: 10001 | HH83: 340 | HI83: 无 | HJ83: 0 | HK83: 0 | HL83: 0 | HM83: 0 | HN83: FALSE
B84: {=10000000+INDEX(编号表!$B$1:$B$112,MATCH(D84,编号表!$A$1:$A$112,0))*10000+I84} -> 10080008 | C84: 离火星 | D84: 离火星 | E84: 人道 | F84: 火行 | G84: FALSE | H84: FALSE | I84: 8 | J84: 100800 | K84: 凡品 | L84: 10080007 | M84: 10080009 | N84: 凝成火球飞向目标，命中后造成法术伤害。 | O84: 10202007 | P84: 0 | Q84: 3 | R84: 35 | S84: 0 | T84: 100 | U84: 施放本神通 | V84: 800 | W84: 800 | X84: 单位 | Y84: 单体 | Z84: 敌对 | AA84: 0 | AB84: 1 | AC84: FALSE | AD84: 最近 | AY84: 法术 | AZ84: 11800 | BA84: 技能效果_弹道 | BB84: 敌对 | BC84: 10000 | BD84: 0 | BE84: 全部 | BF84: 0 | CF84: mdx\skMdx\ani_effect_jinengtexiao_04 | CG84: Sound\Zs_Gongji1 | CH84: 900 | CI84: 80 | CJ84: 直线 | CK84: 1 | CL84: 0 | CM84: 1 | CN84: 850 | CO84: 80 | CP84: 0 | CQ84: 1 | CR84: 10290008 | GR84: 200 | GS84: 400 | GT84: Spell One | GU84: 30002 | GV84: 340 | GW84: 340 | GX84: TRUE | GY84: 3000 | GZ84: FALSE | HA84: 0 | HB84: 0 | HC84: 0 | HD84: 0 | HE84: FALSE | HF84: 0 | HG84: 10001 | HH84: 340 | HI84: 无 | HJ84: 0 | HK84: 0 | HL84: 0 | HM84: 0 | HN84: FALSE
B85: {=10000000+INDEX(编号表!$B$1:$B$112,MATCH(D85,编号表!$A$1:$A$112,0))*10000+I85} -> 10080009 | C85: 离火星 | D85: 离火星 | E85: 人道 | F85: 火行 | G85: FALSE | H85: FALSE | I85: 9 | J85: 100800 | K85: 凡品 | L85: 10080008 | M85: 10080010 | N85: 凝成火球飞向目标，命中后造成法术伤害。 | O85: 10202007 | P85: 0 | Q85: 3 | R85: 40 | S85: 0 | T85: 100 | U85: 施放本神通 | V85: 800 | W85: 800 | X85: 单位 | Y85: 单体 | Z85: 敌对 | AA85: 0 | AB85: 1 | AC85: FALSE | AD85: 最近 | AY85: 法术 | AZ85: 11900 | BA85: 技能效果_弹道 | BB85: 敌对 | BC85: 10000 | BD85: 0 | BE85: 全部 | BF85: 0 | CF85: mdx\skMdx\ani_effect_jinengtexiao_04 | CG85: Sound\Zs_Gongji1 | CH85: 900 | CI85: 80 | CJ85: 直线 | CK85: 1 | CL85: 0 | CM85: 1 | CN85: 850 | CO85: 80 | CP85: 0 | CQ85: 1 | CR85: 10290009 | GR85: 200 | GS85: 400 | GT85: Spell One | GU85: 30002 | GV85: 340 | GW85: 340 | GX85: TRUE | GY85: 3000 | GZ85: FALSE | HA85: 0 | HB85: 0 | HC85: 0 | HD85: 0 | HE85: FALSE | HF85: 0 | HG85: 10001 | HH85: 340 | HI85: 无 | HJ85: 0 | HK85: 0 | HL85: 0 | HM85: 0 | HN85: FALSE
B86: {=10000000+INDEX(编号表!$B$1:$B$112,MATCH(D86,编号表!$A$1:$A$112,0))*10000+I86} -> 10080010 | C86: 离火星 | D86: 离火星 | E86: 人道 | F86: 火行 | G86: FALSE | H86: FALSE | I86: 10 | J86: 100800 | K86: 凡品 | L86: 10080009 | M86: 0 | N86: 凝成火球飞向目标，命中后造成法术伤害。 | O86: 10202007 | P86: 0 | Q86: 3 | R86: 40 | S86: 0 | T86: 0 | U86: 施放本神通 | V86: 800 | W86: 800 | X86: 单位 | Y86: 单体 | Z86: 敌对 | AA86: 0 | AB86: 1 | AC86: FALSE | AD86: 最近 | AY86: 法术 | AZ86: 12000 | BA86: 技能效果_弹道 | BB86: 敌对 | BC86: 10000 | BD86: 0 | BE86: 全部 | BF86: 0 | CF86: mdx\skMdx\ani_effect_jinengtexiao_04 | CG86: Sound\Zs_Gongji1 | CH86: 900 | CI86: 80 | CJ86: 直线 | CK86: 1 | CL86: 0 | CM86: 1 | CN86: 850 | CO86: 80 | CP86: 0 | CQ86: 1 | CR86: 10290010 | GR86: 200 | GS86: 400 | GT86: Spell One | GU86: 30002 | GV86: 340 | GW86: 340 | GX86: TRUE | GY86: 3000 | GZ86: FALSE | HA86: 0 | HB86: 0 | HC86: 0 | HD86: 0 | HE86: FALSE | HF86: 0 | HG86: 10001 | HH86: 340 | HI86: 无 | HJ86: 0 | HK86: 0 | HL86: 0 | HM86: 0 | HN86: FALSE
B87: {=10000000+INDEX(编号表!$B$1:$B$112,MATCH(D87,编号表!$A$1:$A$112,0))*10000+I87} -> 10090001 | C87: 凝岳印 | D87: 凝岳印 | E87: 人道 | F87: 土行 | G87: FALSE | H87: FALSE | I87: 1 | J87: 100900 | K87: 凡品 | L87: 0 | M87: 10090002 | N87: 在目标上方凝成土印砸落，造成法术伤害。 | O87: 10202008 | P87: 0 | Q87: 0 | R87: 1 | S87: 0 | T87: 100 | U87: 施放本神通 | V87: 700 | W87: 700 | X87: 单位 | Y87: 单体 | Z87: 敌对 | AA87: 0 | AB87: 1 | AC87: FALSE | AD87: 最近 | AY87: 法术 | AZ87: 10000 | BA87: 技能效果_伤害 | BB87: 敌对 | BC87: 10000 | BD87: 0 | BE87: 全部 | BF87: 0 | BG87: 魔法 | BH87: 11000 | BI87: 3 | BJ87: TRUE | BK87: 0 | BL87: 10000 | GR87: 200 | GS87: 400 | GT87: Spell One | GU87: 30035 | GV87: 340 | GW87: 340 | GX87: TRUE | GY87: 2800 | GZ87: FALSE | HA87: 0 | HB87: 0 | HC87: 0 | HD87: 0 | HE87: FALSE | HF87: 0 | HG87: 10001 | HH87: 340 | HI87: 无 | HJ87: 0 | HK87: 0 | HL87: 0 | HM87: 0 | HN87: FALSE
B88: {=10000000+INDEX(编号表!$B$1:$B$112,MATCH(D88,编号表!$A$1:$A$112,0))*10000+I88} -> 10090002 | C88: 凝岳印 | D88: 凝岳印 | E88: 人道 | F88: 土行 | G88: FALSE | H88: FALSE | I88: 2 | J88: 100900 | K88: 凡品 | L88: 10090001 | M88: 10090003 | N88: 在目标上方凝成土印砸落，造成法术伤害。 | O88: 10202008 | P88: 0 | Q88: 1 | R88: 7 | S88: 0 | T88: 100 | U88: 施放本神通 | V88: 700 | W88: 700 | X88: 单位 | Y88: 单体 | Z88: 敌对 | AA88: 0 | AB88: 1 | AC88: FALSE | AD88: 最近 | AY88: 法术 | AZ88: 10400 | BA88: 技能效果_伤害 | BB88: 敌对 | BC88: 10000 | BD88: 0 | BE88: 全部 | BF88: 0 | BG88: 魔法 | BH88: 11000 | BI88: 4 | BJ88: TRUE | BK88: 0 | BL88: 10000 | GR88: 200 | GS88: 400 | GT88: Spell One | GU88: 30035 | GV88: 340 | GW88: 340 | GX88: TRUE | GY88: 2800 | GZ88: FALSE | HA88: 0 | HB88: 0 | HC88: 0 | HD88: 0 | HE88: FALSE | HF88: 0 | HG88: 10001 | HH88: 340 | HI88: 无 | HJ88: 0 | HK88: 0 | HL88: 0 | HM88: 0 | HN88: FALSE
B89: {=10000000+INDEX(编号表!$B$1:$B$112,MATCH(D89,编号表!$A$1:$A$112,0))*10000+I89} -> 10090003 | C89: 凝岳印 | D89: 凝岳印 | E89: 人道 | F89: 土行 | G89: FALSE | H89: FALSE | I89: 3 | J89: 100900 | K89: 凡品 | L89: 10090002 | M89: 10090004 | N89: 在目标上方凝成土印砸落，造成法术伤害。 | O89: 10202008 | P89: 0 | Q89: 2 | R89: 11 | S89: 0 | T89: 100 | U89: 施放本神通 | V89: 700 | W89: 700 | X89: 单位 | Y89: 单体 | Z89: 敌对 | AA89: 0 | AB89: 1 | AC89: FALSE | AD89: 最近 | AY89: 法术 | AZ89: 10800 | BA89: 技能效果_伤害 | BB89: 敌对 | BC89: 10000 | BD89: 0 | BE89: 全部 | BF89: 0 | BG89: 魔法 | BH89: 11000 | BI89: 5 | BJ89: TRUE | BK89: 0 | BL89: 10000 | GR89: 200 | GS89: 400 | GT89: Spell One | GU89: 30035 | GV89: 340 | GW89: 340 | GX89: TRUE | GY89: 2800 | GZ89: FALSE | HA89: 0 | HB89: 0 | HC89: 0 | HD89: 0 | HE89: FALSE | HF89: 0 | HG89: 10001 | HH89: 340 | HI89: 无 | HJ89: 0 | HK89: 0 | HL89: 0 | HM89: 0 | HN89: FALSE
B90: {=10000000+INDEX(编号表!$B$1:$B$112,MATCH(D90,编号表!$A$1:$A$112,0))*10000+I90} -> 10090004 | C90: 凝岳印 | D90: 凝岳印 | E90: 人道 | F90: 土行 | G90: FALSE | H90: FALSE | I90: 4 | J90: 100900 | K90: 凡品 | L90: 10090003 | M90: 10090005 | N90: 在目标上方凝成土印砸落，造成法术伤害。 | O90: 10202008 | P90: 0 | Q90: 3 | R90: 16 | S90: 0 | T90: 100 | U90: 施放本神通 | V90: 700 | W90: 700 | X90: 单位 | Y90: 单体 | Z90: 敌对 | AA90: 0 | AB90: 1 | AC90: FALSE | AD90: 最近 | AY90: 法术 | AZ90: 11200 | BA90: 技能效果_伤害 | BB90: 敌对 | BC90: 10000 | BD90: 0 | BE90: 全部 | BF90: 0 | BG90: 魔法 | BH90: 11000 | BI90: 6 | BJ90: TRUE | BK90: 0 | BL90: 10000 | GR90: 200 | GS90: 400 | GT90: Spell One | GU90: 30035 | GV90: 340 | GW90: 340 | GX90: TRUE | GY90: 2800 | GZ90: FALSE | HA90: 0 | HB90: 0 | HC90: 0 | HD90: 0 | HE90: FALSE | HF90: 0 | HG90: 10001 | HH90: 340 | HI90: 无 | HJ90: 0 | HK90: 0 | HL90: 0 | HM90: 0 | HN90: FALSE
B91: {=10000000+INDEX(编号表!$B$1:$B$112,MATCH(D91,编号表!$A$1:$A$112,0))*10000+I91} -> 10090005 | C91: 凝岳印 | D91: 凝岳印 | E91: 人道 | F91: 土行 | G91: FALSE | H91: FALSE | I91: 5 | J91: 100900 | K91: 凡品 | L91: 10090004 | M91: 10090006 | N91: 在目标上方凝成土印砸落，造成法术伤害。 | O91: 10202008 | P91: 0 | Q91: 3 | R91: 25 | S91: 0 | T91: 100 | U91: 施放本神通 | V91: 700 | W91: 700 | X91: 单位 | Y91: 单体 | Z91: 敌对 | AA91: 0 | AB91: 1 | AC91: FALSE | AD91: 最近 | AY91: 法术 | AZ91: 11300 | BA91: 技能效果_伤害 | BB91: 敌对 | BC91: 10000 | BD91: 0 | BE91: 全部 | BF91: 0 | BG91: 魔法 | BH91: 11000 | BI91: 6 | BJ91: TRUE | BK91: 0 | BL91: 10000 | GR91: 200 | GS91: 400 | GT91: Spell One | GU91: 30035 | GV91: 340 | GW91: 340 | GX91: TRUE | GY91: 2800 | GZ91: FALSE | HA91: 0 | HB91: 0 | HC91: 0 | HD91: 0 | HE91: FALSE | HF91: 0 | HG91: 10001 | HH91: 340 | HI91: 无 | HJ91: 0 | HK91: 0 | HL91: 0 | HM91: 0 | HN91: FALSE
B92: {=10000000+INDEX(编号表!$B$1:$B$112,MATCH(D92,编号表!$A$1:$A$112,0))*10000+I92} -> 10090006 | C92: 凝岳印 | D92: 凝岳印 | E92: 人道 | F92: 土行 | G92: FALSE | H92: FALSE | I92: 6 | J92: 100900 | K92: 凡品 | L92: 10090005 | M92: 10090007 | N92: 在目标上方凝成土印砸落，造成法术伤害。 | O92: 10202008 | P92: 0 | Q92: 3 | R92: 30 | S92: 0 | T92: 100 | U92: 施放本神通 | V92: 700 | W92: 700 | X92: 单位 | Y92: 单体 | Z92: 敌对 | AA92: 0 | AB92: 1 | AC92: FALSE | AD92: 最近 | AY92: 法术 | AZ92: 11600 | BA92: 技能效果_伤害 | BB92: 敌对 | BC92: 10000 | BD92: 0 | BE92: 全部 | BF92: 0 | BG92: 魔法 | BH92: 11000 | BI92: 7 | BJ92: TRUE | BK92: 0 | BL92: 10000 | GR92: 200 | GS92: 400 | GT92: Spell One | GU92: 30035 | GV92: 340 | GW92: 340 | GX92: TRUE | GY92: 2800 | GZ92: FALSE | HA92: 0 | HB92: 0 | HC92: 0 | HD92: 0 | HE92: FALSE | HF92: 0 | HG92: 10001 | HH92: 340 | HI92: 无 | HJ92: 0 | HK92: 0 | HL92: 0 | HM92: 0 | HN92: FALSE
B93: {=10000000+INDEX(编号表!$B$1:$B$112,MATCH(D93,编号表!$A$1:$A$112,0))*10000+I93} -> 10090007 | C93: 凝岳印 | D93: 凝岳印 | E93: 人道 | F93: 土行 | G93: FALSE | H93: FALSE | I93: 7 | J93: 100900 | K93: 凡品 | L93: 10090006 | M93: 10090008 | N93: 在目标上方凝成土印砸落，造成法术伤害。 | O93: 10202008 | P93: 0 | Q93: 3 | R93: 35 | S93: 0 | T93: 100 | U93: 施放本神通 | V93: 700 | W93: 700 | X93: 单位 | Y93: 单体 | Z93: 敌对 | AA93: 0 | AB93: 1 | AC93: FALSE | AD93: 最近 | AY93: 法术 | AZ93: 11700 | BA93: 技能效果_伤害 | BB93: 敌对 | BC93: 10000 | BD93: 0 | BE93: 全部 | BF93: 0 | BG93: 魔法 | BH93: 11000 | BI93: 9 | BJ93: TRUE | BK93: 0 | BL93: 10000 | GR93: 200 | GS93: 400 | GT93: Spell One | GU93: 30035 | GV93: 340 | GW93: 340 | GX93: TRUE | GY93: 2800 | GZ93: FALSE | HA93: 0 | HB93: 0 | HC93: 0 | HD93: 0 | HE93: FALSE | HF93: 0 | HG93: 10001 | HH93: 340 | HI93: 无 | HJ93: 0 | HK93: 0 | HL93: 0 | HM93: 0 | HN93: FALSE
B94: {=10000000+INDEX(编号表!$B$1:$B$112,MATCH(D94,编号表!$A$1:$A$112,0))*10000+I94} -> 10090008 | C94: 凝岳印 | D94: 凝岳印 | E94: 人道 | F94: 土行 | G94: FALSE | H94: FALSE | I94: 8 | J94: 100900 | K94: 凡品 | L94: 10090007 | M94: 10090009 | N94: 在目标上方凝成土印砸落，造成法术伤害。 | O94: 10202008 | P94: 0 | Q94: 3 | R94: 35 | S94: 0 | T94: 100 | U94: 施放本神通 | V94: 700 | W94: 700 | X94: 单位 | Y94: 单体 | Z94: 敌对 | AA94: 0 | AB94: 1 | AC94: FALSE | AD94: 最近 | AY94: 法术 | AZ94: 11800 | BA94: 技能效果_伤害 | BB94: 敌对 | BC94: 10000 | BD94: 0 | BE94: 全部 | BF94: 0 | BG94: 魔法 | BH94: 11000 | BI94: 10 | BJ94: TRUE | BK94: 0 | BL94: 10000 | GR94: 200 | GS94: 400 | GT94: Spell One | GU94: 30035 | GV94: 340 | GW94: 340 | GX94: TRUE | GY94: 2800 | GZ94: FALSE | HA94: 0 | HB94: 0 | HC94: 0 | HD94: 0 | HE94: FALSE | HF94: 0 | HG94: 10001 | HH94: 340 | HI94: 无 | HJ94: 0 | HK94: 0 | HL94: 0 | HM94: 0 | HN94: FALSE
B95: {=10000000+INDEX(编号表!$B$1:$B$112,MATCH(D95,编号表!$A$1:$A$112,0))*10000+I95} -> 10090009 | C95: 凝岳印 | D95: 凝岳印 | E95: 人道 | F95: 土行 | G95: FALSE | H95: FALSE | I95: 9 | J95: 100900 | K95: 凡品 | L95: 10090008 | M95: 10090010 | N95: 在目标上方凝成土印砸落，造成法术伤害。 | O95: 10202008 | P95: 0 | Q95: 3 | R95: 40 | S95: 0 | T95: 100 | U95: 施放本神通 | V95: 700 | W95: 700 | X95: 单位 | Y95: 单体 | Z95: 敌对 | AA95: 0 | AB95: 1 | AC95: FALSE | AD95: 最近 | AY95: 法术 | AZ95: 11900 | BA95: 技能效果_伤害 | BB95: 敌对 | BC95: 10000 | BD95: 0 | BE95: 全部 | BF95: 0 | BG95: 魔法 | BH95: 11000 | BI95: 12 | BJ95: TRUE | BK95: 0 | BL95: 10000 | GR95: 200 | GS95: 400 | GT95: Spell One | GU95: 30035 | GV95: 340 | GW95: 340 | GX95: TRUE | GY95: 2800 | GZ95: FALSE | HA95: 0 | HB95: 0 | HC95: 0 | HD95: 0 | HE95: FALSE | HF95: 0 | HG95: 10001 | HH95: 340 | HI95: 无 | HJ95: 0 | HK95: 0 | HL95: 0 | HM95: 0 | HN95: FALSE
B96: {=10000000+INDEX(编号表!$B$1:$B$112,MATCH(D96,编号表!$A$1:$A$112,0))*10000+I96} -> 10090010 | C96: 凝岳印 | D96: 凝岳印 | E96: 人道 | F96: 土行 | G96: FALSE | H96: FALSE | I96: 10 | J96: 100900 | K96: 凡品 | L96: 10090009 | M96: 0 | N96: 在目标上方凝成土印砸落，造成法术伤害。 | O96: 10202008 | P96: 0 | Q96: 3 | R96: 40 | S96: 0 | T96: 0 | U96: 施放本神通 | V96: 700 | W96: 700 | X96: 单位 | Y96: 单体 | Z96: 敌对 | AA96: 0 | AB96: 1 | AC96: FALSE | AD96: 最近 | AY96: 法术 | AZ96: 12000 | BA96: 技能效果_伤害 | BB96: 敌对 | BC96: 10000 | BD96: 0 | BE96: 全部 | BF96: 0 | BG96: 魔法 | BH96: 11000 | BI96: 15 | BJ96: TRUE | BK96: 0 | BL96: 10000 | GR96: 200 | GS96: 400 | GT96: Spell One | GU96: 30035 | GV96: 340 | GW96: 340 | GX96: TRUE | GY96: 2800 | GZ96: FALSE | HA96: 0 | HB96: 0 | HC96: 0 | HD96: 0 | HE96: FALSE | HF96: 0 | HG96: 10001 | HH96: 340 | HI96: 无 | HJ96: 0 | HK96: 0 | HL96: 0 | HM96: 0 | HN96: FALSE
B97: {=10000000+INDEX(编号表!$B$1:$B$112,MATCH(D97,编号表!$A$1:$A$112,0))*10000+I97} -> 10100001 | C97: 惊蛰落霆 | D97: 惊蛰落霆 | E97: 人道 | F97: 术法 | G97: FALSE | H97: FALSE | I97: 1 | J97: 101000 | K97: 凡品 | L97: 0 | M97: 10100002 | N97: 召下一道雷光轰击目标，造成法术伤害。 | O97: 10202009 | P97: 0 | Q97: 0 | R97: 1 | S97: 0 | T97: 100 | U97: 施放本神通 | V97: 750 | W97: 750 | X97: 单位 | Y97: 单体 | Z97: 敌对 | AA97: 0 | AB97: 1 | AC97: FALSE | AD97: 最近 | AY97: 法术 | AZ97: 10000 | BA97: 技能效果_伤害 | BB97: 敌对 | BC97: 10000 | BD97: 0 | BE97: 全部 | BF97: 0 | BG97: 魔法 | BH97: 12000 | BI97: 3 | BJ97: TRUE | BK97: 0 | BL97: 10000 | GR97: 200 | GS97: 400 | GT97: Spell One | GU97: 30014 | GV97: 340 | GW97: 340 | GX97: TRUE | GY97: 3200 | GZ97: FALSE | HA97: 0 | HB97: 0 | HC97: 0 | HD97: 0 | HE97: FALSE | HF97: 0 | HG97: 10001 | HH97: 340 | HI97: 无 | HJ97: 0 | HK97: 0 | HL97: 0 | HM97: 0 | HN97: FALSE
B98: {=10000000+INDEX(编号表!$B$1:$B$112,MATCH(D98,编号表!$A$1:$A$112,0))*10000+I98} -> 10100002 | C98: 惊蛰落霆 | D98: 惊蛰落霆 | E98: 人道 | F98: 术法 | G98: FALSE | H98: FALSE | I98: 2 | J98: 101000 | K98: 凡品 | L98: 10100001 | M98: 10100003 | N98: 召下一道雷光轰击目标，造成法术伤害。 | O98: 10202009 | P98: 0 | Q98: 1 | R98: 7 | S98: 0 | T98: 100 | U98: 施放本神通 | V98: 750 | W98: 750 | X98: 单位 | Y98: 单体 | Z98: 敌对 | AA98: 0 | AB98: 1 | AC98: FALSE | AD98: 最近 | AY98: 法术 | AZ98: 10400 | BA98: 技能效果_伤害 | BB98: 敌对 | BC98: 10000 | BD98: 0 | BE98: 全部 | BF98: 0 | BG98: 魔法 | BH98: 12000 | BI98: 4 | BJ98: TRUE | BK98: 0 | BL98: 10000 | GR98: 200 | GS98: 400 | GT98: Spell One | GU98: 30014 | GV98: 340 | GW98: 340 | GX98: TRUE | GY98: 3200 | GZ98: FALSE | HA98: 0 | HB98: 0 | HC98: 0 | HD98: 0 | HE98: FALSE | HF98: 0 | HG98: 10001 | HH98: 340 | HI98: 无 | HJ98: 0 | HK98: 0 | HL98: 0 | HM98: 0 | HN98: FALSE
... B106: {=10000000+INDEX(编号表!$B$1:$B$112,MATCH(D106,编号表!$A$1:$A$112,0))*10000+I106} -> 10100010 | C106: 惊蛰落霆 | D106: 惊蛰落霆 | E106: 人道 | F106: 术法 | G106: FALSE | H106: FALSE | I106: 10 | J106: 101000 | K106: 凡品 | L106: 10100009 | M106: 0 | N106: 召下一道雷光轰击目标，造成法术伤害。 | O106: 10202009 | P106: 0 | Q106: 3 | R106: 40 | S106: 0 | T106: 0 | U106: 施放本神通 | V106: 750 | W106: 750 | X106: 单位 | Y106: 单体 | Z106: 敌对 | AA106: 0 | AB106: 1 | AC106: FALSE | AD106: 最近 | AY106: 法术 | AZ106: 12000 | BA106: 技能效果_伤害 | BB106: 敌对 | BC106: 10000 | BD106: 0 | BE106: 全部 | BF106: 0 | BG106: 魔法 | BH106: 12000 | BI106: 15 | BJ106: TRUE | BK106: 0 | BL106: 10000 | GR106: 200 | GS106: 400 | GT106: Spell One | GU106: 30014 | GV106: 340 | GW106: 340 | GX106: TRUE | GY106: 3200 | GZ106: FALSE | HA106: 0 | HB106: 0 | HC106: 0 | HD106: 0 | HE106: FALSE | HF106: 0 | HG106: 10001 | HH106: 340 | HI106: 无 | HJ106: 0 | HK106: 0 | HL106: 0 | HM106: 0 | HN106: FALSE
B107: {=10000000+INDEX(编号表!$B$1:$B$112,MATCH(D107,编号表!$A$1:$A$112,0))*10000+I107} -> 10110001 | C107: 赤霄焚野 | D107: 赤霄焚野 | E107: 人道 | F107: 火行 | G107: FALSE | H107: FALSE | I107: 1 | J107: 101100 | K107: 凡品 | L107: 0 | M107: 10110002 | N107: 在目标区域铺开火纹，对范围内敌人造成法术伤害。 | O107: 10202010 | P107: 0 | Q107: 0 | R107: 1 | S107: 0 | T107: 100 | U107: 施放本神通 | V107: 650 | W107: 0 | X107: 目标点 | Y107: 圆形 | Z107: 敌对 | AA107: 0 | AB107: 12 | AC107: FALSE | AD107: 最近 | AE107: 320 | AY107: 法术 | AZ107: 10000 | BA107: 技能效果_伤害 | BB107: 敌对 | BC107: 10000 | BD107: 0 | BE107: 全部 | BF107: 0 | BG107: 魔法 | BH107: 8500 | BI107: 3 | BJ107: TRUE | BK107: 0 | BL107: 6000 | GR107: 200 | GS107: 400 | GT107: Spell One | GU107: 30015 | GV107: 340 | GW107: 340 | GX107: TRUE | GY107: 5000 | GZ107: FALSE | HA107: 0 | HB107: 0 | HC107: 0 | HD107: 0 | HE107: FALSE | HF107: 0 | HG107: 10001 | HH107: 340 | HI107: 无 | HJ107: 0 | HK107: 0 | HL107: 0 | HM107: 0 | HN107: FALSE
B108: {=10000000+INDEX(编号表!$B$1:$B$112,MATCH(D108,编号表!$A$1:$A$112,0))*10000+I108} -> 10110002 | C108: 赤霄焚野 | D108: 赤霄焚野 | E108: 人道 | F108: 火行 | G108: FALSE | H108: FALSE | I108: 2 | J108: 101100 | K108: 凡品 | L108: 10110001 | M108: 10110003 | N108: 在目标区域铺开火纹，对范围内敌人造成法术伤害。 | O108: 10202010 | P108: 0 | Q108: 1 | R108: 7 | S108: 0 | T108: 100 | U108: 施放本神通 | V108: 650 | W108: 0 | X108: 目标点 | Y108: 圆形 | Z108: 敌对 | AA108: 0 | AB108: 12 | AC108: FALSE | AD108: 最近 | AE108: 320 | AY108: 法术 | AZ108: 10400 | BA108: 技能效果_伤害 | BB108: 敌对 | BC108: 10000 | BD108: 0 | BE108: 全部 | BF108: 0 | BG108: 魔法 | BH108: 8500 | BI108: 4 | BJ108: TRUE | BK108: 0 | BL108: 6000 | GR108: 200 | GS108: 400 | GT108: Spell One | GU108: 30015 | GV108: 340 | GW108: 340 | GX108: TRUE | GY108: 5000 | GZ108: FALSE | HA108: 0 | HB108: 0 | HC108: 0 | HD108: 0 | HE108: FALSE | HF108: 0 | HG108: 10001 | HH108: 340 | HI108: 无 | HJ108: 0 | HK108: 0 | HL108: 0 | HM108: 0 | HN108: FALSE
B109: {=10000000+INDEX(编号表!$B$1:$B$112,MATCH(D109,编号表!$A$1:$A$112,0))*10000+I109} -> 10110003 | C109: 赤霄焚野 | D109: 赤霄焚野 | E109: 人道 | F109: 火行 | G109: FALSE | H109: FALSE | I109: 3 | J109: 101100 | K109: 凡品 | L109: 10110002 | M109: 10110004 | N109: 在目标区域铺开火纹，对范围内敌人造成法术伤害。 | O109: 10202010 | P109: 0 | Q109: 2 | R109: 11 | S109: 0 | T109: 100 | U109: 施放本神通 | V109: 650 | W109: 0 | X109: 目标点 | Y109: 圆形 | Z109: 敌对 | AA109: 0 | AB109: 12 | AC109: FALSE | AD109: 最近 | AE109: 320 | AY109: 法术 | AZ109: 10800 | BA109: 技能效果_伤害 | BB109: 敌对 | BC109: 10000 | BD109: 0 | BE109: 全部 | BF109: 0 | BG109: 魔法 | BH109: 8500 | BI109: 5 | BJ109: TRUE | BK109: 0 | BL109: 6000 | GR109: 200 | GS109: 400 | GT109: Spell One | GU109: 30015 | GV109: 340 | GW109: 340 | GX109: TRUE | GY109: 5000 | GZ109: FALSE | HA109: 0 | HB109: 0 | HC109: 0 | HD109: 0 | HE109: FALSE | HF109: 0 | HG109: 10001 | HH109: 340 | HI109: 无 | HJ109: 0 | HK109: 0 | HL109: 0 | HM109: 0 | HN109: FALSE
B110: {=10000000+INDEX(编号表!$B$1:$B$112,MATCH(D110,编号表!$A$1:$A$112,0))*10000+I110} -> 10110004 | C110: 赤霄焚野 | D110: 赤霄焚野 | E110: 人道 | F110: 火行 | G110: FALSE | H110: FALSE | I110: 4 | J110: 101100 | K110: 凡品 | L110: 10110003 | M110: 10110005 | N110: 在目标区域铺开火纹，对范围内敌人造成法术伤害。 | O110: 10202010 | P110: 0 | Q110: 3 | R110: 16 | S110: 0 | T110: 100 | U110: 施放本神通 | V110: 650 | W110: 0 | X110: 目标点 | Y110: 圆形 | Z110: 敌对 | AA110: 0 | AB110: 12 | AC110: FALSE | AD110: 最近 | AE110: 320 | AY110: 法术 | AZ110: 11200 | BA110: 技能效果_伤害 | BB110: 敌对 | BC110: 10000 | BD110: 0 | BE110: 全部 | BF110: 0 | BG110: 魔法 | BH110: 8500 | BI110: 6 | BJ110: TRUE | BK110: 0 | BL110: 6000 | GR110: 200 | GS110: 400 | GT110: Spell One | GU110: 30015 | GV110: 340 | GW110: 340 | GX110: TRUE | GY110: 5000 | GZ110: FALSE | HA110: 0 | HB110: 0 | HC110: 0 | HD110: 0 | HE110: FALSE | HF110: 0 | HG110: 10001 | HH110: 340 | HI110: 无 | HJ110: 0 | HK110: 0 | HL110: 0 | HM110: 0 | HN110: FALSE
B111: {=10000000+INDEX(编号表!$B$1:$B$112,MATCH(D111,编号表!$A$1:$A$112,0))*10000+I111} -> 10110005 | C111: 赤霄焚野 | D111: 赤霄焚野 | E111: 人道 | F111: 火行 | G111: FALSE | H111: FALSE | I111: 5 | J111: 101100 | K111: 凡品 | L111: 10110004 | M111: 10110006 | N111: 在目标区域铺开火纹，对范围内敌人造成法术伤害。 | O111: 10202010 | P111: 0 | Q111: 3 | R111: 25 | S111: 0 | T111: 100 | U111: 施放本神通 | V111: 650 | W111: 0 | X111: 目标点 | Y111: 圆形 | Z111: 敌对 | AA111: 0 | AB111: 12 | AC111: FALSE | AD111: 最近 | AE111: 320 | AY111: 法术 | AZ111: 11300 | BA111: 技能效果_伤害 | BB111: 敌对 | BC111: 10000 | BD111: 0 | BE111: 全部 | BF111: 0 | BG111: 魔法 | BH111: 8500 | BI111: 6 | BJ111: TRUE | BK111: 0 | BL111: 6000 | GR111: 200 | GS111: 400 | GT111: Spell One | GU111: 30015 | GV111: 340 | GW111: 340 | GX111: TRUE | GY111: 5000 | GZ111: FALSE | HA111: 0 | HB111: 0 | HC111: 0 | HD111: 0 | HE111: FALSE | HF111: 0 | HG111: 10001 | HH111: 340 | HI111: 无 | HJ111: 0 | HK111: 0 | HL111: 0 | HM111: 0 | HN111: FALSE
B112: {=10000000+INDEX(编号表!$B$1:$B$112,MATCH(D112,编号表!$A$1:$A$112,0))*10000+I112} -> 10110006 | C112: 赤霄焚野 | D112: 赤霄焚野 | E112: 人道 | F112: 火行 | G112: FALSE | H112: FALSE | I112: 6 | J112: 101100 | K112: 凡品 | L112: 10110005 | M112: 10110007 | N112: 在目标区域铺开火纹，对范围内敌人造成法术伤害。 | O112: 10202010 | P112: 0 | Q112: 3 | R112: 30 | S112: 0 | T112: 100 | U112: 施放本神通 | V112: 650 | W112: 0 | X112: 目标点 | Y112: 圆形 | Z112: 敌对 | AA112: 0 | AB112: 12 | AC112: FALSE | AD112: 最近 | AE112: 320 | AY112: 法术 | AZ112: 11600 | BA112: 技能效果_伤害 | BB112: 敌对 | BC112: 10000 | BD112: 0 | BE112: 全部 | BF112: 0 | BG112: 魔法 | BH112: 8500 | BI112: 7 | BJ112: TRUE | BK112: 0 | BL112: 6000 | GR112: 200 | GS112: 400 | GT112: Spell One | GU112: 30015 | GV112: 340 | GW112: 340 | GX112: TRUE | GY112: 5000 | GZ112: FALSE | HA112: 0 | HB112: 0 | HC112: 0 | HD112: 0 | HE112: FALSE | HF112: 0 | HG112: 10001 | HH112: 340 | HI112: 无 | HJ112: 0 | HK112: 0 | HL112: 0 | HM112: 0 | HN112: FALSE
B113: {=10000000+INDEX(编号表!$B$1:$B$112,MATCH(D113,编号表!$A$1:$A$112,0))*10000+I113} -> 10110007 | C113: 赤霄焚野 | D113: 赤霄焚野 | E113: 人道 | F113: 火行 | G113: FALSE | H113: FALSE | I113: 7 | J113: 101100 | K113: 凡品 | L113: 10110006 | M113: 10110008 | N113: 在目标区域铺开火纹，对范围内敌人造成法术伤害。 | O113: 10202010 | P113: 0 | Q113: 3 | R113: 35 | S113: 0 | T113: 100 | U113: 施放本神通 | V113: 650 | W113: 0 | X113: 目标点 | Y113: 圆形 | Z113: 敌对 | AA113: 0 | AB113: 12 | AC113: FALSE | AD113: 最近 | AE113: 320 | AY113: 法术 | AZ113: 11700 | BA113: 技能效果_伤害 | BB113: 敌对 | BC113: 10000 | BD113: 0 | BE113: 全部 | BF113: 0 | BG113: 魔法 | BH113: 8500 | BI113: 9 | BJ113: TRUE | BK113: 0 | BL113: 6000 | GR113: 200 | GS113: 400 | GT113: Spell One | GU113: 30015 | GV113: 340 | GW113: 340 | GX113: TRUE | GY113: 5000 | GZ113: FALSE | HA113: 0 | HB113: 0 | HC113: 0 | HD113: 0 | HE113: FALSE | HF113: 0 | HG113: 10001 | HH113: 340 | HI113: 无 | HJ113: 0 | HK113: 0 | HL113: 0 | HM113: 0 | HN113: FALSE
B114: {=10000000+INDEX(编号表!$B$1:$B$112,MATCH(D114,编号表!$A$1:$A$112,0))*10000+I114} -> 10110008 | C114: 赤霄焚野 | D114: 赤霄焚野 | E114: 人道 | F114: 火行 | G114: FALSE | H114: FALSE | I114: 8 | J114: 101100 | K114: 凡品 | L114: 10110007 | M114: 10110009 | N114: 在目标区域铺开火纹，对范围内敌人造成法术伤害。 | O114: 10202010 | P114: 0 | Q114: 3 | R114: 35 | S114: 0 | T114: 100 | U114: 施放本神通 | V114: 650 | W114: 0 | X114: 目标点 | Y114: 圆形 | Z114: 敌对 | AA114: 0 | AB114: 12 | AC114: FALSE | AD114: 最近 | AE114: 320 | AY114: 法术 | AZ114: 11800 | BA114: 技能效果_伤害 | BB114: 敌对 | BC114: 10000 | BD114: 0 | BE114: 全部 | BF114: 0 | BG114: 魔法 | BH114: 8500 | BI114: 10 | BJ114: TRUE | BK114: 0 | BL114: 6000 | GR114: 200 | GS114: 400 | GT114: Spell One | GU114: 30015 | GV114: 340 | GW114: 340 | GX114: TRUE | GY114: 5000 | GZ114: FALSE | HA114: 0 | HB114: 0 | HC114: 0 | HD114: 0 | HE114: FALSE | HF114: 0 | HG114: 10001 | HH114: 340 | HI114: 无 | HJ114: 0 | HK114: 0 | HL114: 0 | HM114: 0 | HN114: FALSE
...

Sheet buff_config
A1: ##var | B1: id | C1: icon_name | D1: name | F1: level | G1: description | H1: identify_id | I1: show_time | J1: time_override | K1: pile_type | L1: pile_max | M1: duration | N1: interval | O1: display_position | P1: icon_id | Q1: effect_path | R1: binding_position | S1: category | T1: dispel_level | U1: effects
A2: ##var | U2: 0 | AL2: 1 | BC2: 2
A3: ##var | U3: $type | V3: rate | W3: tag | X3: damage_type | Y3: dot_coefficient | Z3: dot_flat | AA3: dot_can_crit | AB3: dot_crit | AC3: heal_type | AD3: hot_coefficient | AE3: hot_flat | AF3: hot_can_crit | AG3: hot_crit | AH3: attr_key | AI3: attr_value | AJ3: sub_skill_id | AK3: per_target_interval_ms | AL3: $type | AM3: rate | AN3: tag | AO3: damage_type | AP3: dot_coefficient | AQ3: dot_flat | AR3: dot_can_crit | AS3: dot_crit | AT3: heal_type | AU3: hot_coefficient | AV3: hot_flat | AW3: hot_can_crit | AX3: hot_crit | AY3: attr_key | AZ3: attr_value | BA3: sub_skill_id | BB3: per_target_interval_ms | BC3: $type | BD3: rate | BE3: tag | BF3: damage_type | BG3: dot_coefficient | BH3: dot_flat | BI3: dot_can_crit | BJ3: dot_crit | BK3: heal_type | BL3: hot_coefficient | BM3: hot_flat | BN3: hot_can_crit | BO3: hot_crit | BP3: attr_key | BQ3: attr_value | BR3: sub_skill_id | BS3: per_target_interval_ms
A4: ##type | B4: int | C4: string | D4: string | E4: BuffTarget | F4: int | G4: string | H4: string | I4: bool | J4: BuffTimeOverrideType | K4: BuffOverrideType | L4: int | M4: int | N4: int | O4: string | P4: int | Q4: string | R4: BuffBindPosition | S4: BuffCategory | T4: int | U4: array,BuffEffect
A5: ##group
A6: ## | B6: 状态ID | C6: 状态图标资源名称 | D6: 状态显示名称 | E6: 状态适用目标类型（不导出：程序不读，只供策划分类） 记录所属对象类别：角色身上填 角色状态，怪物、宠物等填 怪物状态；不限制施加对象 | F6: 状态等级 | G6: 状态描述文本 | H6: 识别ID | I6: 显示剩余时间 | J6: 时间覆盖类型 | K6: 层数叠加类型 | L6: 最大叠加层数 | M6: 持续时间(毫秒) | N6: 作用间隔(毫秒) | O6: 图标显示位置 | P6: 状态图标ID | Q6: 状态特效路径 | R6: 特效绑定位置 | S6: Buff分类 | T6: 驱散级别 0=不可驱散（剧情、BOSS 机制状态），1=普通驱散可驱，2=需强驱散；驱散强度≥本值才驱得掉 | U6: 效果1·效果类型：选定后只填带同名前缀【…】的那一段列，其余留空 | V6: 效果1·【公共】触发概率（万分比） | W6: 效果1·【控制】控制类型 | X6: 效果1·【持续伤害】伤害类型 | Y6: 效果1·【持续伤害】万分比伤害系数 | Z6: 效果1·【持续伤害】固定伤害数值 | AA6: 效果1·【持续伤害】是否允许暴击：持续伤害不暴击，填 FALSE | AB6: 效果1·【持续伤害】暴击参数：填 0 | AC6: 效果1·【持续治疗】治疗类型 | AD6: 效果1·【持续治疗】治疗万分比系数 | AE6: 效果1·【持续治疗】固定治疗值 | AF6: 效果1·【持续治疗】是否允许暴击：持续治疗不暴击，填 FALSE | AG6: 效果1·【持续治疗】暴击参数：填 0 | AH6: 效果1·【属性修正】修正属性类型 | AI6: 效果1·【属性修正】修正属性值 | AJ6: 效果1·【光环】光环释放的技能ID（按状态作用间隔释放） | AK6: 效果1·【光环】同一目标再触发间隔(毫秒)：0=每跳都打；正数=同一目标至少隔这么久再打；-1=同一目标只生效一次（火蛇/火墙/地刺填 -1） | AL6: 效果2·效果类型：选定后只填带同名前缀【…】的那一段列，其余留空 | AM6: 效果2·【公共】触发概率（万分比） | AN6: 效果2·【控制】控制类型 | AO6: 效果2·【持续伤害】伤害类型 | AP6: 效果2·【持续伤害】万分比伤害系数 | AQ6: 效果2·【持续伤害】固定伤害数值 | AR6: 效果2·【持续伤害】是否允许暴击：持续伤害不暴击，填 FALSE | AS6: 效果2·【持续伤害】暴击参数：填 0 | AT6: 效果2·【持续治疗】治疗类型 | AU6: 效果2·【持续治疗】治疗万分比系数 | AV6: 效果2·【持续治疗】固定治疗值 | AW6: 效果2·【持续治疗】是否允许暴击：持续治疗不暴击，填 FALSE | AX6: 效果2·【持续治疗】暴击参数：填 0 | AY6: 效果2·【属性修正】修正属性类型 | AZ6: 效果2·【属性修正】修正属性值 | BA6: 效果2·【光环】光环释放的技能ID（按状态作用间隔释放） | BB6: 效果2·【光环】同一目标再触发间隔(毫秒)：0=每跳都打；正数=同一目标至少隔这么久再打；-1=同一目标只生效一次（火蛇/火墙/地刺填 -1） | BC6: 效果3·效果类型：选定后只填带同名前缀【…】的那一段列，其余留空 | BD6: 效果3·【公共】触发概率（万分比） | BE6: 效果3·【控制】控制类型 | BF6: 效果3·【持续伤害】伤害类型 | BG6: 效果3·【持续伤害】万分比伤害系数 | BH6: 效果3·【持续伤害】固定伤害数值 | BI6: 效果3·【持续伤害】是否允许暴击：持续伤害不暴击，填 FALSE | BJ6: 效果3·【持续伤害】暴击参数：填 0 | BK6: 效果3·【持续治疗】治疗类型 | BL6: 效果3·【持续治疗】治疗万分比系数 | BM6: 效果3·【持续治疗】固定治疗值 | BN6: 效果3·【持续治疗】是否允许暴击：持续治疗不暴击，填 FALSE | BO6: 效果3·【持续治疗】暴击参数：填 0 | BP6: 效果3·【属性修正】修正属性类型 | BQ6: 效果3·【属性修正】修正属性值 | BR6: 效果3·【光环】光环释放的技能ID（按状态作用间隔释放） | BS6: 效果3·【光环】同一目标再触发间隔(毫秒)：0=每跳都打；正数=同一目标至少隔这么久再打；-1=同一目标只生效一次（火蛇/火墙/地刺填 -1）
B7: 21000301 | C7: 眩晕 | D7: 眩晕 | E7: 角色状态 | F7: 1 | G7: 眩晕(无法行动)2秒 | H7: 210003 | I7: 1 | J7: 覆盖 | L7: 1 | M7: 2000 | N7: 0 | Q7: 30058 | S7: 减益 | U7: 状态效果_控制 | V7: 10000 | W7: 眩晕
B8: 21000401 | C8: 石化 | D8: 石化 | E8: 角色状态 | F8: 1 | G8: 石化(无法行动)2秒 | H8: 210004 | I8: 1 | J8: 覆盖 | L8: 1 | M8: 2000 | N8: 0 | Q8: 30058 | S8: 减益 | U8: 状态效果_控制 | V8: 10000 | W8: 石化
B9: 21000601 | C9: 冰冻 | D9: 冰冻 | E9: 角色状态 | F9: 1 | G9: 目标被冰冻定身 | H9: 210006 | I9: 1 | J9: 覆盖 | L9: 1 | M9: 2000 | Q9: 30060 | S9: 减益 | U9: 状态效果_控制 | V9: 10000 | W9: 冰冻
B10: 21001001 | C10: 虚弱 | D10: 虚弱 | E10: 角色状态 | F10: 1 | G10: 敌方伤害减免减20%，持续10秒 | H10: 210010 | I10: 1 | J10: 覆盖 | L10: 1 | M10: 10000 | N10: 0 | S10: 减益 | U10: 状态效果_属性修正 | V10: 10000 | AH10: 伤害减免增幅 | AI10: -2000
B11: 21000201 | C11: 中毒 | D11: 中毒 | E11: 角色状态 | F11: 1 | G11: 中毒状态，持续减少血量 | H11: 210002 | I11: 1 | J11: 覆盖 | L11: 1 | M11: 12000 | N11: 3000 | Q11: 30059 | R11: 原点 | S11: 减益 | U11: 状态效果_持续伤害 | V11: 10000 | X11: 魔法 | Y11: 2200 | Z11: 2 | AA11: 0 | AB11: 0
B12: 21000202 | C12: 中毒 | D12: 中毒 | E12: 角色状态 | F12: 2 | G12: 中毒状态，持续减少血量 | H12: 210002 | I12: 1 | J12: 覆盖 | L12: 1 | M12: 12000 | N12: 3000 | Q12: 30059 | R12: 原点 | S12: 减益 | U12: 状态效果_持续伤害 | V12: 10000 | X12: 魔法 | Y12: 2600 | Z12: 3 | AA12: 0 | AB12: 0
B13: 21000203 | C13: 中毒 | D13: 中毒 | E13: 角色状态 | F13: 3 | G13: 中毒状态，持续减少血量 | H13: 210002 | I13: 1 | J13: 覆盖 | L13: 1 | M13: 12000 | N13: 3000 | Q13: 30059 | R13: 原点 | S13: 减益 | U13: 状态效果_持续伤害 | V13: 10000 | X13: 魔法 | Y13: 3000 | Z13: 4 | AA13: 0 | AB13: 0
B14: 21000204 | C14: 中毒 | D14: 中毒 | E14: 角色状态 | F14: 4 | G14: 中毒状态，持续减少血量 | H14: 210002 | I14: 1 | J14: 覆盖 | L14: 1 | M14: 12000 | N14: 3000 | Q14: 30059 | R14: 原点 | S14: 减益 | U14: 状态效果_持续伤害 | V14: 10000 | X14: 魔法 | Y14: 3600 | Z14: 6 | AA14: 0 | AB14: 0
B15: 21001101 | C15: 春脉绵生 | D15: 春脉绵生 | E15: 角色状态 | F15: 1 | G15: 周期性恢复生命。 | H15: 210011 | I15: TRUE | J15: 覆盖 | K15: 无 | L15: 1 | M15: 9000 | N15: 3000 | O15: 340 | P15: 0 | Q15: 30044 | R15: 无 | S15: 增益 | T15: 1 | U15: 状态效果_持续治疗 | V15: 10000 | AC15: 魔法 | AD15: 1600 | AE15: 1 | AF15: FALSE | AG15: 0
B16: 21001102 | C16: 春脉绵生 | D16: 春脉绵生 | E16: 角色状态 | F16: 2 | G16: 周期性恢复生命。 | H16: 210011 | I16: TRUE | J16: 覆盖 | K16: 无 | L16: 1 | M16: 9000 | N16: 3000 | O16: 340 | P16: 0 | Q16: 30044 | R16: 无 | S16: 增益 | T16: 1 | U16: 状态效果_持续治疗 | V16: 10000 | AC16: 魔法 | AD16: 1800 | AE16: 1 | AF16: FALSE | AG16: 0
B17: 21001103 | C17: 春脉绵生 | D17: 春脉绵生 | E17: 角色状态 | F17: 3 | G17: 周期性恢复生命。 | H17: 210011 | I17: TRUE | J17: 覆盖 | K17: 无 | L17: 1 | M17: 9000 | N17: 3000 | O17: 340 | P17: 0 | Q17: 30044 | R17: 无 | S17: 增益 | T17: 1 | U17: 状态效果_持续治疗 | V17: 10000 | AC17: 魔法 | AD17: 2000 | AE17: 1 | AF17: FALSE | AG17: 0
B18: 21001104 | C18: 春脉绵生 | D18: 春脉绵生 | E18: 角色状态 | F18: 4 | G18: 周期性恢复生命。 | H18: 210011 | I18: TRUE | J18: 覆盖 | K18: 无 | L18: 1 | M18: 9000 | N18: 3000 | O18: 340 | P18: 0 | Q18: 30044 | R18: 无 | S18: 增益 | T18: 1 | U18: 状态效果_持续治疗 | V18: 10000 | AC18: 魔法 | AD18: 2200 | AE18: 2 | AF18: FALSE | AG18: 0
B19: 21001105 | C19: 春脉绵生 | D19: 春脉绵生 | E19: 角色状态 | F19: 5 | G19: 周期性恢复生命。 | H19: 210011 | I19: TRUE | J19: 覆盖 | K19: 无 | L19: 1 | M19: 9000 | N19: 3000 | O19: 340 | P19: 0 | Q19: 30044 | R19: 无 | S19: 增益 | T19: 1 | U19: 状态效果_持续治疗 | V19: 10000 | AC19: 魔法 | AD19: 2400 | AE19: 2 | AF19: FALSE | AG19: 0
B20: 21001106 | C20: 春脉绵生 | D20: 春脉绵生 | E20: 角色状态 | F20: 6 | G20: 周期性恢复生命。 | H20: 210011 | I20: TRUE | J20: 覆盖 | K20: 无 | L20: 1 | M20: 9000 | N20: 3000 | O20: 340 | P20: 0 | Q20: 30044 | R20: 无 | S20: 增益 | T20: 1 | U20: 状态效果_持续治疗 | V20: 10000 | AC20: 魔法 | AD20: 2600 | AE20: 2 | AF20: FALSE | AG20: 0
B21: 21001107 | C21: 春脉绵生 | D21: 春脉绵生 | E21: 角色状态 | F21: 7 | G21: 周期性恢复生命。 | H21: 210011 | I21: TRUE | J21: 覆盖 | K21: 无 | L21: 1 | M21: 9000 | N21: 3000 | O21: 340 | P21: 0 | Q21: 30044 | R21: 无 | S21: 增益 | T21: 1 | U21: 状态效果_持续治疗 | V21: 10000 | AC21: 魔法 | AD21: 2800 | AE21: 2 | AF21: FALSE | AG21: 0
B22: 21001108 | C22: 春脉绵生 | D22: 春脉绵生 | E22: 角色状态 | F22: 8 | G22: 周期性恢复生命。 | H22: 210011 | I22: TRUE | J22: 覆盖 | K22: 无 | L22: 1 | M22: 9000 | N22: 3000 | O22: 340 | P22: 0 | Q22: 30044 | R22: 无 | S22: 增益 | T22: 1 | U22: 状态效果_持续治疗 | V22: 10000 | AC22: 魔法 | AD22: 3000 | AE22: 3 | AF22: FALSE | AG22: 0
B23: 21001109 | C23: 春脉绵生 | D23: 春脉绵生 | E23: 角色状态 | F23: 9 | G23: 周期性恢复生命。 | H23: 210011 | I23: TRUE | J23: 覆盖 | K23: 无 | L23: 1 | M23: 9000 | N23: 3000 | O23: 340 | P23: 0 | Q23: 30044 | R23: 无 | S23: 增益 | T23: 1 | U23: 状态效果_持续治疗 | V23: 10000 | AC23: 魔法 | AD23: 3200 | AE23: 3 | AF23: FALSE | AG23: 0
B24: 21001110 | C24: 春脉绵生 | D24: 春脉绵生 | E24: 角色状态 | F24: 10 | G24: 周期性恢复生命。 | H24: 210011 | I24: TRUE | J24: 覆盖 | K24: 无 | L24: 1 | M24: 9000 | N24: 3000 | O24: 340 | P24: 0 | Q24: 30044 | R24: 无 | S24: 增益 | T24: 1 | U24: 状态效果_持续治疗 | V24: 10000 | AC24: 魔法 | AD24: 3500 | AE24: 3 | AF24: FALSE | AG24: 0
B25: 21001201 | C25: 定魄符 | D25: 定魄符 | E25: 角色状态 | F25: 1 | G25: 受到定魄符约束，暂时无法行动。 | H25: 210012 | I25: TRUE | J25: 覆盖 | K25: 无 | L25: 1 | M25: 1200 | N25: 0 | O25: 340 | P25: 0 | Q25: 30058 | R25: 无 | S25: 减益 | T25: 1 | U25: 状态效果_控制 | V25: 10000 | W25: 眩晕
B26: 21001202 | C26: 定魄符 | D26: 定魄符 | E26: 角色状态 | F26: 2 | G26: 受到定魄符约束，暂时无法行动。 | H26: 210012 | I26: TRUE | J26: 覆盖 | K26: 无 | L26: 1 | M26: 1300 | N26: 0 | O26: 340 | P26: 0 | Q26: 30058 | R26: 无 | S26: 减益 | T26: 1 | U26: 状态效果_控制 | V26: 10000 | W26: 眩晕
B27: 21001203 | C27: 定魄符 | D27: 定魄符 | E27: 角色状态 | F27: 3 | G27: 受到定魄符约束，暂时无法行动。 | H27: 210012 | I27: TRUE | J27: 覆盖 | K27: 无 | L27: 1 | M27: 1400 | N27: 0 | O27: 340 | P27: 0 | Q27: 30058 | R27: 无 | S27: 减益 | T27: 1 | U27: 状态效果_控制 | V27: 10000 | W27: 眩晕
B28: 21001204 | C28: 定魄符 | D28: 定魄符 | E28: 角色状态 | F28: 4 | G28: 受到定魄符约束，暂时无法行动。 | H28: 210012 | I28: TRUE | J28: 覆盖 | K28: 无 | L28: 1 | M28: 1500 | N28: 0 | O28: 340 | P28: 0 | Q28: 30058 | R28: 无 | S28: 减益 | T28: 1 | U28: 状态效果_控制 | V28: 10000 | W28: 眩晕
B29: 21001205 | C29: 定魄符 | D29: 定魄符 | E29: 角色状态 | F29: 5 | G29: 受到定魄符约束，暂时无法行动。 | H29: 210012 | I29: TRUE | J29: 覆盖 | K29: 无 | L29: 1 | M29: 1600 | N29: 0 | O29: 340 | P29: 0 | Q29: 30058 | R29: 无 | S29: 减益 | T29: 1 | U29: 状态效果_控制 | V29: 10000 | W29: 眩晕
B30: 21001206 | C30: 定魄符 | D30: 定魄符 | E30: 角色状态 | F30: 6 | G30: 受到定魄符约束，暂时无法行动。 | H30: 210012 | I30: TRUE | J30: 覆盖 | K30: 无 | L30: 1 | M30: 1700 | N30: 0 | O30: 340 | P30: 0 | Q30: 30058 | R30: 无 | S30: 减益 | T30: 1 | U30: 状态效果_控制 | V30: 10000 | W30: 眩晕
B31: 21001207 | C31: 定魄符 | D31: 定魄符 | E31: 角色状态 | F31: 7 | G31: 受到定魄符约束，暂时无法行动。 | H31: 210012 | I31: TRUE | J31: 覆盖 | K31: 无 | L31: 1 | M31: 1800 | N31: 0 | O31: 340 | P31: 0 | Q31: 30058 | R31: 无 | S31: 减益 | T31: 1 | U31: 状态效果_控制 | V31: 10000 | W31: 眩晕
B32: 21001208 | C32: 定魄符 | D32: 定魄符 | E32: 角色状态 | F32: 8 | G32: 受到定魄符约束，暂时无法行动。 | H32: 210012 | I32: TRUE | J32: 覆盖 | K32: 无 | L32: 1 | M32: 1900 | N32: 0 | O32: 340 | P32: 0 | Q32: 30058 | R32: 无 | S32: 减益 | T32: 1 | U32: 状态效果_控制 | V32: 10000 | W32: 眩晕
B33: 21001209 | C33: 定魄符 | D33: 定魄符 | E33: 角色状态 | F33: 9 | G33: 受到定魄符约束，暂时无法行动。 | H33: 210012 | I33: TRUE | J33: 覆盖 | K33: 无 | L33: 1 | M33: 2000 | N33: 0 | O33: 340 | P33: 0 | Q33: 30058 | R33: 无 | S33: 减益 | T33: 1 | U33: 状态效果_控制 | V33: 10000 | W33: 眩晕
B34: 21001210 | C34: 定魄符 | D34: 定魄符 | E34: 角色状态 | F34: 10 | G34: 受到定魄符约束，暂时无法行动。 | H34: 210012 | I34: TRUE | J34: 覆盖 | K34: 无 | L34: 1 | M34: 2200 | N34: 0 | O34: 340 | P34: 0 | Q34: 30058 | R34: 无 | S34: 减益 | T34: 1 | U34: 状态效果_控制 | V34: 10000 | W34: 眩晕
B35: 21001301 | C35: 霜锁九脉 | D35: 霜锁九脉 | E35: 角色状态 | F35: 1 | G35: 经脉被寒霜封锁，暂时陷入冰冻。 | H35: 210013 | I35: TRUE | J35: 覆盖 | K35: 无 | L35: 1 | M35: 1500 | N35: 0 | O35: 340 | P35: 0 | Q35: 30060 | R35: 无 | S35: 减益 | T35: 1 | U35: 状态效果_控制 | V35: 10000 | W35: 冰冻
B36: 21001302 | C36: 霜锁九脉 | D36: 霜锁九脉 | E36: 角色状态 | F36: 2 | G36: 经脉被寒霜封锁，暂时陷入冰冻。 | H36: 210013 | I36: TRUE | J36: 覆盖 | K36: 无 | L36: 1 | M36: 1600 | N36: 0 | O36: 340 | P36: 0 | Q36: 30060 | R36: 无 | S36: 减益 | T36: 1 | U36: 状态效果_控制 | V36: 10000 | W36: 冰冻
... B44: 21001310 | C44: 霜锁九脉 | D44: 霜锁九脉 | E44: 角色状态 | F44: 10 | G44: 经脉被寒霜封锁，暂时陷入冰冻。 | H44: 210013 | I44: TRUE | J44: 覆盖 | K44: 无 | L44: 1 | M44: 2500 | N44: 0 | O44: 340 | P44: 0 | Q44: 30060 | R44: 无 | S44: 减益 | T44: 1 | U44: 状态效果_控制 | V44: 10000 | W44: 冰冻
B45: 21001401 | C45: 砺锋诀 | D45: 砺锋诀 | E45: 角色状态 | F45: 1 | G45: 物理攻击上下限提高。 | H45: 210014 | I45: TRUE | J45: 覆盖 | K45: 无 | L45: 1 | M45: 12000 | N45: 0 | O45: 340 | P45: 0 | Q45: 30009 | R45: 无 | S45: 增益 | T45: 1 | U45: 状态效果_属性修正 | V45: 10000 | AH45: 攻击下限增幅 | AI45: 800 | AL45: 状态效果_属性修正 | AM45: 10000 | AY45: 攻击上限增幅 | AZ45: 800
B46: 21001402 | C46: 砺锋诀 | D46: 砺锋诀 | E46: 角色状态 | F46: 2 | G46: 物理攻击上下限提高。 | H46: 210014 | I46: TRUE | J46: 覆盖 | K46: 无 | L46: 1 | M46: 12000 | N46: 0 | O46: 340 | P46: 0 | Q46: 30009 | R46: 无 | S46: 增益 | T46: 1 | U46: 状态效果_属性修正 | V46: 10000 | AH46: 攻击下限增幅 | AI46: 1000 | AL46: 状态效果_属性修正 | AM46: 10000 | AY46: 攻击上限增幅 | AZ46: 1000
B47: 21001403 | C47: 砺锋诀 | D47: 砺锋诀 | E47: 角色状态 | F47: 3 | G47: 物理攻击上下限提高。 | H47: 210014 | I47: TRUE | J47: 覆盖 | K47: 无 | L47: 1 | M47: 12000 | N47: 0 | O47: 340 | P47: 0 | Q47: 30009 | R47: 无 | S47: 增益 | T47: 1 | U47: 状态效果_属性修正 | V47: 10000 | AH47: 攻击下限增幅 | AI47: 1200 | AL47: 状态效果_属性修正 | AM47: 10000 | AY47: 攻击上限增幅 | AZ47: 1200
B48: 21001404 | C48: 砺锋诀 | D48: 砺锋诀 | E48: 角色状态 | F48: 4 | G48: 物理攻击上下限提高。 | H48: 210014 | I48: TRUE | J48: 覆盖 | K48: 无 | L48: 1 | M48: 12000 | N48: 0 | O48: 340 | P48: 0 | Q48: 30009 | R48: 无 | S48: 增益 | T48: 1 | U48: 状态效果_属性修正 | V48: 10000 | AH48: 攻击下限增幅 | AI48: 1400 | AL48: 状态效果_属性修正 | AM48: 10000 | AY48: 攻击上限增幅 | AZ48: 1400
B49: 21001405 | C49: 砺锋诀 | D49: 砺锋诀 | E49: 角色状态 | F49: 5 | G49: 物理攻击上下限提高。 | H49: 210014 | I49: TRUE | J49: 覆盖 | K49: 无 | L49: 1 | M49: 12000 | N49: 0 | O49: 340 | P49: 0 | Q49: 30009 | R49: 无 | S49: 增益 | T49: 1 | U49: 状态效果_属性修正 | V49: 10000 | AH49: 攻击下限增幅 | AI49: 1600 | AL49: 状态效果_属性修正 | AM49: 10000 | AY49: 攻击上限增幅 | AZ49: 1600
B50: 21001406 | C50: 砺锋诀 | D50: 砺锋诀 | E50: 角色状态 | F50: 6 | G50: 物理攻击上下限提高。 | H50: 210014 | I50: TRUE | J50: 覆盖 | K50: 无 | L50: 1 | M50: 12000 | N50: 0 | O50: 340 | P50: 0 | Q50: 30009 | R50: 无 | S50: 增益 | T50: 1 | U50: 状态效果_属性修正 | V50: 10000 | AH50: 攻击下限增幅 | AI50: 1800 | AL50: 状态效果_属性修正 | AM50: 10000 | AY50: 攻击上限增幅 | AZ50: 1800
B51: 21001407 | C51: 砺锋诀 | D51: 砺锋诀 | E51: 角色状态 | F51: 7 | G51: 物理攻击上下限提高。 | H51: 210014 | I51: TRUE | J51: 覆盖 | K51: 无 | L51: 1 | M51: 12000 | N51: 0 | O51: 340 | P51: 0 | Q51: 30009 | R51: 无 | S51: 增益 | T51: 1 | U51: 状态效果_属性修正 | V51: 10000 | AH51: 攻击下限增幅 | AI51: 2000 | AL51: 状态效果_属性修正 | AM51: 10000 | AY51: 攻击上限增幅 | AZ51: 2000
B52: 21001408 | C52: 砺锋诀 | D52: 砺锋诀 | E52: 角色状态 | F52: 8 | G52: 物理攻击上下限提高。 | H52: 210014 | I52: TRUE | J52: 覆盖 | K52: 无 | L52: 1 | M52: 12000 | N52: 0 | O52: 340 | P52: 0 | Q52: 30009 | R52: 无 | S52: 增益 | T52: 1 | U52: 状态效果_属性修正 | V52: 10000 | AH52: 攻击下限增幅 | AI52: 2200 | AL52: 状态效果_属性修正 | AM52: 10000 | AY52: 攻击上限增幅 | AZ52: 2200
B53: 21001409 | C53: 砺锋诀 | D53: 砺锋诀 | E53: 角色状态 | F53: 9 | G53: 物理攻击上下限提高。 | H53: 210014 | I53: TRUE | J53: 覆盖 | K53: 无 | L53: 1 | M53: 12000 | N53: 0 | O53: 340 | P53: 0 | Q53: 30009 | R53: 无 | S53: 增益 | T53: 1 | U53: 状态效果_属性修正 | V53: 10000 | AH53: 攻击下限增幅 | AI53: 2400 | AL53: 状态效果_属性修正 | AM53: 10000 | AY53: 攻击上限增幅 | AZ53: 2400
B54: 21001410 | C54: 砺锋诀 | D54: 砺锋诀 | E54: 角色状态 | F54: 10 | G54: 物理攻击上下限提高。 | H54: 210014 | I54: TRUE | J54: 覆盖 | K54: 无 | L54: 1 | M54: 12000 | N54: 0 | O54: 340 | P54: 0 | Q54: 30009 | R54: 无 | S54: 增益 | T54: 1 | U54: 状态效果_属性修正 | V54: 10000 | AH54: 攻击下限增幅 | AI54: 2600 | AL54: 状态效果_属性修正 | AM54: 10000 | AY54: 攻击上限增幅 | AZ54: 2600
B55: 21001501 | C55: 玄炁贯灵 | D55: 玄炁贯灵 | E55: 角色状态 | F55: 1 | G55: 法术攻击上下限提高。 | H55: 210015 | I55: TRUE | J55: 覆盖 | K55: 无 | L55: 1 | M55: 12000 | N55: 0 | O55: 340 | P55: 0 | Q55: 30008 | R55: 无 | S55: 增益 | T55: 1 | U55: 状态效果_属性修正 | V55: 10000 | AH55: 法力下限增幅 | AI55: 800 | AL55: 状态效果_属性修正 | AM55: 10000 | AY55: 法力上限增幅 | AZ55: 800
B56: 21001502 | C56: 玄炁贯灵 | D56: 玄炁贯灵 | E56: 角色状态 | F56: 2 | G56: 法术攻击上下限提高。 | H56: 210015 | I56: TRUE | J56: 覆盖 | K56: 无 | L56: 1 | M56: 12000 | N56: 0 | O56: 340 | P56: 0 | Q56: 30008 | R56: 无 | S56: 增益 | T56: 1 | U56: 状态效果_属性修正 | V56: 10000 | AH56: 法力下限增幅 | AI56: 1000 | AL56: 状态效果_属性修正 | AM56: 10000 | AY56: 法力上限增幅 | AZ56: 1000
... B84: 21001710 | C84: 蚀法咒 | D84: 蚀法咒 | E84: 角色状态 | F84: 10 | G84: 法术防御上下限降低。 | H84: 210017 | I84: TRUE | J84: 覆盖 | K84: 无 | L84: 1 | M84: 12000 | N84: 0 | O84: 340 | P84: 0 | Q84: 30054 | R84: 无 | S84: 减益 | T84: 1 | U84: 状态效果_属性修正 | V84: 10000 | AH84: 法防下限增幅 | AI84: -2500 | AL84: 状态效果_属性修正 | AM84: 10000 | AY84: 法防上限增幅 | AZ84: -2500
B85: 21001801 | C85: 余烬侵脉 | D85: 余烬侵脉 | E85: 角色状态 | F85: 1 | G85: 余烬侵入经脉，周期性受到法术伤害。 | H85: 210018 | I85: TRUE | J85: 覆盖 | K85: 无 | L85: 1 | M85: 12000 | N85: 3000 | O85: 340 | P85: 0 | Q85: 30049 | R85: 无 | S85: 减益 | T85: 1 | U85: 状态效果_持续伤害 | V85: 10000 | X85: 魔法 | Y85: 1800 | Z85: 1 | AA85: FALSE | AB85: 0
B86: 21001802 | C86: 余烬侵脉 | D86: 余烬侵脉 | E86: 角色状态 | F86: 2 | G86: 余烬侵入经脉，周期性受到法术伤害。 | H86: 210018 | I86: TRUE | J86: 覆盖 | K86: 无 | L86: 1 | M86: 12000 | N86: 3000 | O86: 340 | P86: 0 | Q86: 30049 | R86: 无 | S86: 减益 | T86: 1 | U86: 状态效果_持续伤害 | V86: 10000 | X86: 魔法 | Y86: 2000 | Z86: 1 | AA86: FALSE | AB86: 0
B87: 21001803 | C87: 余烬侵脉 | D87: 余烬侵脉 | E87: 角色状态 | F87: 3 | G87: 余烬侵入经脉，周期性受到法术伤害。 | H87: 210018 | I87: TRUE | J87: 覆盖 | K87: 无 | L87: 1 | M87: 12000 | N87: 3000 | O87: 340 | P87: 0 | Q87: 30049 | R87: 无 | S87: 减益 | T87: 1 | U87: 状态效果_持续伤害 | V87: 10000 | X87: 魔法 | Y87: 2200 | Z87: 1 | AA87: FALSE | AB87: 0
B88: 21001804 | C88: 余烬侵脉 | D88: 余烬侵脉 | E88: 角色状态 | F88: 4 | G88: 余烬侵入经脉，周期性受到法术伤害。 | H88: 210018 | I88: TRUE | J88: 覆盖 | K88: 无 | L88: 1 | M88: 12000 | N88: 3000 | O88: 340 | P88: 0 | Q88: 30049 | R88: 无 | S88: 减益 | T88: 1 | U88: 状态效果_持续伤害 | V88: 10000 | X88: 魔法 | Y88: 2400 | Z88: 2 | AA88: FALSE | AB88: 0
B89: 21001805 | C89: 余烬侵脉 | D89: 余烬侵脉 | E89: 角色状态 | F89: 5 | G89: 余烬侵入经脉，周期性受到法术伤害。 | H89: 210018 | I89: TRUE | J89: 覆盖 | K89: 无 | L89: 1 | M89: 12000 | N89: 3000 | O89: 340 | P89: 0 | Q89: 30049 | R89: 无 | S89: 减益 | T89: 1 | U89: 状态效果_持续伤害 | V89: 10000 | X89: 魔法 | Y89: 2600 | Z89: 2 | AA89: FALSE | AB89: 0
B90: 21001806 | C90: 余烬侵脉 | D90: 余烬侵脉 | E90: 角色状态 | F90: 6 | G90: 余烬侵入经脉，周期性受到法术伤害。 | H90: 210018 | I90: TRUE | J90: 覆盖 | K90: 无 | L90: 1 | M90: 12000 | N90: 3000 | O90: 340 | P90: 0 | Q90: 30049 | R90: 无 | S90: 减益 | T90: 1 | U90: 状态效果_持续伤害 | V90: 10000 | X90: 魔法 | Y90: 2800 | Z90: 2 | AA90: FALSE | AB90: 0
B91: 21001807 | C91: 余烬侵脉 | D91: 余烬侵脉 | E91: 角色状态 | F91: 7 | G91: 余烬侵入经脉，周期性受到法术伤害。 | H91: 210018 | I91: TRUE | J91: 覆盖 | K91: 无 | L91: 1 | M91: 12000 | N91: 3000 | O91: 340 | P91: 0 | Q91: 30049 | R91: 无 | S91: 减益 | T91: 1 | U91: 状态效果_持续伤害 | V91: 10000 | X91: 魔法 | Y91: 3000 | Z91: 2 | AA91: FALSE | AB91: 0
B92: 21001808 | C92: 余烬侵脉 | D92: 余烬侵脉 | E92: 角色状态 | F92: 8 | G92: 余烬侵入经脉，周期性受到法术伤害。 | H92: 210018 | I92: TRUE | J92: 覆盖 | K92: 无 | L92: 1 | M92: 12000 | N92: 3000 | O92: 340 | P92: 0 | Q92: 30049 | R92: 无 | S92: 减益 | T92: 1 | U92: 状态效果_持续伤害 | V92: 10000 | X92: 魔法 | Y92: 3200 | Z92: 3 | AA92: FALSE | AB92: 0
B93: 21001809 | C93: 余烬侵脉 | D93: 余烬侵脉 | E93: 角色状态 | F93: 9 | G93: 余烬侵入经脉，周期性受到法术伤害。 | H93: 210018 | I93: TRUE | J93: 覆盖 | K93: 无 | L93: 1 | M93: 12000 | N93: 3000 | O93: 340 | P93: 0 | Q93: 30049 | R93: 无 | S93: 减益 | T93: 1 | U93: 状态效果_持续伤害 | V93: 10000 | X93: 魔法 | Y93: 3400 | Z93: 3 | AA93: FALSE | AB93: 0
B94: 21001810 | C94: 余烬侵脉 | D94: 余烬侵脉 | E94: 角色状态 | F94: 10 | G94: 余烬侵入经脉，周期性受到法术伤害。 | H94: 210018 | I94: TRUE | J94: 覆盖 | K94: 无 | L94: 1 | M94: 12000 | N94: 3000 | O94: 340 | P94: 0 | Q94: 30049 | R94: 无 | S94: 减益 | T94: 1 | U94: 状态效果_持续伤害 | V94: 10000 | X94: 魔法 | Y94: 3800 | Z94: 3 | AA94: FALSE | AB94: 0
B95: 21001901 | C95: 离焰周身 | D95: 离焰周身 | E95: 角色状态 | F95: 1 | G95: 维持离焰光环，周期性灼伤附近敌人。 | H95: 210019 | I95: TRUE | J95: 覆盖 | K95: 无 | L95: 1 | M95: 12000 | N95: 2000 | O95: 340 | P95: 0 | Q95: 30052 | R95: 无 | S95: 增益 | T95: 1 | U95: 状态效果_光环 | V95: 10000 | AJ95: 10340001
B96: 21001902 | C96: 离焰周身 | D96: 离焰周身 | E96: 角色状态 | F96: 2 | G96: 维持离焰光环，周期性灼伤附近敌人。 | H96: 210019 | I96: TRUE | J96: 覆盖 | K96: 无 | L96: 1 | M96: 12000 | N96: 2000 | O96: 340 | P96: 0 | Q96: 30052 | R96: 无 | S96: 增益 | T96: 1 | U96: 状态效果_光环 | V96: 10000 | AJ96: 10340002
B97: 21001903 | C97: 离焰周身 | D97: 离焰周身 | E97: 角色状态 | F97: 3 | G97: 维持离焰光环，周期性灼伤附近敌人。 | H97: 210019 | I97: TRUE | J97: 覆盖 | K97: 无 | L97: 1 | M97: 12000 | N97: 2000 | O97: 340 | P97: 0 | Q97: 30052 | R97: 无 | S97: 增益 | T97: 1 | U97: 状态效果_光环 | V97: 10000 | AJ97: 10340003
B98: 21001904 | C98: 离焰周身 | D98: 离焰周身 | E98: 角色状态 | F98: 4 | G98: 维持离焰光环，周期性灼伤附近敌人。 | H98: 210019 | I98: TRUE | J98: 覆盖 | K98: 无 | L98: 1 | M98: 12000 | N98: 2000 | O98: 340 | P98: 0 | Q98: 30052 | R98: 无 | S98: 增益 | T98: 1 | U98: 状态效果_光环 | V98: 10000 | AJ98: 10340004
B99: 21001905 | C99: 离焰周身 | D99: 离焰周身 | E99: 角色状态 | F99: 5 | G99: 维持离焰光环，周期性灼伤附近敌人。 | H99: 210019 | I99: TRUE | J99: 覆盖 | K99: 无 | L99: 1 | M99: 12000 | N99: 2000 | O99: 340 | P99: 0 | Q99: 30052 | R99: 无 | S99: 增益 | T99: 1 | U99: 状态效果_光环 | V99: 10000 | AJ99: 10340005
B100: 21001906 | C100: 离焰周身 | D100: 离焰周身 | E100: 角色状态 | F100: 6 | G100: 维持离焰光环，周期性灼伤附近敌人。 | H100: 210019 | I100: TRUE | J100: 覆盖 | K100: 无 | L100: 1 | M100: 12000 | N100: 2000 | O100: 340 | P100: 0 | Q100: 30052 | R100: 无 | S100: 增益 | T100: 1 | U100: 状态效果_光环 | V100: 10000 | AJ100: 10340006
B101: 21001907 | C101: 离焰周身 | D101: 离焰周身 | E101: 角色状态 | F101: 7 | G101: 维持离焰光环，周期性灼伤附近敌人。 | H101: 210019 | I101: TRUE | J101: 覆盖 | K101: 无 | L101: 1 | M101: 12000 | N101: 2000 | O101: 340 | P101: 0 | Q101: 30052 | R101: 无 | S101: 增益 | T101: 1 | U101: 状态效果_光环 | V101: 10000 | AJ101: 10340007
B102: 21001908 | C102: 离焰周身 | D102: 离焰周身 | E102: 角色状态 | F102: 8 | G102: 维持离焰光环，周期性灼伤附近敌人。 | H102: 210019 | I102: TRUE | J102: 覆盖 | K102: 无 | L102: 1 | M102: 12000 | N102: 2000 | O102: 340 | P102: 0 | Q102: 30052 | R102: 无 | S102: 增益 | T102: 1 | U102: 状态效果_光环 | V102: 10000 | AJ102: 10340008
B103: 21001909 | C103: 离焰周身 | D103: 离焰周身 | E103: 角色状态 | F103: 9 | G103: 维持离焰光环，周期性灼伤附近敌人。 | H103: 210019 | I103: TRUE | J103: 覆盖 | K103: 无 | L103: 1 | M103: 12000 | N103: 2000 | O103: 340 | P103: 0 | Q103: 30052 | R103: 无 | S103: 增益 | T103: 1 | U103: 状态效果_光环 | V103: 10000 | AJ103: 10340009
B104: 21001910 | C104: 离焰周身 | D104: 离焰周身 | E104: 角色状态 | F104: 10 | G104: 维持离焰光环，周期性灼伤附近敌人。 | H104: 210019 | I104: TRUE | J104: 覆盖 | K104: 无 | L104: 1 | M104: 12000 | N104: 2000 | O104: 340 | P104: 0 | Q104: 30052 | R104: 无 | S104: 增益 | T104: 1 | U104: 状态效果_光环 | V104: 10000 | AJ104: 10340010
B105: 21002001 | C105: 玄霜蚀法·光环 | D105: 玄霜蚀法·光环 | E105: 角色状态 | F105: 1 | G105: 维持玄霜光环，周期性向附近敌人施加法防减益。 | H105: 210020 | I105: TRUE | J105: 覆盖 | K105: 无 | L105: 1 | M105: 12000 | N105: 2000 | O105: 340 | P105: 0 | Q105: 30053 | R105: 无 | S105: 增益 | T105: 1 | U105: 状态效果_光环 | V105: 10000 | AJ105: 10350001
B106: 21002002 | C106: 玄霜蚀法·光环 | D106: 玄霜蚀法·光环 | E106: 角色状态 | F106: 2 | G106: 维持玄霜光环，周期性向附近敌人施加法防减益。 | H106: 210020 | I106: TRUE | J106: 覆盖 | K106: 无 | L106: 1 | M106: 12000 | N106: 2000 | O106: 340 | P106: 0 | Q106: 30053 | R106: 无 | S106: 增益 | T106: 1 | U106: 状态效果_光环 | V106: 10000 | AJ106: 10350002
... B114: 21002010 | C114: 玄霜蚀法·光环 | D114: 玄霜蚀法·光环 | E114: 角色状态 | F114: 10 | G114: 维持玄霜光环，周期性向附近敌人施加法防减益。 | H114: 210020 | I114: TRUE | J114: 覆盖 | K114: 无 | L114: 1 | M114: 12000 | N114: 2000 | O114: 340 | P114: 0 | Q114: 30053 | R114: 无 | S114: 增益 | T114: 1 | U114: 状态效果_光环 | V114: 10000 | AJ114: 10350010
B115: 21002101 | C115: 玄霜蚀法·法防减益 | D115: 玄霜蚀法·法防减益 | E115: 角色状态 | F115: 1 | G115: 法术防御上下限降低。 | H115: 210021 | I115: TRUE | J115: 覆盖 | K115: 无 | L115: 1 | M115: 2500 | N115: 0 | O115: 340 | P115: 0 | Q115: 30054 | R115: 无 | S115: 减益 | T115: 1 | U115: 状态效果_属性修正 | V115: 10000 | AH115: 法防下限增幅 | AI115: -600 | AL115: 状态效果_属性修正 | AM115: 10000 | AY115: 法防上限增幅 | AZ115: -600
B116: 21002102 | C116: 玄霜蚀法·法防减益 | D116: 玄霜蚀法·法防减益 | E116: 角色状态 | F116: 2 | G116: 法术防御上下限降低。 | H116: 210021 | I116: TRUE | J116: 覆盖 | K116: 无 | L116: 1 | M116: 2500 | N116: 0 | O116: 340 | P116: 0 | Q116: 30054 | R116: 无 | S116: 减益 | T116: 1 | U116: 状态效果_属性修正 | V116: 10000 | AH116: 法防下限增幅 | AI116: -800 | AL116: 状态效果_属性修正 | AM116: 10000 | AY116: 法防上限增幅 | AZ116: -800
B117: 21002103 | C117: 玄霜蚀法·法防减益 | D117: 玄霜蚀法·法防减益 | E117: 角色状态 | F117: 3 | G117: 法术防御上下限降低。 | H117: 210021 | I117: TRUE | J117: 覆盖 | K117: 无 | L117: 1 | M117: 2500 | N117: 0 | O117: 340 | P117: 0 | Q117: 30054 | R117: 无 | S117: 减益 | T117: 1 | U117: 状态效果_属性修正 | V117: 10000 | AH117: 法防下限增幅 | AI117: -1000 | AL117: 状态效果_属性修正 | AM117: 10000 | AY117: 法防上限增幅 | AZ117: -1000
B118: 21002104 | C118: 玄霜蚀法·法防减益 | D118: 玄霜蚀法·法防减益 | E118: 角色状态 | F118: 4 | G118: 法术防御上下限降低。 | H118: 210021 | I118: TRUE | J118: 覆盖 | K118: 无 | L118: 1 | M118: 2500 | N118: 0 | O118: 340 | P118: 0 | Q118: 30054 | R118: 无 | S118: 减益 | T118: 1 | U118: 状态效果_属性修正 | V118: 10000 | AH118: 法防下限增幅 | AI118: -1200 | AL118: 状态效果_属性修正 | AM118: 10000 | AY118: 法防上限增幅 | AZ118: -1200
B119: 21002105 | C119: 玄霜蚀法·法防减益 | D119: 玄霜蚀法·法防减益 | E119: 角色状态 | F119: 5 | G119: 法术防御上下限降低。 | H119: 210021 | I119: TRUE | J119: 覆盖 | K119: 无 | L119: 1 | M119: 2500 | N119: 0 | O119: 340 | P119: 0 | Q119: 30054 | R119: 无 | S119: 减益 | T119: 1 | U119: 状态效果_属性修正 | V119: 10000 | AH119: 法防下限增幅 | AI119: -1400 | AL119: 状态效果_属性修正 | AM119: 10000 | AY119: 法防上限增幅 | AZ119: -1400
B120: 21002106 | C120: 玄霜蚀法·法防减益 | D120: 玄霜蚀法·法防减益 | E120: 角色状态 | F120: 6 | G120: 法术防御上下限降低。 | H120: 210021 | I120: TRUE | J120: 覆盖 | K120: 无 | L120: 1 | M120: 2500 | N120: 0 | O120: 340 | P120: 0 | Q120: 30054 | R120: 无 | S120: 减益 | T120: 1 | U120: 状态效果_属性修正 | V120: 10000 | AH120: 法防下限增幅 | AI120: -1600 | AL120: 状态效果_属性修正 | AM120: 10000 | AY120: 法防上限增幅 | AZ120: -1600
B121: 21002107 | C121: 玄霜蚀法·法防减益 | D121: 玄霜蚀法·法防减益 | E121: 角色状态 | F121: 7 | G121: 法术防御上下限降低。 | H121: 210021 | I121: TRUE | J121: 覆盖 | K121: 无 | L121: 1 | M121: 2500 | N121: 0 | O121: 340 | P121: 0 | Q121: 30054 | R121: 无 | S121: 减益 | T121: 1 | U121: 状态效果_属性修正 | V121: 10000 | AH121: 法防下限增幅 | AI121: -1800 | AL121: 状态效果_属性修正 | AM121: 10000 | AY121: 法防上限增幅 | AZ121: -1800
B122: 21002108 | C122: 玄霜蚀法·法防减益 | D122: 玄霜蚀法·法防减益 | E122: 角色状态 | F122: 8 | G122: 法术防御上下限降低。 | H122: 210021 | I122: TRUE | J122: 覆盖 | K122: 无 | L122: 1 | M122: 2500 | N122: 0 | O122: 340 | P122: 0 | Q122: 30054 | R122: 无 | S122: 减益 | T122: 1 | U122: 状态效果_属性修正 | V122: 10000 | AH122: 法防下限增幅 | AI122: -2000 | AL122: 状态效果_属性修正 | AM122: 10000 | AY122: 法防上限增幅 | AZ122: -2000
B123: 21002109 | C123: 玄霜蚀法·法防减益 | D123: 玄霜蚀法·法防减益 | E123: 角色状态 | F123: 9 | G123: 法术防御上下限降低。 | H123: 210021 | I123: TRUE | J123: 覆盖 | K123: 无 | L123: 1 | M123: 2500 | N123: 0 | O123: 340 | P123: 0 | Q123: 30054 | R123: 无 | S123: 减益 | T123: 1 | U123: 状态效果_属性修正 | V123: 10000 | AH123: 法防下限增幅 | AI123: -2200 | AL123: 状态效果_属性修正 | AM123: 10000 | AY123: 法防上限增幅 | AZ123: -2200
B124: 21002110 | C124: 玄霜蚀法·法防减益 | D124: 玄霜蚀法·法防减益 | E124: 角色状态 | F124: 10 | G124: 法术防御上下限降低。 | H124: 210021 | I124: TRUE | J124: 覆盖 | K124: 无 | L124: 1 | M124: 2500 | N124: 0 | O124: 340 | P124: 0 | Q124: 30054 | R124: 无 | S124: 减益 | T124: 1 | U124: 状态效果_属性修正 | V124: 10000 | AH124: 法防下限增幅 | AI124: -2500 | AL124: 状态效果_属性修正 | AM124: 10000 | AY124: 法防上限增幅 | AZ124: -2500
B125: 21002201 | C125: 坤岳辟界阵 | D125: 坤岳辟界阵 | E125: 角色状态 | F125: 1 | G125: 维持坤岳辟界阵纹，周期性推开附近敌人。 | H125: 210022 | I125: TRUE | J125: 覆盖 | K125: 无 | L125: 1 | M125: 12000 | N125: 2000 | O125: 340 | P125: 0 | Q125: 30055 | R125: 无 | S125: 增益 | T125: 1 | U125: 状态效果_光环 | V125: 10000 | AJ125: 10360001
B126: 21002202 | C126: 坤岳辟界阵 | D126: 坤岳辟界阵 | E126: 角色状态 | F126: 2 | G126: 维持坤岳辟界阵纹，周期性推开附近敌人。 | H126: 210022 | I126: TRUE | J126: 覆盖 | K126: 无 | L126: 1 | M126: 12000 | N126: 2000 | O126: 340 | P126: 0 | Q126: 30055 | R126: 无 | S126: 增益 | T126: 1 | U126: 状态效果_光环 | V126: 10000 | AJ126: 10360002
B127: 21002203 | C127: 坤岳辟界阵 | D127: 坤岳辟界阵 | E127: 角色状态 | F127: 3 | G127: 维持坤岳辟界阵纹，周期性推开附近敌人。 | H127: 210022 | I127: TRUE | J127: 覆盖 | K127: 无 | L127: 1 | M127: 12000 | N127: 2000 | O127: 340 | P127: 0 | Q127: 30055 | R127: 无 | S127: 增益 | T127: 1 | U127: 状态效果_光环 | V127: 10000 | AJ127: 10360003
B128: 21002204 | C128: 坤岳辟界阵 | D128: 坤岳辟界阵 | E128: 角色状态 | F128: 4 | G128: 维持坤岳辟界阵纹，周期性推开附近敌人。 | H128: 210022 | I128: TRUE | J128: 覆盖 | K128: 无 | L128: 1 | M128: 12000 | N128: 2000 | O128: 340 | P128: 0 | Q128: 30055 | R128: 无 | S128: 增益 | T128: 1 | U128: 状态效果_光环 | V128: 10000 | AJ128: 10360004
B129: 21002205 | C129: 坤岳辟界阵 | D129: 坤岳辟界阵 | E129: 角色状态 | F129: 5 | G129: 维持坤岳辟界阵纹，周期性推开附近敌人。 | H129: 210022 | I129: TRUE | J129: 覆盖 | K129: 无 | L129: 1 | M129: 12000 | N129: 2000 | O129: 340 | P129: 0 | Q129: 30055 | R129: 无 | S129: 增益 | T129: 1 | U129: 状态效果_光环 | V129: 10000 | AJ129: 10360005
B130: 21002206 | C130: 坤岳辟界阵 | D130: 坤岳辟界阵 | E130: 角色状态 | F130: 6 | G130: 维持坤岳辟界阵纹，周期性推开附近敌人。 | H130: 210022 | I130: TRUE | J130: 覆盖 | K130: 无 | L130: 1 | M130: 12000 | N130: 2000 | O130: 340 | P130: 0 | Q130: 30055 | R130: 无 | S130: 增益 | T130: 1 | U130: 状态效果_光环 | V130: 10000 | AJ130: 10360006
B131: 21002207 | C131: 坤岳辟界阵 | D131: 坤岳辟界阵 | E131: 角色状态 | F131: 7 | G131: 维持坤岳辟界阵纹，周期性推开附近敌人。 | H131: 210022 | I131: TRUE | J131: 覆盖 | K131: 无 | L131: 1 | M131: 12000 | N131: 2000 | O131: 340 | P131: 0 | Q131: 30055 | R131: 无 | S131: 增益 | T131: 1 | U131: 状态效果_光环 | V131: 10000 | AJ131: 10360007
B132: 21002208 | C132: 坤岳辟界阵 | D132: 坤岳辟界阵 | E132: 角色状态 | F132: 8 | G132: 维持坤岳辟界阵纹，周期性推开附近敌人。 | H132: 210022 | I132: TRUE | J132: 覆盖 | K132: 无 | L132: 1 | M132: 12000 | N132: 2000 | O132: 340 | P132: 0 | Q132: 30055 | R132: 无 | S132: 增益 | T132: 1 | U132: 状态效果_光环 | V132: 10000 | AJ132: 10360008
B133: 21002209 | C133: 坤岳辟界阵 | D133: 坤岳辟界阵 | E133: 角色状态 | F133: 9 | G133: 维持坤岳辟界阵纹，周期性推开附近敌人。 | H133: 210022 | I133: TRUE | J133: 覆盖 | K133: 无 | L133: 1 | M133: 12000 | N133: 2000 | O133: 340 | P133: 0 | Q133: 30055 | R133: 无 | S133: 增益 | T133: 1 | U133: 状态效果_光环 | V133: 10000 | AJ133: 10360009
B134: 21002210 | C134: 坤岳辟界阵 | D134: 坤岳辟界阵 | E134: 角色状态 | F134: 10 | G134: 维持坤岳辟界阵纹，周期性推开附近敌人。 | H134: 210022 | I134: TRUE | J134: 覆盖 | K134: 无 | L134: 1 | M134: 12000 | N134: 2000 | O134: 340 | P134: 0 | Q134: 30055 | R134: 无 | S134: 增益 | T134: 1 | U134: 状态效果_光环 | V134: 10000 | AJ134: 10360010

Sheet 编号表
A1: 技能内部名 | B1: 内部名编号 | E1: 状态内部名 | F1: 编号
A2: 青萍剑诀 | B2: 1 | E2: 眩晕 | F2: 1
A3: 玄门伏虎击 | B3: 2 | E3: 石化 | F3: 2
A4: 太白藏锋斩 | B4: 3 | E4: 冰冻 | F4: 3
A5: 玄罡撼岳劲 | B5: 4 | E5: 虚弱 | F5: 4
A6: 庚芒诀 | B6: 5 | E6: 中毒 | F6: 5
A7: 青萝引 | B7: 6 | E7: 春脉绵生 | F7: 6
A8: 听潮印 | B8: 7 | E8: 定魄符 | F8: 7
A9: 离火星 | B9: 8 | E9: 霜锁九脉 | F9: 8
A10: 凝岳印 | B10: 9 | E10: 砺锋诀 | F10: 9
A11: 惊蛰落霆 | B11: 10 | E11: 玄炁贯灵 | F11: 10
A12: 赤霄焚野 | B12: 11 | E12: 破甲印 | F12: 11
A13: 御锋诀 | B13: 12 | E13: 蚀法咒 | F13: 12
... A18: 春脉绵生 | B18: 17 | E18: 坤岳辟界阵 | F18: 17
A19: 定魄符 | B19: 18 | F19: 18
A20: 霜锁九脉 | B20: 19 | F20: 19
A21: 砺锋诀 | B21: 20 | F21: 20
A22: 玄炁贯灵 | B22: 21 | F22: 21
A23: 破甲印 | B23: 22 | F23: 22
A24: 蚀法咒 | B24: 23 | F24: 23
A25: 余烬侵脉 | B25: 24 | F25: 24
A26: 离焰周身 | B26: 25 | F26: 25
A27: 玄霜蚀法 | B27: 26 | F27: 26
A28: 坤岳辟界阵 | B28: 27 | F28: 27
A29: 游身九转 | B29: 28 | F29: 28
A30: 离火星·命中 | B30: 29 | F30: 29
... A37: 坤岳辟界阵·光环结算 | B37: 36 | F37: 36
B38: 37 | F38: 37
B39: 38 | F39: 38
B40: 39
B41: 40
B42: 41
B43: 42
B44: 43
B45: 44
B46: 45
B47: 46
B48: 47
B49: 48
B50: 49
A51: 灵植 | B51: 50
A52: 灵材 | B52: 51
A53: 炼丹 | B53: 52
A54: 炼器 | B54: 53
A55: 符箓 | B55: 54
A56: 阵法 | B56: 55
A57: 御兽 | B57: 56
A58: 天序化元经 | B58: 57
A59: 周天转灵功 | B59: 58
A60: 九息纳灵功 | B60: 59
A61: 归元锁基篇 | B61: 60
A62: 太虚演化篇 | B62: 61
... A86: 万灵御心诀 | B86: 85
B87: 86
B88: 87
B89: 88
B90: 89
B91: 90
B92: 91
B93: 92
B94: 93
B95: 94
B96: 95
B97: 96
B98: 97
... B100: 99
A101: 普攻 | B101: 100
B102: 101
B103: 102
B104: 103
B105: 104
B106: 105
B107: 106
B108: 107
B109: 108
B110: 109
B111: 110
B112: 111

Sheet 名称表
A1: 施法目标 | C1: 范围类型 | F1: 效果目标 | H1: 特效绑定位置 | J1: 技能效果 | K1: 数据类型 | L1: 介绍 | M1: 状态效果 | N1: 数据类型 | O1: 介绍
A2: 施法目标_自身 | C2: 范围类型_所选目标 | D2: 单体 | F2: 效果目标_所选 | G2: 筛选的所有目标 | H2: BindingPosition | J2: 技能效果_技能增伤 | M2: 状态效果_眩晕 | N2: 不配数据 | O2: 引擎内置（BuffModuleswitch-case，War3未使用（持续时间走配置）
A3: 施法目标_敌对 | C3: 范围类型_目标圆形范围 | D3: 圆形范围 | F3: 效果目标_自身 | G3: 无视筛选，对自身施放 | H3: 脚底 | I3: origin | J3: 技能效果_忽视防御 | K3: 万分比 | M3: 状态效果_石化 | N3: 不配数据 | O3: 引擎内置（同上）未使用
A4: 施法目标_友方 | C4: 范围类型_目标矩形范围 | F4: 效果目标_范围内的敌对 | G4: 筛选的所有敌方目标 | H4: 胸部 | I4: chest | J4: 技能效果_调用技能 | M4: 状态效果_封印 | N4: 不配数据 | O4: 引擎内置（同上）未使用
A5: 施法目标_目标点 | C5: 范围类型_目标扇形范围 | F5: 效果目标_范围内的友方 | G5: 筛选的所有友方目标 | H5: 背部 | I5: rear | J5: 技能效果_调用状态 | M5: 状态效果_中毒 | O5: game层PoisonHandler每DOT
A6: 施法目标_主人 | C6: 范围类型_自身为中心矩形 | F6: 效果目标_目标点 | H6: 头顶上方 | I6: overhead | J6: 技能效果_召唤单位 | M6: 状态效果_火墙 | O6: game层PoisonHandler同上
C7: 范围类型_自身为圆心 | F7: 效果目标_主人 | H7: 头部 | I7: head | J7: 技能效果_弹道 | M7: 状态效果_火墙整数 | O7: game层PoisonHandler同上
F8: 效果目标_范围内的全部 | H8: 手 | I8: hand | J8: 技能效果_冲撞位移 | M8: 状态效果_虚弱 | N8: 万分比 | O8: game层AttrModHandler伤害减少的万分比
F9: 效果目标_范围内的队友 | H9: 左手 | I9: hand left | J9: 技能效果_火环位移 | M9: 状态效果_易伤 | N9: 万分比 | O9: game层AttrModHandler受伤增幅值
F10: 效果目标_范围内的中立 | H10: 右手 | I10: hand right | J10: 技能效果_隔位刺杀 | M10: 状态效果_物防上限整数增加 | N10: 整数 | O10: game层AttrModHandler平坦物防变化量（乘层数）
F11: 效果目标_范围内的敌对怪 | H11: 脚 | I11: foot | J11: 技能效果_被触发 | M11: 状态效果_魔防上限整数增加 | N11: 整数 | O11: game层AttrModHandler平坦魔防变化量（乘层数）
F12: 效果目标_友方生命值最低 | H12: 左脚 | I12: foot left | J12: 技能效果_被动增加准确 | L12: 未实现 | M12: 状态效果_物防上限万分比增加 | N12: 万分比 | O12: game层AttrModHandler基于施法者法术强度的万分比
H13: 右脚 | I13: foot right | J13: 技能效果_无 | L13: 枚举占位，无逻辑— | M13: 状态效果_魔防上限万分比增加 | N13: 万分比 | O13: game层AttrModHandler同上
A14: 施法逻辑 | H14: 武器 | I14: weapon | J14: 技能效果_刺杀近身 | M14: 状态效果_回血 | N14: 整数 | O14: game层HealHandler（瞬时）回复HP量（整数）
A15: 1、通过【施法目标】确定施法目标点(单位) | H15: 精灵绑定点 | I15: sprite | J15: 技能效果_刺杀隔位 | M15: 状态效果_回蓝 | N15: 整数 | O15: game层HealHandler（瞬时）回复MP量（整数）
A16: 2、在目标点以【范围类型】再次进行筛选 | H16: 模型中部 | I16: medium | J16: 技能效果_传送 | L16: 1，2，3分别是回城，随机，指定传送 | M16: 状态效果_治愈术 | N16: 万分比 | O16: game层HealHandler（DOT）施法者法术强度的万分比（每跳）
A17: 3、筛选的所有目标里，对符合【效果目标】的单位确定具体对谁施加（包括数量） | H17: 坐骑 | I17: mount | M17: 状态效果_治愈术整数 | N17: 万分比 | O17: game层HealHandler（DOT）每跳回血量（整数，乘层数）
A18: 3、对符合【效果目标】的单位施加技能效果 | I18: 只配置中文部分，英文是引擎使用，我们只要上面5个挂点，下面黄底色先不管，需要动作全部做一下挂点，这一点上我们具体跟动作同学聊。 | M18: 状态效果_魔法盾系数 | N18: 整数 | O18: game层MagicShieldHandler盾值系数（万分比，基于法力值）
A19: 4、如果【技能效果】是【调用技能B】，则技能B以【每个效果目标】作为【施法目标】(多个效果目标时，技能B会执行多次) | M19: 状态效果_魔法盾吸收伤害 | N19: 不配数据 | O19: game层MagicShieldHandler伤害吸收百分比（万分比）
A20: 5、技能B【跳过逻辑1】【执行逻辑2】 | M20: 状态效果_隐身 | N20: 整数 | O20: game层InvisibleHandler未使用
A21: 6.效果目标选择 效果目标_自身 时，无视前面说的，只对自己施放 | M21: 状态效果_隐身术 | N21: 整数 | O21: game层InvisibleHandler（别名）未使用
A22: 7.被调用的技能一般不需要配置施法目标。 | M22: 状态效果_盾破CD | N22: 整数 | O22: game层ShieldBreakCDHandler未使用（持续时间走配置）
M23: 状态效果_缓慢回血 | N23: 整数 | O23: game层HealHandler（BUFF按配置缓慢回）回复HP量（整数）
M24: 状态效果_缓慢回蓝 | N24: 整数 | O24: game层HealHandler（BUFF按配置缓慢回）回复MP量（整数）
M25: 状态效果_中毒 | N25: 计算自己道术属性，效果值相当于取值以后X万分比，是一个系数。算出来是整数DOT掉血（上面已有）
M26: 状态效果_战士DOT | N26: 计算自己攻击属性，效果值相当于取值以后X万分比，是一个系数。算出来是整数DOT掉血
M27: 状态效果_法师DOT | N27: 计算自己魔法属性，效果值相当于取值以后X万分比，是一个系数。算出来是整数DOT掉血（相当于火墙技能）
M28: 状态效果_攻击万分比
M29: 状态效果_魔法万分比
M30: 状态效果_道术万分比
M31: 状态效果_攻击速度 | O31: ？？
M32: 状态效果_施法速度 | O32: ？？
M33: 状态效果_施法速度 | O33: ？？
M34: 状态效果_物防上限整数降低
M35: 状态效果_魔防上限整数降低
M36: 状态效果_物防上限万分比降低
M37: 状态效果_魔防上限万分比降低
M38: 状态效果_暴击增加
M39: 状态效果_流血战 | N39: 每秒损失攻击力*X%的生命，每秒这个事情通过间隔配置，伤害计算上和前面不一样，攻击力单独算一次，考虑幸运值的情况，从上下限取值
M40: 状态效果_流血法 | N40: 每秒损失魔法*X%的生命，每秒这个事情通过间隔配置，伤害计算上和前面不一样，攻击力单独算一次，考虑幸运值的情况，从上下限取值
M41: 状态效果_流血道 | N41: 每秒损失道术*X%的生命，每秒这个事情通过间隔配置，伤害计算上和前面不一样，攻击力单独算一次，考虑幸运值的情况，从上下限取值
M42: 状态效果_加攻击下限整数 | N42: 增加攻击下限X值
M43: 状态效果_加攻击上限整数 | N43: 增加攻击上限X值
M44: 状态效果_加攻击下限万分比 | N44: 增加攻击下限万分比
M45: 状态效果_加攻击上限万分比 | N45: 增加攻击上限万分比
M46: 状态效果_加魔法下限整数 | N46: 增加魔法下限X值
M47: 状态效果_加魔法上限整数 | N47: 增加魔法上限X值
M48: 状态效果_加魔法下限万分比 | N48: 增加魔法下限万分比
M49: 状态效果_加魔法上限万分比 | N49: 增加魔法上限万分比
M50: 状态效果_加道术下限整数 | N50: 增加道术下限X值
... M53: 状态效果_加道术上限万分比 | N53: 增加道术上限万分比
F57: 状态效果_流血
F58: 状态效果_物攻百分比增加
F59: 状态效果_移动百分比增加
F60: 状态效果_攻速百分比增加
F61: 状态效果_双防百分比增加
F62: 状态效果_目标双防百分比减少
F63: 状态效果_暴击百分比增加
F64: 状态效果_召唤大技能
F65: 状态效果_目标按攻击百分比扣血
F66: 状态效果_施法速度百分比增加
F67: 状态效果_物攻麻痹定身
F68: 状态效果_目标按攻击百分比扣血
F69: 状态效果_道术百分比增加
F71: 状态效果_中毒 | G71: 计算自己道术属性，算出来是整数DOT掉血
F72: 状态效果_战士DOT | G72: 计算自己攻击属性，算出来是整数DOT掉血
F73: 状态效果_法师DOT | G73: 计算自己魔法属性，算出来是整数DOT掉血
F74: 状态效果_攻击万分比
F75: 状态效果_魔法万分比
F76: 状态效果_道术万分比
F77: 状态效果_攻击速度
F78: 状态效果_施法速度
F79: 状态效果_施法速度
F80: 状态效果_物防上限整数降低
F81: 状态效果_魔防上限整数降低
F82: 状态效果_物防上限万分比降低
F83: 状态效果_魔防上限万分比降低
F84: 状态效果_暴击增加
F85: 状态效果_流血战 | G85: 每秒损失攻击力*X%的生命，每秒这个事情通过间隔配置，伤害计算上和前面不一样，攻击力单独算一次，考虑幸运值的情况，从上下限取值
F86: 状态效果_流血法 | G86: 每秒损失魔法*X%的生命，每秒这个事情通过间隔配置，伤害计算上和前面不一样，攻击力单独算一次，考虑幸运值的情况，从上下限取值
F87: 状态效果_流血道 | G87: 每秒损失道术*X%的生命，每秒这个事情通过间隔配置，伤害计算上和前面不一样，攻击力单独算一次，考虑幸运值的情况，从上下限取值
F88: 状态效果_加攻击下限整数 | G88: 增加攻击下限X值
F89: 状态效果_加攻击上限整数 | G89: 增加攻击上限X值
F90: 状态效果_加攻击下限万分比 | G90: 增加攻击下限万分比
F91: 状态效果_加攻击上限万分比 | G91: 增加攻击上限万分比
F92: 状态效果_加魔法下限整数 | G92: 增加魔法下限X值
F93: 状态效果_加魔法上限整数 | G93: 增加魔法上限X值
F94: 状态效果_加魔法下限万分比 | G94: 增加魔法下限万分比
F95: 状态效果_加魔法上限万分比 | G95: 增加魔法上限万分比
F96: 状态效果_加道术下限整数 | G96: 增加道术下限X值
... F99: 状态效果_加道术上限万分比 | G99: 增加道术上限万分比

Sheet Sheet1
M1: skill_class
M3: ClassType
M4: 技能系别
L5: 参数_系别 | M5: 剑道 | N5: =L5&M5 -> 参数_系别剑道 | O5: 1.png = 剑道 | S5: 1.png = 剑道
L6: 参数_系别 | M6: 炼体 | N6: =L6&M6 -> 参数_系别炼体 | O6: 14.png = 炼体 | S6: 2.png = 灵植
L7: 参数_系别 | M7: 金行 | N7: =L7&M7 -> 参数_系别金行 | O7: 8.png = 五行 | S7: 3.png = 灵材
L8: 参数_系别 | M8: 木行 | N8: =L8&M8 -> 参数_系别木行 | O8: 8.png = 五行 | S8: 4.png = 炼丹
L9: 参数_系别 | M9: 水行 | N9: =L9&M9 -> 参数_系别水行 | O9: 8.png = 五行 | S9: 5.png = 炼器
L10: 参数_系别 | M10: 火行 | N10: =L10&M10 -> 参数_系别火行 | O10: 8.png = 五行 | S10: 6.png = 符箓
L11: 参数_系别 | M11: 土行 | N11: =L11&M11 -> 参数_系别土行 | O11: 8.png = 五行 | S11: 7.png = 阵法
L12: 参数_系别 | M12: 术法 | N12: =L12&M12 -> 参数_系别术法 | O12: 13.png = 术法 | S12: 8.png = 五行
L13: 参数_系别 | M13: 灵植 | N13: =L13&M13 -> 参数_系别灵植 | O13: 2.png = 灵植 | S13: 9.png = 御兽
L14: 参数_系别 | M14: 灵材 | N14: =L14&M14 -> 参数_系别灵材 | O14: 3.png = 灵材 | S14: 10.png = 修炼
L15: 参数_系别 | M15: 炼丹 | N15: =L15&M15 -> 参数_系别炼丹 | O15: 4.png = 炼丹 | S15: 11.png = 破境
L16: 参数_系别 | M16: 炼器 | N16: =L16&M16 -> 参数_系别炼器 | O16: 5.png = 炼器 | S16: 12.png = 神识
... L18: 参数_系别 | M18: 阵法 | N18: =L18&M18 -> 参数_系别阵法 | O18: 7.png = 阵法 | S18: 14.png = 炼体
L19: 参数_系别 | M19: 御兽 | N19: =L19&M19 -> 参数_系别御兽 | O19: 9.png = 御兽
L20: 参数_系别 | M20: 修炼 | N20: =L20&M20 -> 参数_系别修炼 | O20: 10.png = 修炼
L21: 参数_系别 | M21: 破境 | N21: =L21&M21 -> 参数_系别破境 | O21: 11.png = 破境
L22: 参数_系别 | M22: 神识 | N22: =L22&M22 -> 参数_系别神识 | O22: 12.png = 神识
L23: 参数_系别 | M23: 五行 | N23: =L23&M23 -> 参数_系别五行 | O23: 8.png = 五行
L24: 参数_系别 | M24: 神通 | N24: =L24&M24 -> 参数_系别神通 | O24: 19
