Workbook

Sheet 灵植表
A1: ##var | B1: seq | C1: id | D1: name | F1: realm | G1: role | H1: quality | I1: element | J1: taste | L1: max_material_count | M1: nval | O1: power | P1: dross | Q1: target_power | R1: price
A2: ##type | B2: int | C2: int | D2: string | F2: MajorRealm | G2: string | H2: string | I2: string | J2: string | L2: int | M2: int | O2: int | P2: int | Q2: int | R2: long
A3: ##group | C3: c,s | D3: c,s | F3: c,s | G3: c,s | H3: c,s | I3: c,s | J3: c,s | K3: 前后台不读策划用 | L3: c,s | M3: c,s | O3: c,s | P3: c,s | Q3: c,s | R3: c,s
A4: ## | B4: 序号 | C4: 灵植ID | D4: 名称[权威在物品表] | E4: 编号ID | F4: 境界 | G4: 分类 | H4: 品质 | I4: 五行[仅臣] | J4: 五味[仅使] | K4: 药势 | L4: 最大承药份数[仅丹头] | M4: 性值 | N4: ID编号用 | O4: 单份药力 | P4: 杂质 | Q4: 目标药力[仅君] | R4: 价格
B5: 1 | C5: =30000000+INDEX(编号表!$B:$B,MATCH(G5,编号表!$A:$A,0))*100000+INDEX(编号表!$F:$F,MATCH(H5,编号表!$E:$E,0))*1000+INDEX(编号表!$D:$D,MATCH(F5,编号表!$C:$C,0))*10000+E5 -> 31221000 | D5: 足年定元参·凡株 | E5: 0 | F5: 筑基 | G5: 君 | H5: 凡品 | L5: 0 | M5: 0 | O5: 2000 | P5: 1100 | Q5: 10000 | R5: 180
B6: 2 | C6: =30000000+INDEX(编号表!$B:$B,MATCH(G6,编号表!$A:$A,0))*100000+INDEX(编号表!$F:$F,MATCH(H6,编号表!$E:$E,0))*1000+INDEX(编号表!$D:$D,MATCH(F6,编号表!$C:$C,0))*10000+E6 -> 31321000 | D6: 足年铁骨藤·凡株 | E6: 0 | F6: 筑基 | G6: 臣 | H6: 凡品 | I6: 金 | L6: 0 | M6: -2 | O6: 1195 | P6: 658 | Q6: 0 | R6: 140
B7: 3 | C7: =30000000+INDEX(编号表!$B:$B,MATCH(G7,编号表!$A:$A,0))*100000+INDEX(编号表!$F:$F,MATCH(H7,编号表!$E:$E,0))*1000+INDEX(编号表!$D:$D,MATCH(F7,编号表!$C:$C,0))*10000+E7 -> 31321001 | D7: 足年金英花·凡株 | E7: 1 | F7: 筑基 | G7: 臣 | H7: 凡品 | I7: 金 | L7: 0 | M7: 3 | O7: 1277 | P7: 869 | Q7: 0 | R7: 180
B8: 4 | C8: =30000000+INDEX(编号表!$B:$B,MATCH(G8,编号表!$A:$A,0))*100000+INDEX(编号表!$F:$F,MATCH(H8,编号表!$E:$E,0))*1000+INDEX(编号表!$D:$D,MATCH(F8,编号表!$C:$C,0))*10000+E8 -> 31321002 | D8: 足年青玉藤·凡株 | E8: 2 | F8: 筑基 | G8: 臣 | H8: 凡品 | I8: 木 | L8: 0 | M8: -1 | O8: 1133 | P8: 408 | Q8: 0 | R8: 195
B9: 5 | C9: =30000000+INDEX(编号表!$B:$B,MATCH(G9,编号表!$A:$A,0))*100000+INDEX(编号表!$F:$F,MATCH(H9,编号表!$E:$E,0))*1000+INDEX(编号表!$D:$D,MATCH(F9,编号表!$C:$C,0))*10000+E9 -> 31321003 | D9: 足年翠叶藤·凡株 | E9: 3 | F9: 筑基 | G9: 臣 | H9: 凡品 | I9: 木 | L9: 0 | M9: 2 | O9: 1195 | P9: 980 | Q9: 0 | R9: 60
B10: 6 | C10: =30000000+INDEX(编号表!$B:$B,MATCH(G10,编号表!$A:$A,0))*100000+INDEX(编号表!$F:$F,MATCH(H10,编号表!$E:$E,0))*1000+INDEX(编号表!$D:$D,MATCH(F10,编号表!$C:$C,0))*10000+E10 -> 31321004 | D10: 足年寒潭藻·凡株 | E10: 4 | F10: 筑基 | G10: 臣 | H10: 凡品 | I10: 水 | L10: 0 | M10: -1 | O10: 1195 | P10: 813 | Q10: 0 | R10: 145
B11: 7 | C11: =30000000+INDEX(编号表!$B:$B,MATCH(G11,编号表!$A:$A,0))*100000+INDEX(编号表!$F:$F,MATCH(H11,编号表!$E:$E,0))*1000+INDEX(编号表!$D:$D,MATCH(F11,编号表!$C:$C,0))*10000+E11 -> 31321005 | D11: 足年沸泉苔·凡株 | E11: 5 | F11: 筑基 | G11: 臣 | H11: 凡品 | I11: 水 | L11: 0 | M11: 4 | O11: 1236 | P11: 1014 | Q11: 0 | R11: 260
B12: 8 | C12: =30000000+INDEX(编号表!$B:$B,MATCH(G12,编号表!$A:$A,0))*100000+INDEX(编号表!$F:$F,MATCH(H12,编号表!$E:$E,0))*1000+INDEX(编号表!$D:$D,MATCH(F12,编号表!$C:$C,0))*10000+E12 -> 31321006 | D12: 足年丹露花·凡株 | E12: 6 | F12: 筑基 | G12: 臣 | H12: 凡品 | I12: 火 | L12: 0 | M12: -1 | O12: 1236 | P12: 347 | Q12: 0 | R12: 420
B13: 9 | C13: =30000000+INDEX(编号表!$B:$B,MATCH(G13,编号表!$A:$A,0))*100000+INDEX(编号表!$F:$F,MATCH(H13,编号表!$E:$E,0))*1000+INDEX(编号表!$D:$D,MATCH(F13,编号表!$C:$C,0))*10000+E13 -> 31321007 | D13: 足年丹炎苔·凡株 | E13: 7 | F13: 筑基 | G13: 臣 | H13: 凡品 | I13: 火 | L13: 0 | M13: 2 | O13: 1195 | P13: 980 | Q13: 0 | R13: 60
B14: 10 | C14: =30000000+INDEX(编号表!$B:$B,MATCH(G14,编号表!$A:$A,0))*100000+INDEX(编号表!$F:$F,MATCH(H14,编号表!$E:$E,0))*1000+INDEX(编号表!$D:$D,MATCH(F14,编号表!$C:$C,0))*10000+E14 -> 31321008 | D14: 足年白岩参·凡株 | E14: 8 | F14: 筑基 | G14: 臣 | H14: 凡品 | I14: 土 | L14: 0 | M14: -2 | O14: 1195 | P14: 658 | Q14: 0 | R14: 140
B15: 11 | C15: =30000000+INDEX(编号表!$B:$B,MATCH(G15,编号表!$A:$A,0))*100000+INDEX(编号表!$F:$F,MATCH(H15,编号表!$E:$E,0))*1000+INDEX(编号表!$D:$D,MATCH(F15,编号表!$C:$C,0))*10000+E15 -> 31321009 | D15: 足年厚元苔·凡株 | E15: 9 | F15: 筑基 | G15: 臣 | H15: 凡品 | I15: 土 | L15: 0 | M15: 1 | O15: 1133 | P15: 408 | Q15: 0 | R15: 195
B16: 12 | C16: =30000000+INDEX(编号表!$B:$B,MATCH(G16,编号表!$A:$A,0))*100000+INDEX(编号表!$F:$F,MATCH(H16,编号表!$E:$E,0))*1000+INDEX(编号表!$D:$D,MATCH(F16,编号表!$C:$C,0))*10000+E16 -> 31521000 | D16: 足年霜辛草·凡株 | E16: 0 | F16: 筑基 | G16: 使 | H16: 凡品 | J16: 辛 | L16: 0 | M16: -2 | O16: 1195 | P16: 658 | Q16: 0 | R16: 140
B17: 13 | C17: =30000000+INDEX(编号表!$B:$B,MATCH(G17,编号表!$A:$A,0))*100000+INDEX(编号表!$F:$F,MATCH(H17,编号表!$E:$E,0))*1000+INDEX(编号表!$D:$D,MATCH(F17,编号表!$C:$C,0))*10000+E17 -> 31521001 | D17: 足年烈香花·凡株 | E17: 1 | F17: 筑基 | G17: 使 | H17: 凡品 | J17: 辛 | L17: 0 | M17: 3 | O17: 1277 | P17: 869 | Q17: 0 | R17: 180
B18: 14 | C18: =30000000+INDEX(编号表!$B:$B,MATCH(G18,编号表!$A:$A,0))*100000+INDEX(编号表!$F:$F,MATCH(H18,编号表!$E:$E,0))*1000+INDEX(编号表!$D:$D,MATCH(F18,编号表!$C:$C,0))*10000+E18 -> 31521002 | D18: 足年甘露草·凡株 | E18: 2 | F18: 筑基 | G18: 使 | H18: 凡品 | J18: 甘 | L18: 0 | M18: -1 | O18: 1133 | P18: 408 | Q18: 0 | R18: 195
B19: 15 | C19: =30000000+INDEX(编号表!$B:$B,MATCH(G19,编号表!$A:$A,0))*100000+INDEX(编号表!$F:$F,MATCH(H19,编号表!$E:$E,0))*1000+INDEX(编号表!$D:$D,MATCH(F19,编号表!$C:$C,0))*10000+E19 -> 31521003 | D19: 足年蜜香果·凡株 | E19: 3 | F19: 筑基 | G19: 使 | H19: 凡品 | J19: 甘 | L19: 0 | M19: 2 | O19: 1195 | P19: 980 | Q19: 0 | R19: 60
B20: 16 | C20: =30000000+INDEX(编号表!$B:$B,MATCH(G20,编号表!$A:$A,0))*100000+INDEX(编号表!$F:$F,MATCH(H20,编号表!$E:$E,0))*1000+INDEX(编号表!$D:$D,MATCH(F20,编号表!$C:$C,0))*10000+E20 -> 31521004 | D20: 足年青梅草·凡株 | E20: 4 | F20: 筑基 | G20: 使 | H20: 凡品 | J20: 酸 | L20: 0 | M20: -1 | O20: 1195 | P20: 813 | Q20: 0 | R20: 145
B21: 17 | C21: =30000000+INDEX(编号表!$B:$B,MATCH(G21,编号表!$A:$A,0))*100000+INDEX(编号表!$F:$F,MATCH(H21,编号表!$E:$E,0))*1000+INDEX(编号表!$D:$D,MATCH(F21,编号表!$C:$C,0))*10000+E21 -> 31521005 | D21: 足年火梅藤·凡株 | E21: 5 | F21: 筑基 | G21: 使 | H21: 凡品 | J21: 酸 | L21: 0 | M21: 4 | O21: 1236 | P21: 1014 | Q21: 0 | R21: 260
B22: 18 | C22: =30000000+INDEX(编号表!$B:$B,MATCH(G22,编号表!$A:$A,0))*100000+INDEX(编号表!$F:$F,MATCH(H22,编号表!$E:$E,0))*1000+INDEX(编号表!$D:$D,MATCH(F22,编号表!$C:$C,0))*10000+E22 -> 31521006 | D22: 足年黄连芽·凡株 | E22: 6 | F22: 筑基 | G22: 使 | H22: 凡品 | J22: 苦 | L22: 0 | M22: -1 | O22: 1236 | P22: 347 | Q22: 0 | R22: 420
B23: 19 | C23: =30000000+INDEX(编号表!$B:$B,MATCH(G23,编号表!$A:$A,0))*100000+INDEX(编号表!$F:$F,MATCH(H23,编号表!$E:$E,0))*1000+INDEX(编号表!$D:$D,MATCH(F23,编号表!$C:$C,0))*10000+E23 -> 31521007 | D23: 足年苦参根·凡株 | E23: 7 | F23: 筑基 | G23: 使 | H23: 凡品 | J23: 苦 | L23: 0 | M23: 2 | O23: 1195 | P23: 980 | Q23: 0 | R23: 60
B24: 20 | C24: =30000000+INDEX(编号表!$B:$B,MATCH(G24,编号表!$A:$A,0))*100000+INDEX(编号表!$F:$F,MATCH(H24,编号表!$E:$E,0))*1000+INDEX(编号表!$D:$D,MATCH(F24,编号表!$C:$C,0))*10000+E24 -> 31521008 | D24: 足年海潮苔·凡株 | E24: 8 | F24: 筑基 | G24: 使 | H24: 凡品 | J24: 咸 | L24: 0 | M24: -2 | O24: 1195 | P24: 658 | Q24: 0 | R24: 140
B25: 21 | C25: =30000000+INDEX(编号表!$B:$B,MATCH(G25,编号表!$A:$A,0))*100000+INDEX(编号表!$F:$F,MATCH(H25,编号表!$E:$E,0))*1000+INDEX(编号表!$D:$D,MATCH(F25,编号表!$C:$C,0))*10000+E25 -> 31521009 | D25: 足年海砂苔·凡株 | E25: 9 | F25: 筑基 | G25: 使 | H25: 凡品 | J25: 咸 | L25: 0 | M25: 1 | O25: 1133 | P25: 408 | Q25: 0 | R25: 195
B26: 22 | C26: =30000000+INDEX(编号表!$B:$B,MATCH(G26,编号表!$A:$A,0))*100000+INDEX(编号表!$F:$F,MATCH(H26,编号表!$E:$E,0))*1000+INDEX(编号表!$D:$D,MATCH(F26,编号表!$C:$C,0))*10000+E26 -> 31421000 | D26: 足年净元草·凡株 | E26: 0 | F26: 筑基 | G26: 佐 | H26: 凡品 | L26: 0 | M26: 0 | O26: 1133 | P26: 318 | Q26: 0 | R26: 230
B27: 23 | C27: =30000000+INDEX(编号表!$B:$B,MATCH(G27,编号表!$A:$A,0))*100000+INDEX(编号表!$F:$F,MATCH(H27,编号表!$E:$E,0))*1000+INDEX(编号表!$D:$D,MATCH(F27,编号表!$C:$C,0))*10000+E27 -> 31421001 | D27: 足年太和草·凡株 | E27: 1 | F27: 筑基 | G27: 佐 | H27: 凡品 | L27: 0 | M27: 0 | O27: 1277 | P27: 1048 | Q27: 0 | R27: 80
B28: 24 | C28: =30000000+INDEX(编号表!$B:$B,MATCH(G28,编号表!$A:$A,0))*100000+INDEX(编号表!$F:$F,MATCH(H28,编号表!$E:$E,0))*1000+INDEX(编号表!$D:$D,MATCH(F28,编号表!$C:$C,0))*10000+E28 -> 31421002 | D28: 足年温脉花·凡株 | E28: 2 | F28: 筑基 | G28: 佐 | H28: 凡品 | L28: 0 | M28: 1 | O28: 1236 | P28: 347 | Q28: 0 | R28: 420
B29: 25 | C29: =30000000+INDEX(编号表!$B:$B,MATCH(G29,编号表!$A:$A,0))*100000+INDEX(编号表!$F:$F,MATCH(H29,编号表!$E:$E,0))*1000+INDEX(编号表!$D:$D,MATCH(F29,编号表!$C:$C,0))*10000+E29 -> 31421003 | D29: 足年烈阳藤·凡株 | E29: 3 | F29: 筑基 | G29: 佐 | H29: 凡品 | L29: 0 | M29: 4 | O29: 1236 | P29: 1014 | Q29: 0 | R29: 260
B30: 26 | C30: =30000000+INDEX(编号表!$B:$B,MATCH(G30,编号表!$A:$A,0))*100000+INDEX(编号表!$F:$F,MATCH(H30,编号表!$E:$E,0))*1000+INDEX(编号表!$D:$D,MATCH(F30,编号表!$C:$C,0))*10000+E30 -> 31621000 | D30: 足年七叶丹莲·凡株 | E30: 0 | F30: 筑基 | G30: 丹头 | H30: 凡品 | L30: 7 | M30: 0 | O30: 0 | P30: 0 | Q30: 0 | R30: 120
B31: 27 | C31: =30000000+INDEX(编号表!$B:$B,MATCH(G31,编号表!$A:$A,0))*100000+INDEX(编号表!$F:$F,MATCH(H31,编号表!$E:$E,0))*1000+INDEX(编号表!$D:$D,MATCH(F31,编号表!$C:$C,0))*10000+E31 -> 31621001 | D31: 足年八脉丹藤·凡株 | E31: 1 | F31: 筑基 | G31: 丹头 | H31: 凡品 | L31: 8 | M31: 0 | O31: 0 | P31: 0 | Q31: 0 | R31: 220
B32: 28 | C32: =30000000+INDEX(编号表!$B:$B,MATCH(G32,编号表!$A:$A,0))*100000+INDEX(编号表!$F:$F,MATCH(H32,编号表!$E:$E,0))*1000+INDEX(编号表!$D:$D,MATCH(F32,编号表!$C:$C,0))*10000+E32 -> 31621002 | D32: 足年九环丹芝·凡株 | E32: 2 | F32: 筑基 | G32: 丹头 | H32: 凡品 | L32: 9 | M32: 0 | O32: 0 | P32: 0 | Q32: 0 | R32: 340
B33: 29 | C33: =30000000+INDEX(编号表!$B:$B,MATCH(G33,编号表!$A:$A,0))*100000+INDEX(编号表!$F:$F,MATCH(H33,编号表!$E:$E,0))*1000+INDEX(编号表!$D:$D,MATCH(F33,编号表!$C:$C,0))*10000+E33 -> 31222000 | D33: 足年定元参·灵株 | E33: 0 | F33: 筑基 | G33: 君 | H33: 灵品 | L33: 0 | M33: 0 | O33: 3600 | P33: 1921 | Q33: 18000 | R33: 324
B34: 30 | C34: =30000000+INDEX(编号表!$B:$B,MATCH(G34,编号表!$A:$A,0))*100000+INDEX(编号表!$F:$F,MATCH(H34,编号表!$E:$E,0))*1000+INDEX(编号表!$D:$D,MATCH(F34,编号表!$C:$C,0))*10000+E34 -> 31322000 | D34: 足年铁骨藤·灵株 | E34: 0 | F34: 筑基 | G34: 臣 | H34: 灵品 | I34: 金 | L34: 0 | M34: -2 | O34: 2151 | P34: 1148 | Q34: 0 | R34: 252
B35: 31 | C35: =30000000+INDEX(编号表!$B:$B,MATCH(G35,编号表!$A:$A,0))*100000+INDEX(编号表!$F:$F,MATCH(H35,编号表!$E:$E,0))*1000+INDEX(编号表!$D:$D,MATCH(F35,编号表!$C:$C,0))*10000+E35 -> 31322001 | D35: 足年金英花·灵株 | E35: 1 | F35: 筑基 | G35: 臣 | H35: 灵品 | I35: 金 | L35: 0 | M35: 3 | O35: 2298 | P35: 1516 | Q35: 0 | R35: 324
B36: 32 | C36: =30000000+INDEX(编号表!$B:$B,MATCH(G36,编号表!$A:$A,0))*100000+INDEX(编号表!$F:$F,MATCH(H36,编号表!$E:$E,0))*1000+INDEX(编号表!$D:$D,MATCH(F36,编号表!$C:$C,0))*10000+E36 -> 31322002 | D36: 足年青玉藤·灵株 | E36: 2 | F36: 筑基 | G36: 臣 | H36: 灵品 | I36: 木 | L36: 0 | M36: -1 | O36: 2039 | P36: 714 | Q36: 0 | R36: 351
B37: 33 | C37: =30000000+INDEX(编号表!$B:$B,MATCH(G37,编号表!$A:$A,0))*100000+INDEX(编号表!$F:$F,MATCH(H37,编号表!$E:$E,0))*1000+INDEX(编号表!$D:$D,MATCH(F37,编号表!$C:$C,0))*10000+E37 -> 31322003 | D37: 足年翠叶藤·灵株 | E37: 3 | F37: 筑基 | G37: 臣 | H37: 灵品 | I37: 木 | L37: 0 | M37: 2 | O37: 2151 | P37: 1712 | Q37: 0 | R37: 108
B38: 34 | C38: =30000000+INDEX(编号表!$B:$B,MATCH(G38,编号表!$A:$A,0))*100000+INDEX(编号表!$F:$F,MATCH(H38,编号表!$E:$E,0))*1000+INDEX(编号表!$D:$D,MATCH(F38,编号表!$C:$C,0))*10000+E38 -> 31322004 | D38: 足年寒潭藻·灵株 | E38: 4 | F38: 筑基 | G38: 臣 | H38: 灵品 | I38: 水 | L38: 0 | M38: -1 | O38: 2151 | P38: 1420 | Q38: 0 | R38: 261
B39: 35 | C39: =30000000+INDEX(编号表!$B:$B,MATCH(G39,编号表!$A:$A,0))*100000+INDEX(编号表!$F:$F,MATCH(H39,编号表!$E:$E,0))*1000+INDEX(编号表!$D:$D,MATCH(F39,编号表!$C:$C,0))*10000+E39 -> 31322005 | D39: 足年沸泉苔·灵株 | E39: 5 | F39: 筑基 | G39: 臣 | H39: 灵品 | I39: 水 | L39: 0 | M39: 4 | O39: 2224 | P39: 1770 | Q39: 0 | R39: 468
B40: 36 | C40: =30000000+INDEX(编号表!$B:$B,MATCH(G40,编号表!$A:$A,0))*100000+INDEX(编号表!$F:$F,MATCH(H40,编号表!$E:$E,0))*1000+INDEX(编号表!$D:$D,MATCH(F40,编号表!$C:$C,0))*10000+E40 -> 31322006 | D40: 足年丹露花·灵株 | E40: 6 | F40: 筑基 | G40: 臣 | H40: 灵品 | I40: 火 | L40: 0 | M40: -1 | O40: 2224 | P40: 605 | Q40: 0 | R40: 756
B41: 37 | C41: =30000000+INDEX(编号表!$B:$B,MATCH(G41,编号表!$A:$A,0))*100000+INDEX(编号表!$F:$F,MATCH(H41,编号表!$E:$E,0))*1000+INDEX(编号表!$D:$D,MATCH(F41,编号表!$C:$C,0))*10000+E41 -> 31322007 | D41: 足年丹炎苔·灵株 | E41: 7 | F41: 筑基 | G41: 臣 | H41: 灵品 | I41: 火 | L41: 0 | M41: 2 | O41: 2151 | P41: 1712 | Q41: 0 | R41: 108
B42: 38 | C42: =30000000+INDEX(编号表!$B:$B,MATCH(G42,编号表!$A:$A,0))*100000+INDEX(编号表!$F:$F,MATCH(H42,编号表!$E:$E,0))*1000+INDEX(编号表!$D:$D,MATCH(F42,编号表!$C:$C,0))*10000+E42 -> 31322008 | D42: 足年白岩参·灵株 | E42: 8 | F42: 筑基 | G42: 臣 | H42: 灵品 | I42: 土 | L42: 0 | M42: -2 | O42: 2151 | P42: 1148 | Q42: 0 | R42: 252
B43: 39 | C43: =30000000+INDEX(编号表!$B:$B,MATCH(G43,编号表!$A:$A,0))*100000+INDEX(编号表!$F:$F,MATCH(H43,编号表!$E:$E,0))*1000+INDEX(编号表!$D:$D,MATCH(F43,编号表!$C:$C,0))*10000+E43 -> 31322009 | D43: 足年厚元苔·灵株 | E43: 9 | F43: 筑基 | G43: 臣 | H43: 灵品 | I43: 土 | L43: 0 | M43: 1 | O43: 2039 | P43: 714 | Q43: 0 | R43: 351
B44: 40 | C44: =30000000+INDEX(编号表!$B:$B,MATCH(G44,编号表!$A:$A,0))*100000+INDEX(编号表!$F:$F,MATCH(H44,编号表!$E:$E,0))*1000+INDEX(编号表!$D:$D,MATCH(F44,编号表!$C:$C,0))*10000+E44 -> 31522000 | D44: 足年霜辛草·灵株 | E44: 0 | F44: 筑基 | G44: 使 | H44: 灵品 | J44: 辛 | L44: 0 | M44: -2 | O44: 2151 | P44: 1148 | Q44: 0 | R44: 252
B45: 41 | C45: =30000000+INDEX(编号表!$B:$B,MATCH(G45,编号表!$A:$A,0))*100000+INDEX(编号表!$F:$F,MATCH(H45,编号表!$E:$E,0))*1000+INDEX(编号表!$D:$D,MATCH(F45,编号表!$C:$C,0))*10000+E45 -> 31522001 | D45: 足年烈香花·灵株 | E45: 1 | F45: 筑基 | G45: 使 | H45: 灵品 | J45: 辛 | L45: 0 | M45: 3 | O45: 2298 | P45: 1516 | Q45: 0 | R45: 324
B46: 42 | C46: =30000000+INDEX(编号表!$B:$B,MATCH(G46,编号表!$A:$A,0))*100000+INDEX(编号表!$F:$F,MATCH(H46,编号表!$E:$E,0))*1000+INDEX(编号表!$D:$D,MATCH(F46,编号表!$C:$C,0))*10000+E46 -> 31522002 | D46: 足年甘露草·灵株 | E46: 2 | F46: 筑基 | G46: 使 | H46: 灵品 | J46: 甘 | L46: 0 | M46: -1 | O46: 2039 | P46: 714 | Q46: 0 | R46: 351
B47: 43 | C47: =30000000+INDEX(编号表!$B:$B,MATCH(G47,编号表!$A:$A,0))*100000+INDEX(编号表!$F:$F,MATCH(H47,编号表!$E:$E,0))*1000+INDEX(编号表!$D:$D,MATCH(F47,编号表!$C:$C,0))*10000+E47 -> 31522003 | D47: 足年蜜香果·灵株 | E47: 3 | F47: 筑基 | G47: 使 | H47: 灵品 | J47: 甘 | L47: 0 | M47: 2 | O47: 2151 | P47: 1712 | Q47: 0 | R47: 108
B48: 44 | C48: =30000000+INDEX(编号表!$B:$B,MATCH(G48,编号表!$A:$A,0))*100000+INDEX(编号表!$F:$F,MATCH(H48,编号表!$E:$E,0))*1000+INDEX(编号表!$D:$D,MATCH(F48,编号表!$C:$C,0))*10000+E48 -> 31522004 | D48: 足年青梅草·灵株 | E48: 4 | F48: 筑基 | G48: 使 | H48: 灵品 | J48: 酸 | L48: 0 | M48: -1 | O48: 2151 | P48: 1420 | Q48: 0 | R48: 261
B49: 45 | C49: =30000000+INDEX(编号表!$B:$B,MATCH(G49,编号表!$A:$A,0))*100000+INDEX(编号表!$F:$F,MATCH(H49,编号表!$E:$E,0))*1000+INDEX(编号表!$D:$D,MATCH(F49,编号表!$C:$C,0))*10000+E49 -> 31522005 | D49: 足年火梅藤·灵株 | E49: 5 | F49: 筑基 | G49: 使 | H49: 灵品 | J49: 酸 | L49: 0 | M49: 4 | O49: 2224 | P49: 1770 | Q49: 0 | R49: 468
B50: 46 | C50: =30000000+INDEX(编号表!$B:$B,MATCH(G50,编号表!$A:$A,0))*100000+INDEX(编号表!$F:$F,MATCH(H50,编号表!$E:$E,0))*1000+INDEX(编号表!$D:$D,MATCH(F50,编号表!$C:$C,0))*10000+E50 -> 31522006 | D50: 足年黄连芽·灵株 | E50: 6 | F50: 筑基 | G50: 使 | H50: 灵品 | J50: 苦 | L50: 0 | M50: -1 | O50: 2224 | P50: 605 | Q50: 0 | R50: 756
B51: 47 | C51: =30000000+INDEX(编号表!$B:$B,MATCH(G51,编号表!$A:$A,0))*100000+INDEX(编号表!$F:$F,MATCH(H51,编号表!$E:$E,0))*1000+INDEX(编号表!$D:$D,MATCH(F51,编号表!$C:$C,0))*10000+E51 -> 31522007 | D51: 足年苦参根·灵株 | E51: 7 | F51: 筑基 | G51: 使 | H51: 灵品 | J51: 苦 | L51: 0 | M51: 2 | O51: 2151 | P51: 1712 | Q51: 0 | R51: 108
B52: 48 | C52: =30000000+INDEX(编号表!$B:$B,MATCH(G52,编号表!$A:$A,0))*100000+INDEX(编号表!$F:$F,MATCH(H52,编号表!$E:$E,0))*1000+INDEX(编号表!$D:$D,MATCH(F52,编号表!$C:$C,0))*10000+E52 -> 31522008 | D52: 足年海潮苔·灵株 | E52: 8 | F52: 筑基 | G52: 使 | H52: 灵品 | J52: 咸 | L52: 0 | M52: -2 | O52: 2151 | P52: 1148 | Q52: 0 | R52: 252
B53: 49 | C53: =30000000+INDEX(编号表!$B:$B,MATCH(G53,编号表!$A:$A,0))*100000+INDEX(编号表!$F:$F,MATCH(H53,编号表!$E:$E,0))*1000+INDEX(编号表!$D:$D,MATCH(F53,编号表!$C:$C,0))*10000+E53 -> 31522009 | D53: 足年海砂苔·灵株 | E53: 9 | F53: 筑基 | G53: 使 | H53: 灵品 | J53: 咸 | L53: 0 | M53: 1 | O53: 2039 | P53: 714 | Q53: 0 | R53: 351
B54: 50 | C54: =30000000+INDEX(编号表!$B:$B,MATCH(G54,编号表!$A:$A,0))*100000+INDEX(编号表!$F:$F,MATCH(H54,编号表!$E:$E,0))*1000+INDEX(编号表!$D:$D,MATCH(F54,编号表!$C:$C,0))*10000+E54 -> 31422000 | D54: 足年净元草·灵株 | E54: 0 | F54: 筑基 | G54: 佐 | H54: 灵品 | L54: 0 | M54: 0 | O54: 2039 | P54: 555 | Q54: 0 | R54: 414
B55: 51 | C55: =30000000+INDEX(编号表!$B:$B,MATCH(G55,编号表!$A:$A,0))*100000+INDEX(编号表!$F:$F,MATCH(H55,编号表!$E:$E,0))*1000+INDEX(编号表!$D:$D,MATCH(F55,编号表!$C:$C,0))*10000+E55 -> 31422001 | D55: 足年太和草·灵株 | E55: 1 | F55: 筑基 | G55: 佐 | H55: 灵品 | L55: 0 | M55: 0 | O55: 2298 | P55: 1829 | Q55: 0 | R55: 144
B56: 52 | C56: =30000000+INDEX(编号表!$B:$B,MATCH(G56,编号表!$A:$A,0))*100000+INDEX(编号表!$F:$F,MATCH(H56,编号表!$E:$E,0))*1000+INDEX(编号表!$D:$D,MATCH(F56,编号表!$C:$C,0))*10000+E56 -> 31422002 | D56: 足年温脉花·灵株 | E56: 2 | F56: 筑基 | G56: 佐 | H56: 灵品 | L56: 0 | M56: 1 | O56: 2224 | P56: 605 | Q56: 0 | R56: 756
B57: 53 | C57: =30000000+INDEX(编号表!$B:$B,MATCH(G57,编号表!$A:$A,0))*100000+INDEX(编号表!$F:$F,MATCH(H57,编号表!$E:$E,0))*1000+INDEX(编号表!$D:$D,MATCH(F57,编号表!$C:$C,0))*10000+E57 -> 31422003 | D57: 足年烈阳藤·灵株 | E57: 3 | F57: 筑基 | G57: 佐 | H57: 灵品 | L57: 0 | M57: 4 | O57: 2224 | P57: 1770 | Q57: 0 | R57: 468
B58: 54 | C58: =30000000+INDEX(编号表!$B:$B,MATCH(G58,编号表!$A:$A,0))*100000+INDEX(编号表!$F:$F,MATCH(H58,编号表!$E:$E,0))*1000+INDEX(编号表!$D:$D,MATCH(F58,编号表!$C:$C,0))*10000+E58 -> 31622000 | D58: 足年七叶丹莲·灵株 | E58: 0 | F58: 筑基 | G58: 丹头 | H58: 灵品 | L58: 7 | M58: 0 | O58: 0 | P58: 0 | Q58: 0 | R58: 216
B59: 55 | C59: =30000000+INDEX(编号表!$B:$B,MATCH(G59,编号表!$A:$A,0))*100000+INDEX(编号表!$F:$F,MATCH(H59,编号表!$E:$E,0))*1000+INDEX(编号表!$D:$D,MATCH(F59,编号表!$C:$C,0))*10000+E59 -> 31622001 | D59: 足年八脉丹藤·灵株 | E59: 1 | F59: 筑基 | G59: 丹头 | H59: 灵品 | L59: 8 | M59: 0 | O59: 0 | P59: 0 | Q59: 0 | R59: 396
B60: 56 | C60: =30000000+INDEX(编号表!$B:$B,MATCH(G60,编号表!$A:$A,0))*100000+INDEX(编号表!$F:$F,MATCH(H60,编号表!$E:$E,0))*1000+INDEX(编号表!$D:$D,MATCH(F60,编号表!$C:$C,0))*10000+E60 -> 31622002 | D60: 足年九环丹芝·灵株 | E60: 2 | F60: 筑基 | G60: 丹头 | H60: 灵品 | L60: 9 | M60: 0 | O60: 0 | P60: 0 | Q60: 0 | R60: 612
B61: 57 | C61: =30000000+INDEX(编号表!$B:$B,MATCH(G61,编号表!$A:$A,0))*100000+INDEX(编号表!$F:$F,MATCH(H61,编号表!$E:$E,0))*1000+INDEX(编号表!$D:$D,MATCH(F61,编号表!$C:$C,0))*10000+E61 -> 31223000 | D61: 足年定元参·玄株 | E61: 0 | F61: 筑基 | G61: 君 | H61: 玄品 | L61: 0 | M61: 0 | O61: 6480 | P61: 3351 | Q61: 32400 | R61: 583
B62: 58 | C62: =30000000+INDEX(编号表!$B:$B,MATCH(G62,编号表!$A:$A,0))*100000+INDEX(编号表!$F:$F,MATCH(H62,编号表!$E:$E,0))*1000+INDEX(编号表!$D:$D,MATCH(F62,编号表!$C:$C,0))*10000+E62 -> 31323000 | D62: 足年铁骨藤·玄株 | E62: 0 | F62: 筑基 | G62: 臣 | H62: 玄品 | I62: 金 | L62: 0 | M62: -2 | O62: 3871 | P62: 2002 | Q62: 0 | R62: 453
B63: 59 | C63: =30000000+INDEX(编号表!$B:$B,MATCH(G63,编号表!$A:$A,0))*100000+INDEX(编号表!$F:$F,MATCH(H63,编号表!$E:$E,0))*1000+INDEX(编号表!$D:$D,MATCH(F63,编号表!$C:$C,0))*10000+E63 -> 31323001 | D63: 足年金英花·玄株 | E63: 1 | F63: 筑基 | G63: 臣 | H63: 玄品 | I63: 金 | L63: 0 | M63: 3 | O63: 4137 | P63: 2645 | Q63: 0 | R63: 583
B64: 60 | C64: =30000000+INDEX(编号表!$B:$B,MATCH(G64,编号表!$A:$A,0))*100000+INDEX(编号表!$F:$F,MATCH(H64,编号表!$E:$E,0))*1000+INDEX(编号表!$D:$D,MATCH(F64,编号表!$C:$C,0))*10000+E64 -> 31323002 | D64: 足年青玉藤·玄株 | E64: 2 | F64: 筑基 | G64: 臣 | H64: 玄品 | I64: 木 | L64: 0 | M64: -1 | O64: 3670 | P64: 1243 | Q64: 0 | R64: 631
B65: 61 | C65: =30000000+INDEX(编号表!$B:$B,MATCH(G65,编号表!$A:$A,0))*100000+INDEX(编号表!$F:$F,MATCH(H65,编号表!$E:$E,0))*1000+INDEX(编号表!$D:$D,MATCH(F65,编号表!$C:$C,0))*10000+E65 -> 31323003 | D65: 足年翠叶藤·玄株 | E65: 3 | F65: 筑基 | G65: 臣 | H65: 玄品 | I65: 木 | L65: 0 | M65: 2 | O65: 3871 | P65: 2985 | Q65: 0 | R65: 194
B66: 62 | C66: =30000000+INDEX(编号表!$B:$B,MATCH(G66,编号表!$A:$A,0))*100000+INDEX(编号表!$F:$F,MATCH(H66,编号表!$E:$E,0))*1000+INDEX(编号表!$D:$D,MATCH(F66,编号表!$C:$C,0))*10000+E66 -> 31323004 | D66: 足年寒潭藻·玄株 | E66: 4 | F66: 筑基 | G66: 臣 | H66: 玄品 | I66: 水 | L66: 0 | M66: -1 | O66: 3871 | P66: 2475 | Q66: 0 | R66: 469
B67: 63 | C67: =30000000+INDEX(编号表!$B:$B,MATCH(G67,编号表!$A:$A,0))*100000+INDEX(编号表!$F:$F,MATCH(H67,编号表!$E:$E,0))*1000+INDEX(编号表!$D:$D,MATCH(F67,编号表!$C:$C,0))*10000+E67 -> 31323005 | D67: 足年沸泉苔·玄株 | E67: 5 | F67: 筑基 | G67: 臣 | H67: 玄品 | I67: 水 | L67: 0 | M67: 4 | O67: 4004 | P67: 3088 | Q67: 0 | R67: 842
B68: 64 | C68: =30000000+INDEX(编号表!$B:$B,MATCH(G68,编号表!$A:$A,0))*100000+INDEX(编号表!$F:$F,MATCH(H68,编号表!$E:$E,0))*1000+INDEX(编号表!$D:$D,MATCH(F68,编号表!$C:$C,0))*10000+E68 -> 31323006 | D68: 足年丹露花·玄株 | E68: 6 | F68: 筑基 | G68: 臣 | H68: 玄品 | I68: 火 | L68: 0 | M68: -1 | O68: 4004 | P68: 1055 | Q68: 0 | R68: 1360
B69: 65 | C69: =30000000+INDEX(编号表!$B:$B,MATCH(G69,编号表!$A:$A,0))*100000+INDEX(编号表!$F:$F,MATCH(H69,编号表!$E:$E,0))*1000+INDEX(编号表!$D:$D,MATCH(F69,编号表!$C:$C,0))*10000+E69 -> 31323007 | D69: 足年丹炎苔·玄株 | E69: 7 | F69: 筑基 | G69: 臣 | H69: 玄品 | I69: 火 | L69: 0 | M69: 2 | O69: 3871 | P69: 2985 | Q69: 0 | R69: 194
B70: 66 | C70: =30000000+INDEX(编号表!$B:$B,MATCH(G70,编号表!$A:$A,0))*100000+INDEX(编号表!$F:$F,MATCH(H70,编号表!$E:$E,0))*1000+INDEX(编号表!$D:$D,MATCH(F70,编号表!$C:$C,0))*10000+E70 -> 31323008 | D70: 足年白岩参·玄株 | E70: 8 | F70: 筑基 | G70: 臣 | H70: 玄品 | I70: 土 | L70: 0 | M70: -2 | O70: 3871 | P70: 2002 | Q70: 0 | R70: 453
B71: 67 | C71: =30000000+INDEX(编号表!$B:$B,MATCH(G71,编号表!$A:$A,0))*100000+INDEX(编号表!$F:$F,MATCH(H71,编号表!$E:$E,0))*1000+INDEX(编号表!$D:$D,MATCH(F71,编号表!$C:$C,0))*10000+E71 -> 31323009 | D71: 足年厚元苔·玄株 | E71: 9 | F71: 筑基 | G71: 臣 | H71: 玄品 | I71: 土 | L71: 0 | M71: 1 | O71: 3670 | P71: 1243 | Q71: 0 | R71: 631
B72: 68 | C72: =30000000+INDEX(编号表!$B:$B,MATCH(G72,编号表!$A:$A,0))*100000+INDEX(编号表!$F:$F,MATCH(H72,编号表!$E:$E,0))*1000+INDEX(编号表!$D:$D,MATCH(F72,编号表!$C:$C,0))*10000+E72 -> 31523000 | D72: 足年霜辛草·玄株 | E72: 0 | F72: 筑基 | G72: 使 | H72: 玄品 | J72: 辛 | L72: 0 | M72: -2 | O72: 3871 | P72: 2002 | Q72: 0 | R72: 453
B73: 69 | C73: =30000000+INDEX(编号表!$B:$B,MATCH(G73,编号表!$A:$A,0))*100000+INDEX(编号表!$F:$F,MATCH(H73,编号表!$E:$E,0))*1000+INDEX(编号表!$D:$D,MATCH(F73,编号表!$C:$C,0))*10000+E73 -> 31523001 | D73: 足年烈香花·玄株 | E73: 1 | F73: 筑基 | G73: 使 | H73: 玄品 | J73: 辛 | L73: 0 | M73: 3 | O73: 4137 | P73: 2645 | Q73: 0 | R73: 583
B74: 70 | C74: =30000000+INDEX(编号表!$B:$B,MATCH(G74,编号表!$A:$A,0))*100000+INDEX(编号表!$F:$F,MATCH(H74,编号表!$E:$E,0))*1000+INDEX(编号表!$D:$D,MATCH(F74,编号表!$C:$C,0))*10000+E74 -> 31523002 | D74: 足年甘露草·玄株 | E74: 2 | F74: 筑基 | G74: 使 | H74: 玄品 | J74: 甘 | L74: 0 | M74: -1 | O74: 3670 | P74: 1243 | Q74: 0 | R74: 631
B75: 71 | C75: =30000000+INDEX(编号表!$B:$B,MATCH(G75,编号表!$A:$A,0))*100000+INDEX(编号表!$F:$F,MATCH(H75,编号表!$E:$E,0))*1000+INDEX(编号表!$D:$D,MATCH(F75,编号表!$C:$C,0))*10000+E75 -> 31523003 | D75: 足年蜜香果·玄株 | E75: 3 | F75: 筑基 | G75: 使 | H75: 玄品 | J75: 甘 | L75: 0 | M75: 2 | O75: 3871 | P75: 2985 | Q75: 0 | R75: 194
B76: 72 | C76: =30000000+INDEX(编号表!$B:$B,MATCH(G76,编号表!$A:$A,0))*100000+INDEX(编号表!$F:$F,MATCH(H76,编号表!$E:$E,0))*1000+INDEX(编号表!$D:$D,MATCH(F76,编号表!$C:$C,0))*10000+E76 -> 31523004 | D76: 足年青梅草·玄株 | E76: 4 | F76: 筑基 | G76: 使 | H76: 玄品 | J76: 酸 | L76: 0 | M76: -1 | O76: 3871 | P76: 2475 | Q76: 0 | R76: 469
B77: 73 | C77: =30000000+INDEX(编号表!$B:$B,MATCH(G77,编号表!$A:$A,0))*100000+INDEX(编号表!$F:$F,MATCH(H77,编号表!$E:$E,0))*1000+INDEX(编号表!$D:$D,MATCH(F77,编号表!$C:$C,0))*10000+E77 -> 31523005 | D77: 足年火梅藤·玄株 | E77: 5 | F77: 筑基 | G77: 使 | H77: 玄品 | J77: 酸 | L77: 0 | M77: 4 | O77: 4004 | P77: 3088 | Q77: 0 | R77: 842
B78: 74 | C78: =30000000+INDEX(编号表!$B:$B,MATCH(G78,编号表!$A:$A,0))*100000+INDEX(编号表!$F:$F,MATCH(H78,编号表!$E:$E,0))*1000+INDEX(编号表!$D:$D,MATCH(F78,编号表!$C:$C,0))*10000+E78 -> 31523006 | D78: 足年黄连芽·玄株 | E78: 6 | F78: 筑基 | G78: 使 | H78: 玄品 | J78: 苦 | L78: 0 | M78: -1 | O78: 4004 | P78: 1055 | Q78: 0 | R78: 1360
B79: 75 | C79: =30000000+INDEX(编号表!$B:$B,MATCH(G79,编号表!$A:$A,0))*100000+INDEX(编号表!$F:$F,MATCH(H79,编号表!$E:$E,0))*1000+INDEX(编号表!$D:$D,MATCH(F79,编号表!$C:$C,0))*10000+E79 -> 31523007 | D79: 足年苦参根·玄株 | E79: 7 | F79: 筑基 | G79: 使 | H79: 玄品 | J79: 苦 | L79: 0 | M79: 2 | O79: 3871 | P79: 2985 | Q79: 0 | R79: 194
B80: 76 | C80: =30000000+INDEX(编号表!$B:$B,MATCH(G80,编号表!$A:$A,0))*100000+INDEX(编号表!$F:$F,MATCH(H80,编号表!$E:$E,0))*1000+INDEX(编号表!$D:$D,MATCH(F80,编号表!$C:$C,0))*10000+E80 -> 31523008 | D80: 足年海潮苔·玄株 | E80: 8 | F80: 筑基 | G80: 使 | H80: 玄品 | J80: 咸 | L80: 0 | M80: -2 | O80: 3871 | P80: 2002 | Q80: 0 | R80: 453
B81: 77 | C81: =30000000+INDEX(编号表!$B:$B,MATCH(G81,编号表!$A:$A,0))*100000+INDEX(编号表!$F:$F,MATCH(H81,编号表!$E:$E,0))*1000+INDEX(编号表!$D:$D,MATCH(F81,编号表!$C:$C,0))*10000+E81 -> 31523009 | D81: 足年海砂苔·玄株 | E81: 9 | F81: 筑基 | G81: 使 | H81: 玄品 | J81: 咸 | L81: 0 | M81: 1 | O81: 3670 | P81: 1243 | Q81: 0 | R81: 631
B82: 78 | C82: =30000000+INDEX(编号表!$B:$B,MATCH(G82,编号表!$A:$A,0))*100000+INDEX(编号表!$F:$F,MATCH(H82,编号表!$E:$E,0))*1000+INDEX(编号表!$D:$D,MATCH(F82,编号表!$C:$C,0))*10000+E82 -> 31423000 | D82: 足年净元草·玄株 | E82: 0 | F82: 筑基 | G82: 佐 | H82: 玄品 | L82: 0 | M82: 0 | O82: 3670 | P82: 967 | Q82: 0 | R82: 745
B83: 79 | C83: =30000000+INDEX(编号表!$B:$B,MATCH(G83,编号表!$A:$A,0))*100000+INDEX(编号表!$F:$F,MATCH(H83,编号表!$E:$E,0))*1000+INDEX(编号表!$D:$D,MATCH(F83,编号表!$C:$C,0))*10000+E83 -> 31423001 | D83: 足年太和草·玄株 | E83: 1 | F83: 筑基 | G83: 佐 | H83: 玄品 | L83: 0 | M83: 0 | O83: 4137 | P83: 3190 | Q83: 0 | R83: 259
B84: 80 | C84: =30000000+INDEX(编号表!$B:$B,MATCH(G84,编号表!$A:$A,0))*100000+INDEX(编号表!$F:$F,MATCH(H84,编号表!$E:$E,0))*1000+INDEX(编号表!$D:$D,MATCH(F84,编号表!$C:$C,0))*10000+E84 -> 31423002 | D84: 足年温脉花·玄株 | E84: 2 | F84: 筑基 | G84: 佐 | H84: 玄品 | L84: 0 | M84: 1 | O84: 4004 | P84: 1055 | Q84: 0 | R84: 1360
B85: 81 | C85: =30000000+INDEX(编号表!$B:$B,MATCH(G85,编号表!$A:$A,0))*100000+INDEX(编号表!$F:$F,MATCH(H85,编号表!$E:$E,0))*1000+INDEX(编号表!$D:$D,MATCH(F85,编号表!$C:$C,0))*10000+E85 -> 31423003 | D85: 足年烈阳藤·玄株 | E85: 3 | F85: 筑基 | G85: 佐 | H85: 玄品 | L85: 0 | M85: 4 | O85: 4004 | P85: 3088 | Q85: 0 | R85: 842
B86: 82 | C86: =30000000+INDEX(编号表!$B:$B,MATCH(G86,编号表!$A:$A,0))*100000+INDEX(编号表!$F:$F,MATCH(H86,编号表!$E:$E,0))*1000+INDEX(编号表!$D:$D,MATCH(F86,编号表!$C:$C,0))*10000+E86 -> 31623000 | D86: 足年七叶丹莲·玄株 | E86: 0 | F86: 筑基 | G86: 丹头 | H86: 玄品 | L86: 7 | M86: 0 | O86: 0 | P86: 0 | Q86: 0 | R86: 388
B87: 83 | C87: =30000000+INDEX(编号表!$B:$B,MATCH(G87,编号表!$A:$A,0))*100000+INDEX(编号表!$F:$F,MATCH(H87,编号表!$E:$E,0))*1000+INDEX(编号表!$D:$D,MATCH(F87,编号表!$C:$C,0))*10000+E87 -> 31623001 | D87: 足年八脉丹藤·玄株 | E87: 1 | F87: 筑基 | G87: 丹头 | H87: 玄品 | L87: 8 | M87: 0 | O87: 0 | P87: 0 | Q87: 0 | R87: 712
B88: 84 | C88: =30000000+INDEX(编号表!$B:$B,MATCH(G88,编号表!$A:$A,0))*100000+INDEX(编号表!$F:$F,MATCH(H88,编号表!$E:$E,0))*1000+INDEX(编号表!$D:$D,MATCH(F88,编号表!$C:$C,0))*10000+E88 -> 31623002 | D88: 足年九环丹芝·玄株 | E88: 2 | F88: 筑基 | G88: 丹头 | H88: 玄品 | L88: 9 | M88: 0 | O88: 0 | P88: 0 | Q88: 0 | R88: 1101
B89: 85 | C89: =30000000+INDEX(编号表!$B:$B,MATCH(G89,编号表!$A:$A,0))*100000+INDEX(编号表!$F:$F,MATCH(H89,编号表!$E:$E,0))*1000+INDEX(编号表!$D:$D,MATCH(F89,编号表!$C:$C,0))*10000+E89 -> 31224000 | D89: 足年定元参·仙株 | E89: 0 | F89: 筑基 | G89: 君 | H89: 仙品 | L89: 0 | M89: 0 | O89: 11664 | P89: 5774 | Q89: 58320 | R89: 1049
B90: 86 | C90: =30000000+INDEX(编号表!$B:$B,MATCH(G90,编号表!$A:$A,0))*100000+INDEX(编号表!$F:$F,MATCH(H90,编号表!$E:$E,0))*1000+INDEX(编号表!$D:$D,MATCH(F90,编号表!$C:$C,0))*10000+E90 -> 31324000 | D90: 足年铁骨藤·仙株 | E90: 0 | F90: 筑基 | G90: 臣 | H90: 仙品 | I90: 金 | L90: 0 | M90: -2 | O90: 6969 | P90: 3451 | Q90: 0 | R90: 816
B91: 87 | C91: =30000000+INDEX(编号表!$B:$B,MATCH(G91,编号表!$A:$A,0))*100000+INDEX(编号表!$F:$F,MATCH(H91,编号表!$E:$E,0))*1000+INDEX(编号表!$D:$D,MATCH(F91,编号表!$C:$C,0))*10000+E91 -> 31324001 | D91: 足年金英花·仙株 | E91: 1 | F91: 筑基 | G91: 臣 | H91: 仙品 | I91: 金 | L91: 0 | M91: 3 | O91: 7447 | P91: 4559 | Q91: 0 | R91: 1049
B92: 88 | C92: =30000000+INDEX(编号表!$B:$B,MATCH(G92,编号表!$A:$A,0))*100000+INDEX(编号表!$F:$F,MATCH(H92,编号表!$E:$E,0))*1000+INDEX(编号表!$D:$D,MATCH(F92,编号表!$C:$C,0))*10000+E92 -> 31324002 | D92: 足年青玉藤·仙株 | E92: 2 | F92: 筑基 | G92: 臣 | H92: 仙品 | I92: 木 | L92: 0 | M92: -1 | O92: 6607 | P92: 2142 | Q92: 0 | R92: 1137
B93: 89 | C93: =30000000+INDEX(编号表!$B:$B,MATCH(G93,编号表!$A:$A,0))*100000+INDEX(编号表!$F:$F,MATCH(H93,编号表!$E:$E,0))*1000+INDEX(编号表!$D:$D,MATCH(F93,编号表!$C:$C,0))*10000+E93 -> 31324003 | D93: 足年翠叶藤·仙株 | E93: 3 | F93: 筑基 | G93: 臣 | H93: 仙品 | I93: 木 | L93: 0 | M93: 2 | O93: 6969 | P93: 5144 | Q93: 0 | R93: 349
B94: 90 | C94: =30000000+INDEX(编号表!$B:$B,MATCH(G94,编号表!$A:$A,0))*100000+INDEX(编号表!$F:$F,MATCH(H94,编号表!$E:$E,0))*1000+INDEX(编号表!$D:$D,MATCH(F94,编号表!$C:$C,0))*10000+E94 -> 31324004 | D94: 足年寒潭藻·仙株 | E94: 4 | F94: 筑基 | G94: 臣 | H94: 仙品 | I94: 水 | L94: 0 | M94: -1 | O94: 6969 | P94: 4266 | Q94: 0 | R94: 845
B95: 91 | C95: =30000000+INDEX(编号表!$B:$B,MATCH(G95,编号表!$A:$A,0))*100000+INDEX(编号表!$F:$F,MATCH(H95,编号表!$E:$E,0))*1000+INDEX(编号表!$D:$D,MATCH(F95,编号表!$C:$C,0))*10000+E95 -> 31324005 | D95: 足年沸泉苔·仙株 | E95: 5 | F95: 筑基 | G95: 臣 | H95: 仙品 | I95: 水 | L95: 0 | M95: 4 | O95: 7208 | P95: 5321 | Q95: 0 | R95: 1516
B96: 92 | C96: =30000000+INDEX(编号表!$B:$B,MATCH(G96,编号表!$A:$A,0))*100000+INDEX(编号表!$F:$F,MATCH(H96,编号表!$E:$E,0))*1000+INDEX(编号表!$D:$D,MATCH(F96,编号表!$C:$C,0))*10000+E96 -> 31324006 | D96: 足年丹露花·仙株 | E96: 6 | F96: 筑基 | G96: 臣 | H96: 仙品 | I96: 火 | L96: 0 | M96: -1 | O96: 7208 | P96: 1818 | Q96: 0 | R96: 2449
B97: 93 | C97: =30000000+INDEX(编号表!$B:$B,MATCH(G97,编号表!$A:$A,0))*100000+INDEX(编号表!$F:$F,MATCH(H97,编号表!$E:$E,0))*1000+INDEX(编号表!$D:$D,MATCH(F97,编号表!$C:$C,0))*10000+E97 -> 31324007 | D97: 足年丹炎苔·仙株 | E97: 7 | F97: 筑基 | G97: 臣 | H97: 仙品 | I97: 火 | L97: 0 | M97: 2 | O97: 6969 | P97: 5144 | Q97: 0 | R97: 349
B98: 94 | C98: =30000000+INDEX(编号表!$B:$B,MATCH(G98,编号表!$A:$A,0))*100000+INDEX(编号表!$F:$F,MATCH(H98,编号表!$E:$E,0))*1000+INDEX(编号表!$D:$D,MATCH(F98,编号表!$C:$C,0))*10000+E98 -> 31324008 | D98: 足年白岩参·仙株 | E98: 8 | F98: 筑基 | G98: 臣 | H98: 仙品 | I98: 土 | L98: 0 | M98: -2 | O98: 6969 | P98: 3451 | Q98: 0 | R98: 816
B99: 95 | C99: =30000000+INDEX(编号表!$B:$B,MATCH(G99,编号表!$A:$A,0))*100000+INDEX(编号表!$F:$F,MATCH(H99,编号表!$E:$E,0))*1000+INDEX(编号表!$D:$D,MATCH(F99,编号表!$C:$C,0))*10000+E99 -> 31324009 | D99: 足年厚元苔·仙株 | E99: 9 | F99: 筑基 | G99: 臣 | H99: 仙品 | I99: 土 | L99: 0 | M99: 1 | O99: 6607 | P99: 2142 | Q99: 0 | R99: 1137
B100: 96 | C100: =30000000+INDEX(编号表!$B:$B,MATCH(G100,编号表!$A:$A,0))*100000+INDEX(编号表!$F:$F,MATCH(H100,编号表!$E:$E,0))*1000+INDEX(编号表!$D:$D,MATCH(F100,编号表!$C:$C,0))*10000+E100 -> 31524000 | D100: 足年霜辛草·仙株 | E100: 0 | F100: 筑基 | G100: 使 | H100: 仙品 | J100: 辛 | L100: 0 | M100: -2 | O100: 6969 | P100: 3451 | Q100: 0 | R100: 816
...

Sheet 计算用
A1: L灵植表 · 炼丹数值生成依据
A2: 项目 | B2: 候选值/公式 | C2: 说明
A3: U基准 | B3: 筑基凡品10000 | C3: 逐境×3，逐品×1.8后向下取整
A4: 君材 | B4: 药力=floor(20%U)；杂质见第14行 | C4: 每境每品一行
A5: 低药力 | B5: 1133bp | C5: 低药力低杂质型
A6: 基准药力 | B6: 1195bp | C6: 基准、易配药性、低药力高杂质型
A7: 高药力 | B7: 1236～1277bp | C7: 极性药性、高药力低杂质、高药力高杂质型
A8: 精品净 | B8: 2200～2999bp；当前点2800bp | C8: 与洁净档不重叠
A9: 洁净 | B9: 3000～4200bp；当前点3600bp | C9: 基础密度；另乘品质纯化系数
A10: 普通 | B10: 4800～6000bp；当前点5500bp | C10: 基础密度；另乘品质纯化系数
A11: 偏脏 | B11: 6200～7400bp；当前点6800bp | C11: 基础密度；另乘品质纯化系数
A12: 高杂 | B12: 7600～9000bp；当前点8200bp | C12: 基础密度；另乘品质纯化系数
A13: 材料药力 | B13: floor(U×药力bp/10000) | C13: 整数
... A20: 顶尖炼制条件 | B20: 最低纯度≥7800采用满技能五档炉口径 | C20: 高品质丹同时提高纯度要求

Sheet 说明
A1: L灵植表 · 第十四步正式价格
A2: 价格 | B2: price由候选价格指数转为正式货币值，数值保持不变。 | C2: 已纳入五类路线期望成本与收益核算。
A3: 数值类型 | B3: price使用long。 | C3: 成本结算使用64位整数。
A4: 状态 | B4: 1176条炼丹相关配置正式。 | C4: 后续仅按联合压测结果回调。
A5: 第六步 | B5: 君材42、丹头126，共168行。 | C5: 丹头容量为7/8/9。
A6: 字段 | B6: ID已使用int；君臣佐使与丹头共用同一表。 | C6: 药势、ID编号用不进入运行时。
A7: 数值配置 | B7: 药力、杂质已按联算结果配置。 | C7: 自由配药可达7份；8/9份丹头提供余量。
A8: 名称 | B8: 沿用原灵植命名素材并按新结构重排。 | C8: 正式显示名仍以物品表为准。
A9: 旧页签 | B9: “灵植数值表”旧机制数据已清除。 | C9: 避免与运行页签形成第二套数值。
A10: 日期 | B10: 2026-09-12 | C10: 炼丹数值配置

Sheet 编号表
A1: 内部名 | B1: 编号 | C1: 境界 | D1: 编号 | E1: 品质 | F1: 编号 | G1: 颜色 | I1: 灵植 | L1: 材位 | M1: 编号 | N1: 主轴 | O1: 编号 | P1: 药性 | Q1: 编号 | R1: 叫法
B2: 1 | C2: 通用 | D2: 0 | E2: 凡品 | F2: 1 | G2: 白色 | L2: 君 | M2: 0 | N2: 甘 | O2: 0 | P2: 4 | Q2: 0 | R2: 极热
B3: 2 | C3: 炼气 | D3: 1 | E3: 灵品 | F3: 2 | G3: 绿色 | L3: 臣 | M3: 1 | N3: 辛 | O3: 1 | P3: 3 | Q3: 1 | R3: 大热
B4: 3 | C4: 筑基 | D4: 2 | E4: 玄品 | F4: 3 | G4: 蓝色 | L4: 佐 | M4: 2 | N4: 咸 | O4: 2 | P4: 2 | Q4: 2 | R4: 热
B5: 4 | C5: 金丹 | D5: 3 | E5: 仙品 | F5: 4 | G5: 紫色 | L5: 使 | M5: 3 | N5: 苦 | O5: 3 | P5: 1 | Q5: 3 | R5: 温
B6: 5 | C6: 元婴 | D6: 4 | E6: 神品 | F6: 5 | G6: 橙色 | L6: 丹头 | M6: 4 | N6: 酸 | O6: 4 | P6: 0 | Q6: 4 | R6: 平
B7: 6 | C7: 化神 | D7: 5 | E7: 道品 | F7: 6 | G7: 红色 | N7: 金 | O7: 0 | P7: -1 | Q7: 5 | R7: 凉
B8: 7 | C8: 炼虚 | D8: 6 | F8: 7 | N8: 木 | O8: 1 | P8: -2 | Q8: 6 | R8: 寒
B9: 8 | C9: 合体 | D9: 7 | F9: 8 | N9: 水 | O9: 2 | P9: -3 | Q9: 7 | R9: 大寒
B10: 9 | C10: 大乘 | D10: 8 | F10: 9 | N10: 火 | O10: 3 | P10: -4 | Q10: 8 | R10: 极寒
B11: 10 | D11: 9 | N11: 土 | O11: 4
B12: 11 | N12: 升 | O12: 0
A13: 君 | B13: 12 | N13: 降 | O13: 1
A14: 臣 | B14: 13 | N14: 浮 | O14: 2
A15: 佐 | B15: 14 | N15: 沉 | O15: 3
A16: 使 | B16: 15 | N16: 守 | O16: 4
A17: 丹头 | B17: 16
B18: 17
B19: 18
B20: 19
E22: 道具ID必须下拉，使用公式自动生成ID！！！
E23: 新物品ID编号计算规则=30000000+@INDEX(编号表!$B:$B,MATCH(C3,编号表!$A:$A,0))*10000+E3
E24: 改动原因：因为现在的道具配置之后，品质有改动的可能，因此暂时把品质对ID的影响取消掉。

Sheet 灵植数值表
A1: 已停用：灵植数值表
A3: 状态 | B3: 旧机制数据已清除 | C3: 不进入运行时
A4: 唯一现行数据 | B4: 灵植表 | C4: 君臣佐使与丹头统一保存
A5: 恢复方式 | B5: 本轮修改前完整工作簿已备份 | C5: 不得从本页复制旧数值回正式表
