Workbook

Sheet item_config
A1: ##var | B1: id | C1: name | D1: quality | H1: dur_t | I1: main_class | J1: sub_class | K1: drop_level | L1: display_type | M1: attrLimit | N1: keep_dur_t | O1: is_drop | P1: is_quick_slot | Q1: is_auto_use | R1: required_level | S1: cultivation_tag | T1: pile_max | U1: function_type | V1: function_id | W1: function_value | X1: desc | Y1: desc1 | Z1: spec_desc | AA1: icon_id | AB1: mdx_id | AC1: light_eff_id | AD1: border1 | AE1: border2 | AF1: decompose_drop_id | AG1: sell_price | AH1: tags | AL1: use_panel_id
A2: ##type | B2: int | C2: string | D2: ItemQuality | H2: int | I2: string | J2: string | K2: int | L2: ItemDisplayType | M2: int | N2: int | O2: bool | P2: bool | Q2: bool | R2: int | S2: string | T2: int | U2: ItemFunctionType | V2: int | W2: int | X2: string | Y2: string | Z2: string | AA2: int | AB2: string | AC2: int | AD2: int | AE2: int | AF2: int | AG2: long | AH2: array,string | AL2: int
A3: ##group | C3: c | Q3: c | X3: c | Y3: c | Z3: c | AA3: c | AB3: c | AC3: c | AD3: c | AE3: c | AF3: c,s | AG3: c,s | AL3: c
A4: ## | B4: 道具ID | C4: 0名称 | D4: 0道具品质 | E4: 境界代码不用 | F4: 0大类 | G4: ID编号 | H4: 存在时间 | I4: 0大类 | J4: 0子类 | K4: 0档次 | L4: 显示分类 | M4: 属性限制 | N4: 有效时间 | O4: 0TRUEFALSE可丢弃 | P4: 是否可进快捷物品栏 | Q4: 是否可以自动使用 | R4: 0使用级别下限 | S4: 修炼标签 | T4: 0堆叠上限 | U4: 0功能类型 | V4: 0功能ID | W4: 0功能数值 | X4: 0说明 | Y4: 说明 | Z4: 0获得说明 | AA4: 0背包图标 | AB4: 0地表模型 | AC4: 掉落光柱模型 | AD4: 静态边框 | AE4: 动态边框 | AF4: 分解掉落方案 | AG4: 售价 | AH4: 标签1 | AI4: 标签2 | AJ4: 标签3 | AK4: 标签4 | AL4: 使用时打开面板编号；0不打开；突破准备面板=1
B5: =10000000+INDEX(编号表!$B:$B,MATCH(F5,编号表!$A:$A,0))*100000+INDEX(编号表!$F:$F,MATCH(D5,编号表!$E:$E,0))*1000+INDEX(编号表!$D:$D,MATCH(E5,编号表!$C:$C,0))*10000+G5 -> 10101000 | C5: 一小袋灵石 | D5: 凡品 | E5: 通用 | F5: 货币 | G5: 0 | H5: 60 | I5: 大类_基础 | J5: 子类_货币 | K5: 1 | L5: 货币 | N5: 0 | O5: FALSE | Q5: FALSE | R5: 1 | S5: 无 | T5: 999 | U5: 功能_加货币 | V5: 1000001 | W5: 50 | X5: ="|cff00FF00"&C5&"，启封后可以获得"&W5&"灵石。" -> |cff00FF00一小袋灵石，启封后可以获得50灵石。 | Y5: |cff00FF00灵石是天地灵气在地脉中经年凝结而成的晶石，也是修士之间通行的货币。玉石般的一枚，内里却藏着可供调用的灵气。修士以之交易，也以之修行；阵禁、炼制与诸般法物，皆可借其中灵气运转。 | Z5: 击杀所有怪物，出售道具装备可获得 | AA5: 10101000 | AB5: 90014 | AC5: 40001 | AE5: 70001 | AH5: 货币 | AI5: 灵石 | AJ5: 通用
B6: =10000000+INDEX(编号表!$B:$B,MATCH(F6,编号表!$A:$A,0))*100000+INDEX(编号表!$F:$F,MATCH(D6,编号表!$E:$E,0))*1000+INDEX(编号表!$D:$D,MATCH(E6,编号表!$C:$C,0))*10000+G6 -> 10101001 | C6: 一小袋仙玉 | D6: 凡品 | E6: 通用 | F6: 货币 | G6: 1 | H6: 60 | I6: 大类_基础 | J6: 子类_货币 | K6: 2 | L6: 货币 | N6: 0 | O6: FALSE | Q6: FALSE | R6: 1 | S6: 无 | T6: 999 | U6: 功能_加货币 | V6: 1000002 | W6: 5 | X6: ="|cff00FF00"&C6&"，启封后可以获得"&W6&"仙玉。" -> |cff00FF00一小袋仙玉，启封后可以获得5仙玉。 | Y6: |cff00FF00仙玉灵华深敛，握之温润，神识探入却似望见深潭，灵气层层蕴于玉中。其力雄厚而绵长，可供宏大阵禁与珍奇法物运转。世间重宝易主时，仙玉亦是修士郑重取出的交易之物。 | Z6: 击杀所有怪物，出售道具装备可获得 | AA6: 10101001 | AB6: 90015 | AC6: 40001 | AE6: 70001 | AH6: 货币 | AI6: 仙玉 | AJ6: 通用
B7: =10000000+INDEX(编号表!$B:$B,MATCH(F7,编号表!$A:$A,0))*100000+INDEX(编号表!$F:$F,MATCH(D7,编号表!$E:$E,0))*1000+INDEX(编号表!$D:$D,MATCH(E7,编号表!$C:$C,0))*10000+G7 -> 10102000 | C7: 一袋灵石 | D7: 灵品 | E7: 通用 | F7: 货币 | G7: 0 | H7: 60 | I7: 大类_基础 | J7: 子类_货币 | K7: 3 | L7: 货币 | N7: 0 | O7: FALSE | Q7: FALSE | R7: 1 | S7: 无 | T7: 999 | U7: 功能_加货币 | V7: 1000001 | W7: 100 | X7: ="|cff00FF00"&C7&"，启封后可以获得"&W7&"灵石。" -> |cff00FF00一袋灵石，启封后可以获得100灵石。 | Y7: |cff00FF00灵石是天地灵气在地脉中经年凝结而成的晶石，也是修士之间通行的货币。玉石般的一枚，内里却藏着可供调用的灵气。修士以之交易，也以之修行；阵禁、炼制与诸般法物，皆可借其中灵气运转。 | Z7: 击杀所有怪物，出售道具装备可获得 | AA7: 10102000 | AB7: 90014 | AC7: 40001 | AE7: 70001 | AH7: 货币 | AI7: 灵石 | AJ7: 通用
B8: =10000000+INDEX(编号表!$B:$B,MATCH(F8,编号表!$A:$A,0))*100000+INDEX(编号表!$F:$F,MATCH(D8,编号表!$E:$E,0))*1000+INDEX(编号表!$D:$D,MATCH(E8,编号表!$C:$C,0))*10000+G8 -> 10102001 | C8: 一袋仙玉 | D8: 灵品 | E8: 通用 | F8: 货币 | G8: 1 | H8: 60 | I8: 大类_基础 | J8: 子类_货币 | K8: 4 | L8: 货币 | N8: 0 | O8: FALSE | Q8: FALSE | R8: 1 | S8: 无 | T8: 999 | U8: 功能_加货币 | V8: 1000002 | W8: 10 | X8: ="|cff00FF00"&C8&"，启封后可以获得"&W8&"仙玉。" -> |cff00FF00一袋仙玉，启封后可以获得10仙玉。 | Y8: |cff00FF00仙玉灵华深敛，握之温润，神识探入却似望见深潭，灵气层层蕴于玉中。其力雄厚而绵长，可供宏大阵禁与珍奇法物运转。世间重宝易主时，仙玉亦是修士郑重取出的交易之物。 | Z8: 击杀所有怪物，出售道具装备可获得 | AA8: 10102001 | AB8: 90015 | AC8: 40001 | AE8: 70001 | AH8: 货币 | AI8: 仙玉 | AJ8: 通用
B9: =10000000+INDEX(编号表!$B:$B,MATCH(F9,编号表!$A:$A,0))*100000+INDEX(编号表!$F:$F,MATCH(D9,编号表!$E:$E,0))*1000+INDEX(编号表!$D:$D,MATCH(E9,编号表!$C:$C,0))*10000+G9 -> 10103000 | C9: 一大袋灵石 | D9: 玄品 | E9: 通用 | F9: 货币 | G9: 0 | H9: 60 | I9: 大类_基础 | J9: 子类_货币 | K9: 5 | L9: 货币 | N9: 0 | O9: FALSE | Q9: FALSE | R9: 1 | S9: 无 | T9: 999 | U9: 功能_加货币 | V9: 1000001 | W9: 500 | X9: ="|cff00FF00"&C9&"，启封后可以获得"&W9&"灵石。" -> |cff00FF00一大袋灵石，启封后可以获得500灵石。 | Y9: |cff00FF00灵石是天地灵气在地脉中经年凝结而成的晶石，也是修士之间通行的货币。玉石般的一枚，内里却藏着可供调用的灵气。修士以之交易，也以之修行；阵禁、炼制与诸般法物，皆可借其中灵气运转。 | Z9: 击杀所有怪物，出售道具装备可获得 | AA9: 10103000 | AB9: 90014 | AC9: 40001 | AE9: 70001 | AH9: 货币 | AI9: 灵石 | AJ9: 通用
B10: =10000000+INDEX(编号表!$B:$B,MATCH(F10,编号表!$A:$A,0))*100000+INDEX(编号表!$F:$F,MATCH(D10,编号表!$E:$E,0))*1000+INDEX(编号表!$D:$D,MATCH(E10,编号表!$C:$C,0))*10000+G10 -> 10103001 | C10: 一大袋仙玉 | D10: 玄品 | E10: 通用 | F10: 货币 | G10: 1 | H10: 60 | I10: 大类_基础 | J10: 子类_货币 | K10: 6 | L10: 货币 | N10: 0 | O10: FALSE | Q10: FALSE | R10: 1 | S10: 无 | T10: 999 | U10: 功能_加货币 | V10: 1000002 | W10: 50 | X10: ="|cff00FF00"&C10&"，启封后可以获得"&W10&"仙玉。" -> |cff00FF00一大袋仙玉，启封后可以获得50仙玉。 | Y10: |cff00FF00仙玉灵华深敛，握之温润，神识探入却似望见深潭，灵气层层蕴于玉中。其力雄厚而绵长，可供宏大阵禁与珍奇法物运转。世间重宝易主时，仙玉亦是修士郑重取出的交易之物。 | Z10: 击杀所有怪物，出售道具装备可获得 | AA10: 10103001 | AB10: 90015 | AC10: 40001 | AE10: 70001 | AH10: 货币 | AI10: 仙玉 | AJ10: 通用
B11: =10000000+INDEX(编号表!$B:$B,MATCH(F11,编号表!$A:$A,0))*100000+INDEX(编号表!$F:$F,MATCH(D11,编号表!$E:$E,0))*1000+INDEX(编号表!$D:$D,MATCH(E11,编号表!$C:$C,0))*10000+G11 -> 10104000 | C11: 一匣灵石 | D11: 仙品 | E11: 通用 | F11: 货币 | G11: 0 | H11: 60 | I11: 大类_基础 | J11: 子类_货币 | K11: 7 | L11: 货币 | N11: 0 | O11: FALSE | Q11: FALSE | R11: 1 | S11: 无 | T11: 999 | U11: 功能_加货币 | V11: 1000001 | W11: 1000 | X11: ="|cff00FF00"&C11&"，启封后可以获得"&W11&"灵石。" -> |cff00FF00一匣灵石，启封后可以获得1000灵石。 | Y11: |cff00FF00灵石是天地灵气在地脉中经年凝结而成的晶石，也是修士之间通行的货币。玉石般的一枚，内里却藏着可供调用的灵气。修士以之交易，也以之修行；阵禁、炼制与诸般法物，皆可借其中灵气运转。 | Z11: 击杀所有怪物，出售道具装备可获得 | AA11: 10104000 | AB11: 90014 | AC11: 40001 | AE11: 70001 | AH11: 货币 | AI11: 灵石 | AJ11: 通用
B12: =10000000+INDEX(编号表!$B:$B,MATCH(F12,编号表!$A:$A,0))*100000+INDEX(编号表!$F:$F,MATCH(D12,编号表!$E:$E,0))*1000+INDEX(编号表!$D:$D,MATCH(E12,编号表!$C:$C,0))*10000+G12 -> 10104001 | C12: 一匣仙玉 | D12: 仙品 | E12: 通用 | F12: 货币 | G12: 1 | H12: 60 | I12: 大类_基础 | J12: 子类_货币 | K12: 8 | L12: 货币 | N12: 0 | O12: FALSE | Q12: FALSE | R12: 1 | S12: 无 | T12: 999 | U12: 功能_加货币 | V12: 1000002 | W12: 100 | X12: ="|cff00FF00"&C12&"，启封后可以获得"&W12&"仙玉。" -> |cff00FF00一匣仙玉，启封后可以获得100仙玉。 | Y12: |cff00FF00仙玉灵华深敛，握之温润，神识探入却似望见深潭，灵气层层蕴于玉中。其力雄厚而绵长，可供宏大阵禁与珍奇法物运转。世间重宝易主时，仙玉亦是修士郑重取出的交易之物。 | Z12: 击杀所有怪物，出售道具装备可获得 | AA12: 10104001 | AB12: 90015 | AC12: 40001 | AE12: 70001 | AH12: 货币 | AI12: 仙玉 | AJ12: 通用
B13: =10000000+INDEX(编号表!$B:$B,MATCH(F13,编号表!$A:$A,0))*100000+INDEX(编号表!$F:$F,MATCH(D13,编号表!$E:$E,0))*1000+INDEX(编号表!$D:$D,MATCH(E13,编号表!$C:$C,0))*10000+G13 -> 10105000 | C13: 一箱灵石 | D13: 神品 | E13: 通用 | F13: 货币 | G13: 0 | H13: 60 | I13: 大类_基础 | J13: 子类_货币 | K13: 9 | L13: 货币 | N13: 0 | O13: FALSE | Q13: FALSE | R13: 1 | S13: 无 | T13: 999 | U13: 功能_加货币 | V13: 1000001 | W13: 5000 | X13: ="|cff00FF00"&C13&"，启封后可以获得"&W13&"灵石。" -> |cff00FF00一箱灵石，启封后可以获得5000灵石。 | Y13: |cff00FF00灵石是天地灵气在地脉中经年凝结而成的晶石，也是修士之间通行的货币。玉石般的一枚，内里却藏着可供调用的灵气。修士以之交易，也以之修行；阵禁、炼制与诸般法物，皆可借其中灵气运转。 | Z13: 击杀所有怪物，出售道具装备可获得 | AA13: 10105000 | AB13: 90014 | AC13: 40001 | AE13: 70001 | AH13: 货币 | AI13: 灵石 | AJ13: 通用
B14: =10000000+INDEX(编号表!$B:$B,MATCH(F14,编号表!$A:$A,0))*100000+INDEX(编号表!$F:$F,MATCH(D14,编号表!$E:$E,0))*1000+INDEX(编号表!$D:$D,MATCH(E14,编号表!$C:$C,0))*10000+G14 -> 10105001 | C14: 一箱仙玉 | D14: 神品 | E14: 通用 | F14: 货币 | G14: 1 | H14: 60 | I14: 大类_基础 | J14: 子类_货币 | K14: 10 | L14: 货币 | N14: 0 | O14: FALSE | Q14: FALSE | R14: 1 | S14: 无 | T14: 999 | U14: 功能_加货币 | V14: 1000002 | W14: 500 | X14: ="|cff00FF00"&C14&"，启封后可以获得"&W14&"仙玉。" -> |cff00FF00一箱仙玉，启封后可以获得500仙玉。 | Y14: |cff00FF00仙玉灵华深敛，握之温润，神识探入却似望见深潭，灵气层层蕴于玉中。其力雄厚而绵长，可供宏大阵禁与珍奇法物运转。世间重宝易主时，仙玉亦是修士郑重取出的交易之物。 | Z14: 击杀所有怪物，出售道具装备可获得 | AA14: 10105001 | AB14: 90015 | AC14: 40001 | AE14: 70001 | AH14: 货币 | AI14: 仙玉 | AJ14: 通用
B15: =10000000+INDEX(编号表!$B:$B,MATCH(F15,编号表!$A:$A,0))*100000+INDEX(编号表!$F:$F,MATCH(D15,编号表!$E:$E,0))*1000+INDEX(编号表!$D:$D,MATCH(E15,编号表!$C:$C,0))*10000+G15 -> 10106000 | C15: 一大箱灵石 | D15: 道品 | E15: 通用 | F15: 货币 | G15: 0 | H15: 60 | I15: 大类_基础 | J15: 子类_货币 | K15: 11 | L15: 货币 | N15: 0 | O15: FALSE | Q15: FALSE | R15: 1 | S15: 无 | T15: 999 | U15: 功能_加货币 | V15: 1000001 | W15: 10000 | X15: ="|cff00FF00"&C15&"，启封后可以获得"&W15&"灵石。" -> |cff00FF00一大箱灵石，启封后可以获得10000灵石。 | Y15: |cff00FF00灵石是天地灵气在地脉中经年凝结而成的晶石，也是修士之间通行的货币。玉石般的一枚，内里却藏着可供调用的灵气。修士以之交易，也以之修行；阵禁、炼制与诸般法物，皆可借其中灵气运转。 | Z15: 击杀所有怪物，出售道具装备可获得 | AA15: 10106000 | AB15: 90014 | AC15: 40001 | AE15: 70001 | AH15: 货币 | AI15: 灵石 | AJ15: 通用
B16: =10000000+INDEX(编号表!$B:$B,MATCH(F16,编号表!$A:$A,0))*100000+INDEX(编号表!$F:$F,MATCH(D16,编号表!$E:$E,0))*1000+INDEX(编号表!$D:$D,MATCH(E16,编号表!$C:$C,0))*10000+G16 -> 10106001 | C16: 一大箱仙玉 | D16: 道品 | E16: 通用 | F16: 货币 | G16: 1 | H16: 60 | I16: 大类_基础 | J16: 子类_货币 | K16: 12 | L16: 货币 | N16: 0 | O16: FALSE | Q16: FALSE | R16: 1 | S16: 无 | T16: 999 | U16: 功能_加货币 | V16: 1000002 | W16: 1000 | X16: ="|cff00FF00"&C16&"，启封后可以获得"&W16&"仙玉。" -> |cff00FF00一大箱仙玉，启封后可以获得1000仙玉。 | Y16: |cff00FF00仙玉灵华深敛，握之温润，神识探入却似望见深潭，灵气层层蕴于玉中。其力雄厚而绵长，可供宏大阵禁与珍奇法物运转。世间重宝易主时，仙玉亦是修士郑重取出的交易之物。 | Z16: 击杀所有怪物，出售道具装备可获得 | AA16: 10106001 | AB16: 90015 | AC16: 40001 | AE16: 70001 | AH16: 货币 | AI16: 仙玉 | AJ16: 通用
B17: =10000000+INDEX(编号表!$B:$B,MATCH(F17,编号表!$A:$A,0))*100000+INDEX(编号表!$F:$F,MATCH(D17,编号表!$E:$E,0))*1000+INDEX(编号表!$D:$D,MATCH(E17,编号表!$C:$C,0))*10000+G17 -> 10106002 | C17: 一储物袋灵石 | D17: 道品 | E17: 通用 | F17: 货币 | G17: 2 | H17: 60 | I17: 大类_基础 | J17: 子类_货币 | K17: 13 | L17: 货币 | N17: 0 | O17: FALSE | Q17: FALSE | R17: 1 | S17: 无 | T17: 999 | U17: 功能_加货币 | V17: 1000001 | W17: 50000 | X17: ="|cff00FF00"&C17&"，启封后可以获得"&W17&"灵石。" -> |cff00FF00一储物袋灵石，启封后可以获得50000灵石。 | Y17: |cff00FF00灵石是天地灵气在地脉中经年凝结而成的晶石，也是修士之间通行的货币。玉石般的一枚，内里却藏着可供调用的灵气。修士以之交易，也以之修行；阵禁、炼制与诸般法物，皆可借其中灵气运转。 | Z17: 击杀所有怪物，出售道具装备可获得 | AA17: 10106002 | AB17: 90014 | AC17: 40001 | AE17: 70001 | AH17: 货币 | AI17: 灵石 | AJ17: 通用
B18: =10000000+INDEX(编号表!$B:$B,MATCH(F18,编号表!$A:$A,0))*100000+INDEX(编号表!$F:$F,MATCH(D18,编号表!$E:$E,0))*1000+INDEX(编号表!$D:$D,MATCH(E18,编号表!$C:$C,0))*10000+G18 -> 10106003 | C18: 一储物袋仙玉 | D18: 道品 | E18: 通用 | F18: 货币 | G18: 3 | H18: 60 | I18: 大类_基础 | J18: 子类_货币 | K18: 14 | L18: 货币 | N18: 0 | O18: FALSE | Q18: FALSE | R18: 1 | S18: 无 | T18: 999 | U18: 功能_加货币 | V18: 1000002 | W18: 5000 | X18: ="|cff00FF00"&C18&"，启封后可以获得"&W18&"仙玉。" -> |cff00FF00一储物袋仙玉，启封后可以获得5000仙玉。 | Y18: |cff00FF00仙玉灵华深敛，握之温润，神识探入却似望见深潭，灵气层层蕴于玉中。其力雄厚而绵长，可供宏大阵禁与珍奇法物运转。世间重宝易主时，仙玉亦是修士郑重取出的交易之物。 | Z18: 击杀所有怪物，出售道具装备可获得 | AA18: 10106003 | AB18: 90015 | AC18: 40001 | AE18: 70001 | AH18: 货币 | AI18: 仙玉 | AJ18: 通用
B19: =10000000+INDEX(编号表!$B:$B,MATCH(F19,编号表!$A:$A,0))*100000+INDEX(编号表!$F:$F,MATCH(D19,编号表!$E:$E,0))*1000+INDEX(编号表!$D:$D,MATCH(E19,编号表!$C:$C,0))*10000+G19 -> 10104090 | C19: 活跃丹 | D19: 仙品 | E19: 通用 | F19: 货币 | G19: 90 | H19: 60 | I19: 大类_基础 | J19: 子类_货币 | K19: 15 | L19: 货币 | N19: 0 | O19: FALSE | Q19: FALSE | R19: 1 | S19: 无 | T19: 999 | U19: 功能_多效果组 | V19: 50001 | W19: 0 | X19: ="|cff00FF00"&C19&"，打开后可以获得"&W19&"活跃点。" -> |cff00FF00活跃丹，打开后可以获得0活跃点。 | Z19: 系统赠送获得 | AA19: 12421007 | AB19: 0 | AC19: 40004 | AE19: 70004 | AH19: 货币 | AI19: 活跃点 | AJ19: 通用
B20: =10000000+INDEX(编号表!$B:$B,MATCH(F20,编号表!$A:$A,0))*100000+INDEX(编号表!$F:$F,MATCH(D20,编号表!$E:$E,0))*1000+INDEX(编号表!$D:$D,MATCH(E20,编号表!$C:$C,0))*10000+G20 -> 10104091 | C20: 声望丹 | D20: 仙品 | E20: 通用 | F20: 货币 | G20: 91 | H20: 60 | I20: 大类_基础 | J20: 子类_货币 | K20: 16 | L20: 货币 | N20: 0 | O20: FALSE | Q20: FALSE | R20: 1 | S20: 无 | T20: 999 | U20: 功能_多效果组 | V20: 50002 | W20: 0 | X20: ="|cff00FF00"&C20&"，打开后可以获得"&W20&"声望点。" -> |cff00FF00声望丹，打开后可以获得0声望点。 | Z20: 系统赠送获得 | AA20: 12421007 | AB20: 0 | AC20: 40004 | AE20: 70004 | AH20: 货币 | AI20: 声望点 | AJ20: 通用
B21: =10000000+INDEX(编号表!$B:$B,MATCH(F21,编号表!$A:$A,0))*100000+INDEX(编号表!$F:$F,MATCH(D21,编号表!$E:$E,0))*1000+INDEX(编号表!$D:$D,MATCH(E21,编号表!$C:$C,0))*10000+G21 -> 10104092 | C21: 声望丹 | D21: 仙品 | E21: 通用 | F21: 货币 | G21: 92 | H21: 60 | I21: 大类_基础 | J21: 子类_货币 | K21: 17 | L21: 货币 | N21: 0 | O21: FALSE | Q21: FALSE | R21: 1 | S21: 无 | T21: 999 | U21: 功能_多效果组 | V21: 50002 | W21: 0 | X21: ="|cff00FF00"&C21&"，打开后可以获得"&W21&"声望点。" -> |cff00FF00声望丹，打开后可以获得0声望点。 | Z21: 系统赠送获得 | AA21: 12421007 | AB21: 0 | AC21: 40004 | AE21: 70004 | AH21: 货币 | AI21: 声望点 | AJ21: 通用
B22: =10000000+INDEX(编号表!$B:$B,MATCH(F22,编号表!$A:$A,0))*100000+INDEX(编号表!$F:$F,MATCH(D22,编号表!$E:$E,0))*1000+INDEX(编号表!$D:$D,MATCH(E22,编号表!$C:$C,0))*10000+G22 -> 10202000 | C22: 青萍剑诀 | D22: 灵品 | E22: 通用 | F22: 人道神通 | G22: 0 | H22: 60 | I22: ="大类_"&D22&E22&F22 -> 大类_灵品通用人道神通 | J22: 子类_技能书 | K22: 1 | L22: 功法 | N22: 0 | O22: TRUE | Q22: FALSE | R22: 1 | S22: 炼体 | T22: 999 | U22: 功能_技能书 | V22: 100100 | X22: 剑出青萍，疾刺目标，造成物理伤害。剑道诸式皆由此起。 | Y22: |cff00FF00“剑起于青萍之末，一刺一收皆是根基；根基既稳，万般剑式方可由此生发。”——《青萍剑谱》|r | Z22: 宗门兑换，购买，秘境或遗迹可得 | AA22: =B22 -> 10202000 | AB22: 0 | AC22: 0 | AE22: 70002 | AH22: 功法 | AI22: 人道神通 | AJ22: 通用
B23: =10000000+INDEX(编号表!$B:$B,MATCH(F23,编号表!$A:$A,0))*100000+INDEX(编号表!$F:$F,MATCH(D23,编号表!$E:$E,0))*1000+INDEX(编号表!$D:$D,MATCH(E23,编号表!$C:$C,0))*10000+G23 -> 10202001 | C23: 玄门伏虎击 | D23: 灵品 | E23: 通用 | F23: 人道神通 | G23: 1 | H23: 60 | I23: ="大类_"&D23&E23&F23 -> 大类_灵品通用人道神通 | J23: 子类_技能书 | K23: 1 | L23: 功法 | N23: 0 | O23: TRUE | Q23: FALSE | R23: 1 | S23: 炼体 | T23: 999 | U23: 功能_技能书 | V23: 100200 | X23: 凝聚近身劲力猛击目标，造成物理伤害。 | Y23: |cff00FF00“气沉丹田，劲贯双臂；一击伏虎，不恃蛮力而恃整劲。”——《玄门伏虎篇》|r | Z23: 宗门兑换，购买，秘境或遗迹可得 | AA23: =B23 -> 10202001 | AB23: 0 | AC23: 0 | AE23: 70002 | AH23: 功法 | AI23: 人道神通 | AJ23: 通用
B24: =10000000+INDEX(编号表!$B:$B,MATCH(F24,编号表!$A:$A,0))*100000+INDEX(编号表!$F:$F,MATCH(D24,编号表!$E:$E,0))*1000+INDEX(编号表!$D:$D,MATCH(E24,编号表!$C:$C,0))*10000+G24 -> 10202002 | C24: 太白藏锋斩 | D24: 灵品 | E24: 通用 | F24: 人道神通 | G24: 2 | H24: 60 | I24: ="大类_"&D24&E24&F24 -> 大类_灵品通用人道神通 | J24: 子类_技能书 | K24: 1 | L24: 功法 | N24: 0 | O24: TRUE | Q24: FALSE | R24: 1 | S24: 炼体 | T24: 999 | U24: 功能_技能书 | V24: 100300 | X24: 藏锋蓄势，拔刃横扫前方扇形范围，对敌人造成物理伤害。 | Y24: |cff00FF00“剑未出鞘，锋意先藏；一线既明，寒光已过群敌。”——《太白剑藏》|r | Z24: 宗门兑换，购买，秘境或遗迹可得 | AA24: =B24 -> 10202002 | AB24: 0 | AC24: 0 | AE24: 70002 | AH24: 功法 | AI24: 人道神通 | AJ24: 通用
B25: =10000000+INDEX(编号表!$B:$B,MATCH(F25,编号表!$A:$A,0))*100000+INDEX(编号表!$F:$F,MATCH(D25,编号表!$E:$E,0))*1000+INDEX(编号表!$D:$D,MATCH(E25,编号表!$C:$C,0))*10000+G25 -> 10202003 | C25: 玄罡撼岳劲 | D25: 灵品 | E25: 通用 | F25: 人道神通 | G25: 3 | H25: 60 | I25: ="大类_"&D25&E25&F25 -> 大类_灵品通用人道神通 | J25: 子类_技能书 | K25: 1 | L25: 功法 | N25: 0 | O25: TRUE | Q25: FALSE | R25: 1 | S25: 炼体 | T25: 999 | U25: 功能_技能书 | V25: 100400 | X25: 以玄罡重击目标，造成物理伤害并将其击退。 | Y25: |cff00FF00“玄罡聚于一臂，发则如岳移；受劲者退，立地者倾。”——《撼岳玄罡录》|r | Z25: 宗门兑换，购买，秘境或遗迹可得 | AA25: =B25 -> 10202003 | AB25: 0 | AC25: 0 | AE25: 70002 | AH25: 功法 | AI25: 人道神通 | AJ25: 通用
B26: =10000000+INDEX(编号表!$B:$B,MATCH(F26,编号表!$A:$A,0))*100000+INDEX(编号表!$F:$F,MATCH(D26,编号表!$E:$E,0))*1000+INDEX(编号表!$D:$D,MATCH(E26,编号表!$C:$C,0))*10000+G26 -> 10202004 | C26: 庚芒诀 | D26: 灵品 | E26: 通用 | F26: 人道神通 | G26: 4 | H26: 60 | I26: ="大类_"&D26&E26&F26 -> 大类_灵品通用人道神通 | J26: 子类_技能书 | K26: 1 | L26: 功法 | N26: 0 | O26: TRUE | Q26: FALSE | R26: 1 | S26: 金行 | T26: 999 | U26: 功能_技能书 | V26: 100500 | X26: 向前方贯出一道金芒，对路径上的敌人造成法术伤害。 | Y26: |cff00FF00“庚金主肃，炼芒成线；所过之处，邪秽皆分。”——《庚金锐芒诀》|r | Z26: 宗门兑换，购买，秘境或遗迹可得 | AA26: =B26 -> 10202004 | AB26: 0 | AC26: 0 | AE26: 70002 | AH26: 功法 | AI26: 人道神通 | AJ26: 通用
B27: =10000000+INDEX(编号表!$B:$B,MATCH(F27,编号表!$A:$A,0))*100000+INDEX(编号表!$F:$F,MATCH(D27,编号表!$E:$E,0))*1000+INDEX(编号表!$D:$D,MATCH(E27,编号表!$C:$C,0))*10000+G27 -> 10202005 | C27: 青萝引 | D27: 灵品 | E27: 通用 | F27: 人道神通 | G27: 5 | H27: 60 | I27: ="大类_"&D27&E27&F27 -> 大类_灵品通用人道神通 | J27: 子类_技能书 | K27: 1 | L27: 功法 | N27: 0 | O27: TRUE | Q27: FALSE | R27: 1 | S27: 木行 | T27: 999 | U27: 功能_技能书 | V27: 100600 | X27: 引动青萝藤刺穿击目标，造成法术伤害。 | Y27: |cff00FF00“青萝借木气而生，柔可缠枝，锐亦穿石。”——《青萝木引篇》|r | Z27: 宗门兑换，购买，秘境或遗迹可得 | AA27: =B27 -> 10202005 | AB27: 0 | AC27: 0 | AE27: 70002 | AH27: 功法 | AI27: 人道神通 | AJ27: 通用
B28: =10000000+INDEX(编号表!$B:$B,MATCH(F28,编号表!$A:$A,0))*100000+INDEX(编号表!$F:$F,MATCH(D28,编号表!$E:$E,0))*1000+INDEX(编号表!$D:$D,MATCH(E28,编号表!$C:$C,0))*10000+G28 -> 10202006 | C28: 听潮印 | D28: 灵品 | E28: 通用 | F28: 人道神通 | G28: 6 | H28: 60 | I28: ="大类_"&D28&E28&F28 -> 大类_灵品通用人道神通 | J28: 子类_技能书 | K28: 1 | L28: 功法 | N28: 0 | O28: TRUE | Q28: FALSE | R28: 1 | S28: 水行 | T28: 999 | U28: 功能_技能书 | V28: 100700 | X28: 在目标身侧合拢潮纹，造成水行法术伤害。 | Y28: |cff00FF00“潮声未至，水势先合；双纹一闭，万钧同压。”——《沧澜听潮印》|r | Z28: 宗门兑换，购买，秘境或遗迹可得 | AA28: =B28 -> 10202006 | AB28: 0 | AC28: 0 | AE28: 70002 | AH28: 功法 | AI28: 人道神通 | AJ28: 通用
B29: =10000000+INDEX(编号表!$B:$B,MATCH(F29,编号表!$A:$A,0))*100000+INDEX(编号表!$F:$F,MATCH(D29,编号表!$E:$E,0))*1000+INDEX(编号表!$D:$D,MATCH(E29,编号表!$C:$C,0))*10000+G29 -> 10202007 | C29: 离火星 | D29: 灵品 | E29: 通用 | F29: 人道神通 | G29: 7 | H29: 60 | I29: ="大类_"&D29&E29&F29 -> 大类_灵品通用人道神通 | J29: 子类_技能书 | K29: 1 | L29: 功法 | N29: 0 | O29: TRUE | Q29: FALSE | R29: 1 | S29: 火行 | T29: 999 | U29: 功能_技能书 | V29: 100800 | X29: 凝成火球飞向目标，命中后造成法术伤害。 | Y29: |cff00FF00“离火聚则为星，疾行如矢；一星落处，炎意自生。”——《离火星经》|r | Z29: 宗门兑换，购买，秘境或遗迹可得 | AA29: =B29 -> 10202007 | AB29: 0 | AC29: 0 | AE29: 70002 | AH29: 功法 | AI29: 人道神通 | AJ29: 通用
B30: =10000000+INDEX(编号表!$B:$B,MATCH(F30,编号表!$A:$A,0))*100000+INDEX(编号表!$F:$F,MATCH(D30,编号表!$E:$E,0))*1000+INDEX(编号表!$D:$D,MATCH(E30,编号表!$C:$C,0))*10000+G30 -> 10202008 | C30: 凝岳印 | D30: 灵品 | E30: 通用 | F30: 人道神通 | G30: 8 | H30: 60 | I30: ="大类_"&D30&E30&F30 -> 大类_灵品通用人道神通 | J30: 子类_技能书 | K30: 1 | L30: 功法 | N30: 0 | O30: TRUE | Q30: FALSE | R30: 1 | S30: 土行 | T30: 999 | U30: 功能_技能书 | V30: 100900 | X30: 在目标上方凝成土印砸落，造成法术伤害。 | Y30: |cff00FF00“撮土成印，引岳为势；印虽方寸，落若峰倾。”——《坤元凝岳篇》|r | Z30: 宗门兑换，购买，秘境或遗迹可得 | AA30: =B30 -> 10202008 | AB30: 0 | AC30: 0 | AE30: 70002 | AH30: 功法 | AI30: 人道神通 | AJ30: 通用
B31: =10000000+INDEX(编号表!$B:$B,MATCH(F31,编号表!$A:$A,0))*100000+INDEX(编号表!$F:$F,MATCH(D31,编号表!$E:$E,0))*1000+INDEX(编号表!$D:$D,MATCH(E31,编号表!$C:$C,0))*10000+G31 -> 10202009 | C31: 惊蛰落霆 | D31: 灵品 | E31: 通用 | F31: 人道神通 | G31: 9 | H31: 60 | I31: ="大类_"&D31&E31&F31 -> 大类_灵品通用人道神通 | J31: 子类_技能书 | K31: 1 | L31: 功法 | N31: 0 | O31: TRUE | Q31: FALSE | R31: 1 | S31: 通用术法 | T31: 999 | U31: 功能_技能书 | V31: 101000 | X31: 召下一道雷光轰击目标，造成法术伤害。 | Y31: |cff00FF00“惊蛰一响，蛰气尽动；雷从九霄落，邪妄无所藏。”——《震雷惊蛰录》|r | Z31: 宗门兑换，购买，秘境或遗迹可得 | AA31: =B31 -> 10202009 | AB31: 0 | AC31: 0 | AE31: 70002 | AH31: 功法 | AI31: 人道神通 | AJ31: 通用
B32: =10000000+INDEX(编号表!$B:$B,MATCH(F32,编号表!$A:$A,0))*100000+INDEX(编号表!$F:$F,MATCH(D32,编号表!$E:$E,0))*1000+INDEX(编号表!$D:$D,MATCH(E32,编号表!$C:$C,0))*10000+G32 -> 10202010 | C32: 赤霄焚野 | D32: 灵品 | E32: 通用 | F32: 人道神通 | G32: 10 | H32: 60 | I32: ="大类_"&D32&E32&F32 -> 大类_灵品通用人道神通 | J32: 子类_技能书 | K32: 1 | L32: 功法 | N32: 0 | O32: TRUE | Q32: FALSE | R32: 1 | S32: 火行 | T32: 999 | U32: 功能_技能书 | V32: 101100 | X32: 在目标区域铺开火纹，对范围内敌人造成法术伤害。 | Y32: |cff00FF00“赤霄垂焰，火纹布野；一步成阵，八方同燃。”——《赤霄焚野章》|r | Z32: 宗门兑换，购买，秘境或遗迹可得 | AA32: =B32 -> 10202010 | AB32: 0 | AC32: 0 | AE32: 70002 | AH32: 功法 | AI32: 人道神通 | AJ32: 通用
B33: =10000000+INDEX(编号表!$B:$B,MATCH(F33,编号表!$A:$A,0))*100000+INDEX(编号表!$F:$F,MATCH(D33,编号表!$E:$E,0))*1000+INDEX(编号表!$D:$D,MATCH(E33,编号表!$C:$C,0))*10000+G33 -> 10202011 | C33: 御锋诀 | D33: 灵品 | E33: 通用 | F33: 人道神通 | G33: 11 | H33: 60 | I33: ="大类_"&D33&E33&F33 -> 大类_灵品通用人道神通 | J33: 子类_技能书 | K33: 1 | L33: 功法 | N33: 0 | O33: TRUE | Q33: FALSE | R33: 1 | S33: 剑道 | T33: 999 | U33: 功能_技能书 | V33: 101200 | X33: 御使飞剑射向目标，命中后造成物理伤害。 | Y33: |cff00FF00“以神御锋，不劳手引；念至则剑至，锋回而意不散。”——《御锋剑诀》|r | Z33: 宗门兑换，购买，秘境或遗迹可得 | AA33: =B33 -> 10202011 | AB33: 0 | AC33: 0 | AE33: 70002 | AH33: 功法 | AI33: 人道神通 | AJ33: 通用
... B85: =10000000+INDEX(编号表!$B:$B,MATCH(F85,编号表!$A:$A,0))*100000+INDEX(编号表!$F:$F,MATCH(D85,编号表!$E:$E,0))*1000+INDEX(编号表!$D:$D,MATCH(E85,编号表!$C:$C,0))*10000+G85 -> 10902028 | C85: 万灵御心诀 | D85: 灵品 | E85: 通用 | F85: 天道神通 | G85: 28 | H85: 60 | I85: ="大类_"&D85&E85&F85 -> 大类_灵品通用天道神通 | J85: 子类_技能书 | K85: 1 | L85: 功法 | N85: 0 | O85: TRUE | Q85: FALSE | R85: 7 | S85: 法修 | T85: 999 | U85: 功能_技能书 | V85: 108500 | X85: 提高所有御兽类技能的效果。 | Y85: |cff00FF00“御兽先通其心，后御其力；强压得用一时，感应方可同行久远。”——《万灵感应录》|r | Z85: 宗门兑换，购买，秘境或遗迹可得 | AA85: =B85 -> 10902028 | AB85: 0 | AC85: 0 | AE85: 70002 | AH85: 功法 | AI85: 天道神通 | AJ85: 通用
B86: =10000000+INDEX(编号表!$B:$B,MATCH(F86,编号表!$A:$A,0))*100000+INDEX(编号表!$F:$F,MATCH(D86,编号表!$E:$E,0))*1000+INDEX(编号表!$D:$D,MATCH(E86,编号表!$C:$C,0))*10000+G86 -> 11721000 | C86: 青烟炉 | D86: 凡品 | E86: 筑基 | F86: 丹炉 | G86: 0 | H86: 60 | I86: ="大类_"&D86&E86&F86 -> 大类_凡品筑基丹炉 | J86: 子类_贵重品 | K86: 1 | L86: 炼丹 | N86: 0 | O86: TRUE | Q86: FALSE | R86: 1 | S86: 无 | T86: 999 | U86: 功能_丹炉 | V86: 1721000 | X86: 青烟袅袅，炉火徐徐。炼丹所用之炉，可承载药材与丹液，供修士掌火炼药。 | Z86: 宗门兑换，购买，秘境或遗迹可得 | AA86: 12421007 | AB86: 0 | AC86: 0 | AE86: 70001 | AH86: 丹炉 | AI86: 丹炉 | AJ86: 筑基
B87: =10000000+INDEX(编号表!$B:$B,MATCH(F87,编号表!$A:$A,0))*100000+INDEX(编号表!$F:$F,MATCH(D87,编号表!$E:$E,0))*1000+INDEX(编号表!$D:$D,MATCH(E87,编号表!$C:$C,0))*10000+G87 -> 11722000 | C87: 青烟炉 | D87: 灵品 | E87: 筑基 | F87: 丹炉 | G87: 0 | H87: 60 | I87: ="大类_"&D87&E87&F87 -> 大类_灵品筑基丹炉 | J87: 子类_贵重品 | K87: 1 | L87: 炼丹 | N87: 0 | O87: TRUE | Q87: FALSE | R87: 1 | S87: 无 | T87: 999 | U87: 功能_丹炉 | V87: 1722000 | X87: 青烟袅袅，炉火徐徐。炼丹所用之炉，可承载药材与丹液，供修士掌火炼药。 | Z87: 宗门兑换，购买，秘境或遗迹可得 | AA87: 12421007 | AB87: 0 | AC87: 0 | AE87: 70002 | AH87: 丹炉 | AI87: 丹炉 | AJ87: 筑基
B88: =10000000+INDEX(编号表!$B:$B,MATCH(F88,编号表!$A:$A,0))*100000+INDEX(编号表!$F:$F,MATCH(D88,编号表!$E:$E,0))*1000+INDEX(编号表!$D:$D,MATCH(E88,编号表!$C:$C,0))*10000+G88 -> 11723000 | C88: 青烟炉 | D88: 玄品 | E88: 筑基 | F88: 丹炉 | G88: 0 | H88: 60 | I88: ="大类_"&D88&E88&F88 -> 大类_玄品筑基丹炉 | J88: 子类_贵重品 | K88: 1 | L88: 炼丹 | N88: 0 | O88: TRUE | Q88: FALSE | R88: 1 | S88: 无 | T88: 999 | U88: 功能_丹炉 | V88: 1723000 | X88: 青烟袅袅，炉火徐徐。炼丹所用之炉，可承载药材与丹液，供修士掌火炼药。 | Z88: 宗门兑换，购买，秘境或遗迹可得 | AA88: 12421007 | AB88: 0 | AC88: 0 | AE88: 70003 | AH88: 丹炉 | AI88: 丹炉 | AJ88: 筑基
B89: =10000000+INDEX(编号表!$B:$B,MATCH(F89,编号表!$A:$A,0))*100000+INDEX(编号表!$F:$F,MATCH(D89,编号表!$E:$E,0))*1000+INDEX(编号表!$D:$D,MATCH(E89,编号表!$C:$C,0))*10000+G89 -> 11731000 | C89: 赤霞炉 | D89: 凡品 | E89: 金丹 | F89: 丹炉 | G89: 0 | H89: 60 | I89: ="大类_"&D89&E89&F89 -> 大类_凡品金丹丹炉 | J89: 子类_贵重品 | K89: 1 | L89: 炼丹 | N89: 0 | O89: TRUE | Q89: FALSE | R89: 1 | S89: 无 | T89: 999 | U89: 功能_丹炉 | V89: 1731000 | X89: 炉色如霞，火映铜光。炼丹所用之炉，可承载药材与丹液，供修士掌火炼药。 | Z89: 宗门兑换，购买，秘境或遗迹可得 | AA89: 12421007 | AB89: 0 | AC89: 0 | AE89: 70001 | AH89: 丹炉 | AI89: 丹炉 | AJ89: 金丹
B90: =10000000+INDEX(编号表!$B:$B,MATCH(F90,编号表!$A:$A,0))*100000+INDEX(编号表!$F:$F,MATCH(D90,编号表!$E:$E,0))*1000+INDEX(编号表!$D:$D,MATCH(E90,编号表!$C:$C,0))*10000+G90 -> 11732000 | C90: 赤霞炉 | D90: 灵品 | E90: 金丹 | F90: 丹炉 | G90: 0 | H90: 60 | I90: ="大类_"&D90&E90&F90 -> 大类_灵品金丹丹炉 | J90: 子类_贵重品 | K90: 1 | L90: 炼丹 | N90: 0 | O90: TRUE | Q90: FALSE | R90: 1 | S90: 无 | T90: 999 | U90: 功能_丹炉 | V90: 1732000 | X90: 炉色如霞，火映铜光。炼丹所用之炉，可承载药材与丹液，供修士掌火炼药。 | Z90: 宗门兑换，购买，秘境或遗迹可得 | AA90: 12421007 | AB90: 0 | AC90: 0 | AE90: 70002 | AH90: 丹炉 | AI90: 丹炉 | AJ90: 金丹
B91: =10000000+INDEX(编号表!$B:$B,MATCH(F91,编号表!$A:$A,0))*100000+INDEX(编号表!$F:$F,MATCH(D91,编号表!$E:$E,0))*1000+INDEX(编号表!$D:$D,MATCH(E91,编号表!$C:$C,0))*10000+G91 -> 11733000 | C91: 赤霞炉 | D91: 玄品 | E91: 金丹 | F91: 丹炉 | G91: 0 | H91: 60 | I91: ="大类_"&D91&E91&F91 -> 大类_玄品金丹丹炉 | J91: 子类_贵重品 | K91: 1 | L91: 炼丹 | N91: 0 | O91: TRUE | Q91: FALSE | R91: 1 | S91: 无 | T91: 999 | U91: 功能_丹炉 | V91: 1733000 | X91: 炉色如霞，火映铜光。炼丹所用之炉，可承载药材与丹液，供修士掌火炼药。 | Z91: 宗门兑换，购买，秘境或遗迹可得 | AA91: 12421007 | AB91: 0 | AC91: 0 | AE91: 70003 | AH91: 丹炉 | AI91: 丹炉 | AJ91: 金丹
B92: =10000000+INDEX(编号表!$B:$B,MATCH(F92,编号表!$A:$A,0))*100000+INDEX(编号表!$F:$F,MATCH(D92,编号表!$E:$E,0))*1000+INDEX(编号表!$D:$D,MATCH(E92,编号表!$C:$C,0))*10000+G92 -> 11741000 | C92: 紫华炉 | D92: 凡品 | E92: 元婴 | F92: 丹炉 | G92: 0 | H92: 60 | I92: ="大类_"&D92&E92&F92 -> 大类_凡品元婴丹炉 | J92: 子类_贵重品 | K92: 1 | L92: 炼丹 | N92: 0 | O92: TRUE | Q92: FALSE | R92: 1 | S92: 无 | T92: 999 | U92: 功能_丹炉 | V92: 1741000 | X92: 紫华映壁，药烟萦炉。炼丹所用之炉，可承载药材与丹液，供修士掌火炼药。 | Z92: 宗门兑换，购买，秘境或遗迹可得 | AA92: 12421007 | AB92: 0 | AC92: 0 | AE92: 70001 | AH92: 丹炉 | AI92: 丹炉 | AJ92: 元婴
B93: =10000000+INDEX(编号表!$B:$B,MATCH(F93,编号表!$A:$A,0))*100000+INDEX(编号表!$F:$F,MATCH(D93,编号表!$E:$E,0))*1000+INDEX(编号表!$D:$D,MATCH(E93,编号表!$C:$C,0))*10000+G93 -> 11742000 | C93: 紫华炉 | D93: 灵品 | E93: 元婴 | F93: 丹炉 | G93: 0 | H93: 60 | I93: ="大类_"&D93&E93&F93 -> 大类_灵品元婴丹炉 | J93: 子类_贵重品 | K93: 1 | L93: 炼丹 | N93: 0 | O93: TRUE | Q93: FALSE | R93: 1 | S93: 无 | T93: 999 | U93: 功能_丹炉 | V93: 1742000 | X93: 紫华映壁，药烟萦炉。炼丹所用之炉，可承载药材与丹液，供修士掌火炼药。 | Z93: 宗门兑换，购买，秘境或遗迹可得 | AA93: 12421007 | AB93: 0 | AC93: 0 | AE93: 70002 | AH93: 丹炉 | AI93: 丹炉 | AJ93: 元婴
B94: =10000000+INDEX(编号表!$B:$B,MATCH(F94,编号表!$A:$A,0))*100000+INDEX(编号表!$F:$F,MATCH(D94,编号表!$E:$E,0))*1000+INDEX(编号表!$D:$D,MATCH(E94,编号表!$C:$C,0))*10000+G94 -> 11743000 | C94: 紫华炉 | D94: 玄品 | E94: 元婴 | F94: 丹炉 | G94: 0 | H94: 60 | I94: ="大类_"&D94&E94&F94 -> 大类_玄品元婴丹炉 | J94: 子类_贵重品 | K94: 1 | L94: 炼丹 | N94: 0 | O94: TRUE | Q94: FALSE | R94: 1 | S94: 无 | T94: 999 | U94: 功能_丹炉 | V94: 1743000 | X94: 紫华映壁，药烟萦炉。炼丹所用之炉，可承载药材与丹液，供修士掌火炼药。 | Z94: 宗门兑换，购买，秘境或遗迹可得 | AA94: 12421007 | AB94: 0 | AC94: 0 | AE94: 70003 | AH94: 丹炉 | AI94: 丹炉 | AJ94: 元婴
B95: =10000000+INDEX(编号表!$B:$B,MATCH(F95,编号表!$A:$A,0))*100000+INDEX(编号表!$F:$F,MATCH(D95,编号表!$E:$E,0))*1000+INDEX(编号表!$D:$D,MATCH(E95,编号表!$C:$C,0))*10000+G95 -> 11752000 | C95: 玄照炉 | D95: 灵品 | E95: 化神 | F95: 丹炉 | G95: 0 | H95: 60 | I95: ="大类_"&D95&E95&F95 -> 大类_灵品化神丹炉 | J95: 子类_贵重品 | K95: 1 | L95: 炼丹 | N95: 0 | O95: TRUE | Q95: FALSE | R95: 1 | S95: 无 | T95: 999 | U95: 功能_丹炉 | V95: 1752000 | X95: 玄光照壁，炉中丹烟自起。炼丹所用之炉，可承载药材与丹液，供修士掌火炼药。 | Z95: 宗门兑换，购买，秘境或遗迹可得 | AA95: 12421007 | AB95: 0 | AC95: 0 | AE95: 70002 | AH95: 丹炉 | AI95: 丹炉 | AJ95: 化神
B96: =10000000+INDEX(编号表!$B:$B,MATCH(F96,编号表!$A:$A,0))*100000+INDEX(编号表!$F:$F,MATCH(D96,编号表!$E:$E,0))*1000+INDEX(编号表!$D:$D,MATCH(E96,编号表!$C:$C,0))*10000+G96 -> 11753000 | C96: 玄照炉 | D96: 玄品 | E96: 化神 | F96: 丹炉 | G96: 0 | H96: 60 | I96: ="大类_"&D96&E96&F96 -> 大类_玄品化神丹炉 | J96: 子类_贵重品 | K96: 1 | L96: 炼丹 | N96: 0 | O96: TRUE | Q96: FALSE | R96: 1 | S96: 无 | T96: 999 | U96: 功能_丹炉 | V96: 1753000 | X96: 玄光照壁，炉中丹烟自起。炼丹所用之炉，可承载药材与丹液，供修士掌火炼药。 | Z96: 宗门兑换，购买，秘境或遗迹可得 | AA96: 12421007 | AB96: 0 | AC96: 0 | AE96: 70003 | AH96: 丹炉 | AI96: 丹炉 | AJ96: 化神
B97: =10000000+INDEX(编号表!$B:$B,MATCH(F97,编号表!$A:$A,0))*100000+INDEX(编号表!$F:$F,MATCH(D97,编号表!$E:$E,0))*1000+INDEX(编号表!$D:$D,MATCH(E97,编号表!$C:$C,0))*10000+G97 -> 11754000 | C97: 玄照炉 | D97: 仙品 | E97: 化神 | F97: 丹炉 | G97: 0 | H97: 60 | I97: ="大类_"&D97&E97&F97 -> 大类_仙品化神丹炉 | J97: 子类_贵重品 | K97: 1 | L97: 炼丹 | N97: 0 | O97: TRUE | Q97: FALSE | R97: 1 | S97: 无 | T97: 999 | U97: 功能_丹炉 | V97: 1754000 | X97: 玄光照壁，炉中丹烟自起。炼丹所用之炉，可承载药材与丹液，供修士掌火炼药。 | Z97: 宗门兑换，购买，秘境或遗迹可得 | AA97: 12421007 | AB97: 0 | AC97: 0 | AE97: 70004 | AH97: 丹炉 | AI97: 丹炉 | AJ97: 化神
... B108: =10000000+INDEX(编号表!$B:$B,MATCH(F108,编号表!$A:$A,0))*100000+INDEX(编号表!$F:$F,MATCH(D108,编号表!$E:$E,0))*1000+INDEX(编号表!$D:$D,MATCH(E108,编号表!$C:$C,0))*10000+G108 -> 10701001 | C108: 真意格3 | D108: 凡品 | E108: 通用 | F108: 真意 | G108: 1 | H108: 60 | I108: ="大类_"&D108&E108&F108 -> 大类_凡品通用真意 | J108: 子类_贵重品 | K108: 1 | L108: 神通 | N108: 0 | O108: TRUE | Q108: FALSE | R108: 1 | S108: 无 | T108: 999 | U108: 功能_神通真意 | V108: 3 | X108: |cff00FF00前往铁匠铺合成宝石使用 | Z108: 宗门兑换，购买，秘境或遗迹可得 | AA108: 12421007 | AB108: 0 | AC108: 0 | AE108: 70001 | AH108: 材料 | AI108: 法师技能书 | AJ108: 通用
B109: =10000000+INDEX(编号表!$B:$B,MATCH(F109,编号表!$A:$A,0))*100000+INDEX(编号表!$F:$F,MATCH(D109,编号表!$E:$E,0))*1000+INDEX(编号表!$D:$D,MATCH(E109,编号表!$C:$C,0))*10000+G109 -> 11221000 | C109: 足年定元参 | D109: 凡品 | E109: 筑基 | F109: 灵植君 | G109: 0 | H109: 60 | I109: ="大类_"&D109&E109&F109 -> 大类_凡品筑基灵植君 | J109: 子类_贵重品 | K109: 1 | L109: 灵植 | N109: 0 | O109: TRUE | Q109: FALSE | R109: 1 | S109: 无 | T109: 999 | U109: 功能_灵植 | V109: 31221000 | X109: 筑基境凡品君材，药性平。单份药力2000，杂质1100。作为主药，目标药力10000。 | Y109: |cff00FF00“定元为一炉之纲，众药有其位，方能各尽其用；立君先审根本，不可徒逐药势。”——《丹根本草》|r | Z109: 宗门兑换，击杀妖兽，秘境或遗迹可得 | AA109: 11221000 | AB109: 90001 | AC109: 40001 | AE109: 70001 | AG109: 180 | AH109: 材料 | AI109: 灵植 | AJ109: 筑基
B110: =10000000+INDEX(编号表!$B:$B,MATCH(F110,编号表!$A:$A,0))*100000+INDEX(编号表!$F:$F,MATCH(D110,编号表!$E:$E,0))*1000+INDEX(编号表!$D:$D,MATCH(E110,编号表!$C:$C,0))*10000+G110 -> 11321000 | C110: 足年铁骨藤 | D110: 凡品 | E110: 筑基 | F110: 灵植臣 | G110: 0 | H110: 60 | I110: ="大类_"&D110&E110&F110 -> 大类_凡品筑基灵植臣 | J110: 子类_贵重品 | K110: 1 | L110: 灵植 | N110: 0 | O110: TRUE | Q110: FALSE | R110: 1 | S110: 无 | T110: 999 | U110: 功能_灵植 | V110: 31321000 | X110: 筑基境凡品臣材，五行属金，药性寒。单份药力1195，杂质658。 | Y110: |cff00FF00“铁骨藏金而性寒，取其金行，不可忘其寒性；识得两端，方知如何入炉。”——《五行灵植录》|r | Z110: 宗门兑换，击杀妖兽，秘境或遗迹可得 | AA110: 11321000 | AB110: 90001 | AC110: 40001 | AE110: 70001 | AG110: 179 | AH110: 材料 | AI110: 灵植 | AJ110: 筑基
B111: =10000000+INDEX(编号表!$B:$B,MATCH(F111,编号表!$A:$A,0))*100000+INDEX(编号表!$F:$F,MATCH(D111,编号表!$E:$E,0))*1000+INDEX(编号表!$D:$D,MATCH(E111,编号表!$C:$C,0))*10000+G111 -> 11321001 | C111: 足年金英花 | D111: 凡品 | E111: 筑基 | F111: 灵植臣 | G111: 1 | H111: 60 | I111: ="大类_"&D111&E111&F111 -> 大类_凡品筑基灵植臣 | J111: 子类_贵重品 | K111: 1 | L111: 灵植 | N111: 0 | O111: TRUE | Q111: FALSE | R111: 1 | S111: 无 | T111: 999 | U111: 功能_灵植 | V111: 31321001 | X111: 筑基境凡品臣材，五行属金，药性大热。单份药力1277，杂质869。 | Y111: |cff00FF00“金英映日，其性大热；金行与热性同藏一花，用者须分而察之。”——《山泽采药记》|r | Z111: 宗门兑换，击杀妖兽，秘境或遗迹可得 | AA111: 11321001 | AB111: 90001 | AC111: 40001 | AE111: 70001 | AG111: 186 | AH111: 材料 | AI111: 灵植 | AJ111: 筑基
B112: =10000000+INDEX(编号表!$B:$B,MATCH(F112,编号表!$A:$A,0))*100000+INDEX(编号表!$F:$F,MATCH(D112,编号表!$E:$E,0))*1000+INDEX(编号表!$D:$D,MATCH(E112,编号表!$C:$C,0))*10000+G112 -> 11321002 | C112: 足年青玉藤 | D112: 凡品 | E112: 筑基 | F112: 灵植臣 | G112: 2 | H112: 60 | I112: ="大类_"&D112&E112&F112 -> 大类_凡品筑基灵植臣 | J112: 子类_贵重品 | K112: 1 | L112: 灵植 | N112: 0 | O112: TRUE | Q112: FALSE | R112: 1 | S112: 无 | T112: 999 | U112: 功能_灵植 | V112: 31321002 | X112: 筑基境凡品臣材，五行属木，药性凉。单份药力1133，杂质408。 | Y112: |cff00FF00“青玉含木气，入药取其凉；藤虽柔，灵性自有脉络，不可只凭形色轻看。”——《五行灵植录》|r | Z112: 宗门兑换，击杀妖兽，秘境或遗迹可得 | AA112: 11321002 | AB112: 90001 | AC112: 40001 | AE112: 70001 | AG112: 186 | AH112: 材料 | AI112: 灵植 | AJ112: 筑基
B113: =10000000+INDEX(编号表!$B:$B,MATCH(F113,编号表!$A:$A,0))*100000+INDEX(编号表!$F:$F,MATCH(D113,编号表!$E:$E,0))*1000+INDEX(编号表!$D:$D,MATCH(E113,编号表!$C:$C,0))*10000+G113 -> 11321003 | C113: 足年翠叶藤 | D113: 凡品 | E113: 筑基 | F113: 灵植臣 | G113: 3 | H113: 60 | I113: ="大类_"&D113&E113&F113 -> 大类_凡品筑基灵植臣 | J113: 子类_贵重品 | K113: 1 | L113: 灵植 | N113: 0 | O113: TRUE | Q113: FALSE | R113: 1 | S113: 无 | T113: 999 | U113: 功能_灵植 | V113: 31321003 | X113: 筑基境凡品臣材，五行属木，药性热。单份药力1195，杂质980。 | Y113: |cff00FF00“翠叶青青，所藏却热；草木之色可观，草木之性仍须细辨。”——《山泽采药记》|r | Z113: 宗门兑换，击杀妖兽，秘境或遗迹可得 | AA113: 11321003 | AB113: 90001 | AC113: 40001 | AE113: 70001 | AG113: 172 | AH113: 材料 | AI113: 灵植 | AJ113: 筑基
B114: =10000000+INDEX(编号表!$B:$B,MATCH(F114,编号表!$A:$A,0))*100000+INDEX(编号表!$F:$F,MATCH(D114,编号表!$E:$E,0))*1000+INDEX(编号表!$D:$D,MATCH(E114,编号表!$C:$C,0))*10000+G114 -> 11321004 | C114: 足年寒潭藻 | D114: 凡品 | E114: 筑基 | F114: 灵植臣 | G114: 4 | H114: 60 | I114: ="大类_"&D114&E114&F114 -> 大类_凡品筑基灵植臣 | J114: 子类_贵重品 | K114: 1 | L114: 灵植 | N114: 0 | O114: TRUE | Q114: FALSE | R114: 1 | S114: 无 | T114: 999 | U114: 功能_灵植 | V114: 31321004 | X114: 筑基境凡品臣材，五行属水，药性凉。单份药力1195，杂质813。 | Y114: |cff00FF00“寒潭之藻，水行而凉；水是其行，凉是其性，二者各有用处。”——《五行灵植录》|r | Z114: 宗门兑换，击杀妖兽，秘境或遗迹可得 | AA114: 11321004 | AB114: 90001 | AC114: 40001 | AE114: 70001 | AG114: 176 | AH114: 材料 | AI114: 灵植 | AJ114: 筑基
B115: =10000000+INDEX(编号表!$B:$B,MATCH(F115,编号表!$A:$A,0))*100000+INDEX(编号表!$F:$F,MATCH(D115,编号表!$E:$E,0))*1000+INDEX(编号表!$D:$D,MATCH(E115,编号表!$C:$C,0))*10000+G115 -> 11321005 | C115: 足年沸泉苔 | D115: 凡品 | E115: 筑基 | F115: 灵植臣 | G115: 5 | H115: 60 | I115: ="大类_"&D115&E115&F115 -> 大类_凡品筑基灵植臣 | J115: 子类_贵重品 | K115: 1 | L115: 灵植 | N115: 0 | O115: TRUE | Q115: FALSE | R115: 1 | S115: 无 | T115: 999 | U115: 功能_灵植 | V115: 31321005 | X115: 筑基境凡品臣材，五行属水，药性极热。单份药力1236，杂质1014。 | Y115: |cff00FF00“沸泉苔含水行，药性却极热；生于深水之物，也未必可作寒药。”——《山泽采药记》|r | Z115: 宗门兑换，击杀妖兽，秘境或遗迹可得 | AA115: 11321005 | AB115: 90001 | AC115: 40001 | AE115: 70001 | AG115: 179 | AH115: 材料 | AI115: 灵植 | AJ115: 筑基
B116: =10000000+INDEX(编号表!$B:$B,MATCH(F116,编号表!$A:$A,0))*100000+INDEX(编号表!$F:$F,MATCH(D116,编号表!$E:$E,0))*1000+INDEX(编号表!$D:$D,MATCH(E116,编号表!$C:$C,0))*10000+G116 -> 11321006 | C116: 足年丹露花 | D116: 凡品 | E116: 筑基 | F116: 灵植臣 | G116: 6 | H116: 60 | I116: ="大类_"&D116&E116&F116 -> 大类_凡品筑基灵植臣 | J116: 子类_贵重品 | K116: 1 | L116: 灵植 | N116: 0 | O116: TRUE | Q116: FALSE | R116: 1 | S116: 无 | T116: 999 | U116: 功能_灵植 | V116: 31321006 | X116: 筑基境凡品臣材，五行属火，药性凉。单份药力1236，杂质347。 | Y116: |cff00FF00“丹露花属火而性凉，花名不可代药性；辨得火行与凉性，方算识此一株。”——《五行灵植录》|r | Z116: 宗门兑换，击杀妖兽，秘境或遗迹可得 | AA116: 11321006 | AB116: 90001 | AC116: 40001 | AE116: 70001 | AG116: 200 | AH116: 材料 | AI116: 灵植 | AJ116: 筑基
B117: =10000000+INDEX(编号表!$B:$B,MATCH(F117,编号表!$A:$A,0))*100000+INDEX(编号表!$F:$F,MATCH(D117,编号表!$E:$E,0))*1000+INDEX(编号表!$D:$D,MATCH(E117,编号表!$C:$C,0))*10000+G117 -> 11321007 | C117: 足年丹炎苔 | D117: 凡品 | E117: 筑基 | F117: 灵植臣 | G117: 7 | H117: 60 | I117: ="大类_"&D117&E117&F117 -> 大类_凡品筑基灵植臣 | J117: 子类_贵重品 | K117: 1 | L117: 灵植 | N117: 0 | O117: TRUE | Q117: FALSE | R117: 1 | S117: 无 | T117: 999 | U117: 功能_灵植 | V117: 31321007 | X117: 筑基境凡品臣材，五行属火，药性热。单份药力1195，杂质980。 | Y117: |cff00FF00“丹炎之苔，火行与热性相随；入炉当记其性，莫只贪一时药力。”——《山泽采药记》|r | Z117: 宗门兑换，击杀妖兽，秘境或遗迹可得 | AA117: 11321007 | AB117: 90001 | AC117: 40001 | AE117: 70001 | AG117: 172 | AH117: 材料 | AI117: 灵植 | AJ117: 筑基
B118: =10000000+INDEX(编号表!$B:$B,MATCH(F118,编号表!$A:$A,0))*100000+INDEX(编号表!$F:$F,MATCH(D118,编号表!$E:$E,0))*1000+INDEX(编号表!$D:$D,MATCH(E118,编号表!$C:$C,0))*10000+G118 -> 11321008 | C118: 足年白岩参 | D118: 凡品 | E118: 筑基 | F118: 灵植臣 | G118: 8 | H118: 60 | I118: ="大类_"&D118&E118&F118 -> 大类_凡品筑基灵植臣 | J118: 子类_贵重品 | K118: 1 | L118: 灵植 | N118: 0 | O118: TRUE | Q118: FALSE | R118: 1 | S118: 无 | T118: 999 | U118: 功能_灵植 | V118: 31321008 | X118: 筑基境凡品臣材，五行属土，药性寒。单份药力1195，杂质658。 | Y118: |cff00FF00“白岩参藏土行，药性偏寒；以土为臣，仍须把寒性一并计入。”——《五行灵植录》|r | Z118: 宗门兑换，击杀妖兽，秘境或遗迹可得 | AA118: 11321008 | AB118: 90001 | AC118: 40001 | AE118: 70001 | AG118: 179 | AH118: 材料 | AI118: 灵植 | AJ118: 筑基
B119: =10000000+INDEX(编号表!$B:$B,MATCH(F119,编号表!$A:$A,0))*100000+INDEX(编号表!$F:$F,MATCH(D119,编号表!$E:$E,0))*1000+INDEX(编号表!$D:$D,MATCH(E119,编号表!$C:$C,0))*10000+G119 -> 11321009 | C119: 足年厚元苔 | D119: 凡品 | E119: 筑基 | F119: 灵植臣 | G119: 9 | H119: 60 | I119: ="大类_"&D119&E119&F119 -> 大类_凡品筑基灵植臣 | J119: 子类_贵重品 | K119: 1 | L119: 灵植 | N119: 0 | O119: TRUE | Q119: FALSE | R119: 1 | S119: 无 | T119: 999 | U119: 功能_灵植 | V119: 31321009 | X119: 筑基境凡品臣材，五行属土，药性温。单份药力1133，杂质408。 | Y119: |cff00FF00“厚元藏土，药性偏温；苔身虽小，入炉亦占一味，不可草率相添。”——《山泽采药记》|r | Z119: 宗门兑换，击杀妖兽，秘境或遗迹可得 | AA119: 11321009 | AB119: 90001 | AC119: 40001 | AE119: 70001 | AG119: 186 | AH119: 材料 | AI119: 灵植 | AJ119: 筑基
B120: =10000000+INDEX(编号表!$B:$B,MATCH(F120,编号表!$A:$A,0))*100000+INDEX(编号表!$F:$F,MATCH(D120,编号表!$E:$E,0))*1000+INDEX(编号表!$D:$D,MATCH(E120,编号表!$C:$C,0))*10000+G120 -> 11521000 | C120: 足年霜辛草 | D120: 凡品 | E120: 筑基 | F120: 灵植使 | G120: 0 | H120: 60 | I120: ="大类_"&D120&E120&F120 -> 大类_凡品筑基灵植使 | J120: 子类_贵重品 | K120: 1 | L120: 灵植 | N120: 0 | O120: TRUE | Q120: FALSE | R120: 1 | S120: 无 | T120: 999 | U120: 功能_灵植 | V120: 31521000 | X120: 筑基境凡品使材，味辛，药性寒。单份药力1195，杂质658。 | Y120: |cff00FF00“霜辛草，辛中藏寒；药引先辨其味，再察其性，一叶也有入方的道理。”——《五味药引经》|r | Z120: 宗门兑换，击杀妖兽，秘境或遗迹可得 | AA120: 11521000 | AB120: 90001 | AC120: 40001 | AE120: 70001 | AG120: 179 | AH120: 材料 | AI120: 灵植 | AJ120: 筑基
... B1287: =10000000+INDEX(编号表!$B:$B,MATCH(F1287,编号表!$A:$A,0))*100000+INDEX(编号表!$F:$F,MATCH(D1287,编号表!$E:$E,0))*1000+INDEX(编号表!$D:$D,MATCH(E1287,编号表!$C:$C,0))*10000+G1287 -> 11923000 | C1287: 筑基玄阴涤元丹 | D1287: 玄品 | E1287: 筑基 | F1287: 丹药 | G1287: 0 | H1287: 60 | I1287: ="大类_"&D1287&E1287&F1287 -> 大类_玄品筑基丹药 | J1287: 子类_贵重品 | K1287: 1 | L1287: 丹药 | N1287: 0 | O1287: TRUE | Q1287: FALSE | R1287: 1 | S1287: 无 | T1287: 999 | U1287: 功能_丹药 | V1287: 31923000 | X1287: 筑基境玄品丹药，药性寒。缓缓化去修为丹毒。 | Y1287: |cff00FF00“丹田有滞，行功难安；解其所困，方可再问修途。寒剂之用，宜察其缓。”——《清浊洗丹录》|r | Z1287: 宗门兑换，击杀妖兽，秘境或遗迹可得 | AA1287: 11921000 | AB1287: 90003 | AC1287: 40003 | AE1287: 70003 | AG1287: 14884 | AH1287: 丹药 | AI1287: 丹药 | AJ1287: 筑基
B1288: =10000000+INDEX(编号表!$B:$B,MATCH(F1288,编号表!$A:$A,0))*100000+INDEX(编号表!$F:$F,MATCH(D1288,编号表!$E:$E,0))*1000+INDEX(编号表!$D:$D,MATCH(E1288,编号表!$C:$C,0))*10000+G1288 -> 11921001 | C1288: 筑基清和涤元丹 | D1288: 凡品 | E1288: 筑基 | F1288: 丹药 | G1288: =G1285+1 -> 1 | H1288: 60 | I1288: ="大类_"&D1288&E1288&F1288 -> 大类_凡品筑基丹药 | J1288: 子类_贵重品 | K1288: 1 | L1288: 丹药 | N1288: 0 | O1288: TRUE | Q1288: FALSE | R1288: 1 | S1288: 无 | T1288: 999 | U1288: 功能_丹药 | V1288: 31921001 | X1288: 筑基境凡品丹药，药性凉。逐步缓解突破失败后的虚弱。 | Y1288: |cff00FF00“丹田有滞，行功难安；解其所困，方可再问修途。凉剂之用，宜察其和。”——《清浊洗丹录》|r | Z1288: 宗门兑换，击杀妖兽，秘境或遗迹可得 | AA1288: 11921001 | AB1288: 90003 | AC1288: 40001 | AE1288: 70001 | AG1288: 4574 | AH1288: 丹药 | AI1288: 丹药 | AJ1288: 筑基
B1289: =10000000+INDEX(编号表!$B:$B,MATCH(F1289,编号表!$A:$A,0))*100000+INDEX(编号表!$F:$F,MATCH(D1289,编号表!$E:$E,0))*1000+INDEX(编号表!$D:$D,MATCH(E1289,编号表!$C:$C,0))*10000+G1289 -> 11922001 | C1289: 筑基清和涤元丹 | D1289: 灵品 | E1289: 筑基 | F1289: 丹药 | G1289: =G1286+1 -> 1 | H1289: 60 | I1289: ="大类_"&D1289&E1289&F1289 -> 大类_灵品筑基丹药 | J1289: 子类_贵重品 | K1289: 1 | L1289: 丹药 | N1289: 0 | O1289: TRUE | Q1289: FALSE | R1289: 1 | S1289: 无 | T1289: 999 | U1289: 功能_丹药 | V1289: 31922001 | X1289: 筑基境灵品丹药，药性凉。逐步缓解突破失败后的虚弱。 | Y1289: |cff00FF00“丹田有滞，行功难安；解其所困，方可再问修途。凉剂之用，宜察其和。”——《清浊洗丹录》|r | Z1289: 宗门兑换，击杀妖兽，秘境或遗迹可得 | AA1289: 11921001 | AB1289: 90003 | AC1289: 40002 | AE1289: 70002 | AG1289: 8233 | AH1289: 丹药 | AI1289: 丹药 | AJ1289: 筑基
B1290: =10000000+INDEX(编号表!$B:$B,MATCH(F1290,编号表!$A:$A,0))*100000+INDEX(编号表!$F:$F,MATCH(D1290,编号表!$E:$E,0))*1000+INDEX(编号表!$D:$D,MATCH(E1290,编号表!$C:$C,0))*10000+G1290 -> 11923001 | C1290: 筑基清和涤元丹 | D1290: 玄品 | E1290: 筑基 | F1290: 丹药 | G1290: =G1287+1 -> 1 | H1290: 60 | I1290: ="大类_"&D1290&E1290&F1290 -> 大类_玄品筑基丹药 | J1290: 子类_贵重品 | K1290: 1 | L1290: 丹药 | N1290: 0 | O1290: TRUE | Q1290: FALSE | R1290: 1 | S1290: 无 | T1290: 999 | U1290: 功能_丹药 | V1290: 31923001 | X1290: 筑基境玄品丹药，药性凉。逐步缓解突破失败后的虚弱。 | Y1290: |cff00FF00“丹田有滞，行功难安；解其所困，方可再问修途。凉剂之用，宜察其和。”——《清浊洗丹录》|r | Z1290: 宗门兑换，击杀妖兽，秘境或遗迹可得 | AA1290: 11921001 | AB1290: 90003 | AC1290: 40003 | AE1290: 70003 | AG1290: 14820 | AH1290: 丹药 | AI1290: 丹药 | AJ1290: 筑基
B1291: =10000000+INDEX(编号表!$B:$B,MATCH(F1291,编号表!$A:$A,0))*100000+INDEX(编号表!$F:$F,MATCH(D1291,编号表!$E:$E,0))*1000+INDEX(编号表!$D:$D,MATCH(E1291,编号表!$C:$C,0))*10000+G1291 -> 11921002 | C1291: 筑基涤元丹 | D1291: 凡品 | E1291: 筑基 | F1291: 丹药 | G1291: =G1288+1 -> 2 | H1291: 60 | I1291: ="大类_"&D1291&E1291&F1291 -> 大类_凡品筑基丹药 | J1291: 子类_贵重品 | K1291: 1 | L1291: 丹药 | N1291: 0 | O1291: TRUE | Q1291: FALSE | R1291: 1 | S1291: 无 | T1291: 999 | U1291: 功能_丹药 | V1291: 31921002 | X1291: 筑基境凡品丹药，药性平。化去丹田中的修为丹毒。 | Y1291: |cff00FF00“丹田有滞，行功难安；解其所困，方可再问修途。性平仍须辨其所用，不可泛服。”——《清浊洗丹录》|r | Z1291: 宗门兑换，击杀妖兽，秘境或遗迹可得 | AA1291: 11921002 | AB1291: 90003 | AC1291: 40001 | AE1291: 70001 | AG1291: 4282 | AH1291: 丹药 | AI1291: 丹药 | AJ1291: 筑基
B1292: =10000000+INDEX(编号表!$B:$B,MATCH(F1292,编号表!$A:$A,0))*100000+INDEX(编号表!$F:$F,MATCH(D1292,编号表!$E:$E,0))*1000+INDEX(编号表!$D:$D,MATCH(E1292,编号表!$C:$C,0))*10000+G1292 -> 11922002 | C1292: 筑基涤元丹 | D1292: 灵品 | E1292: 筑基 | F1292: 丹药 | G1292: =G1289+1 -> 2 | H1292: 60 | I1292: ="大类_"&D1292&E1292&F1292 -> 大类_灵品筑基丹药 | J1292: 子类_贵重品 | K1292: 1 | L1292: 丹药 | N1292: 0 | O1292: TRUE | Q1292: FALSE | R1292: 1 | S1292: 无 | T1292: 999 | U1292: 功能_丹药 | V1292: 31922002 | X1292: 筑基境灵品丹药，药性平。化去丹田中的修为丹毒。 | Y1292: |cff00FF00“丹田有滞，行功难安；解其所困，方可再问修途。性平仍须辨其所用，不可泛服。”——《清浊洗丹录》|r | Z1292: 宗门兑换，击杀妖兽，秘境或遗迹可得 | AA1292: 11921002 | AB1292: 90003 | AC1292: 40002 | AE1292: 70002 | AG1292: 7707 | AH1292: 丹药 | AI1292: 丹药 | AJ1292: 筑基
B1293: =10000000+INDEX(编号表!$B:$B,MATCH(F1293,编号表!$A:$A,0))*100000+INDEX(编号表!$F:$F,MATCH(D1293,编号表!$E:$E,0))*1000+INDEX(编号表!$D:$D,MATCH(E1293,编号表!$C:$C,0))*10000+G1293 -> 11923002 | C1293: 筑基涤元丹 | D1293: 玄品 | E1293: 筑基 | F1293: 丹药 | G1293: =G1290+1 -> 2 | H1293: 60 | I1293: ="大类_"&D1293&E1293&F1293 -> 大类_玄品筑基丹药 | J1293: 子类_贵重品 | K1293: 1 | L1293: 丹药 | N1293: 0 | O1293: TRUE | Q1293: FALSE | R1293: 1 | S1293: 无 | T1293: 999 | U1293: 功能_丹药 | V1293: 31923002 | X1293: 筑基境玄品丹药，药性平。化去丹田中的修为丹毒。 | Y1293: |cff00FF00“丹田有滞，行功难安；解其所困，方可再问修途。性平仍须辨其所用，不可泛服。”——《清浊洗丹录》|r | Z1293: 宗门兑换，击杀妖兽，秘境或遗迹可得 | AA1293: 11921002 | AB1293: 90003 | AC1293: 40003 | AE1293: 70003 | AG1293: 13874 | AH1293: 丹药 | AI1293: 丹药 | AJ1293: 筑基
B1294: =10000000+INDEX(编号表!$B:$B,MATCH(F1294,编号表!$A:$A,0))*100000+INDEX(编号表!$F:$F,MATCH(D1294,编号表!$E:$E,0))*1000+INDEX(编号表!$D:$D,MATCH(E1294,编号表!$C:$C,0))*10000+G1294 -> 11921003 | C1294: 筑基温阳涤元丹 | D1294: 凡品 | E1294: 筑基 | F1294: 丹药 | G1294: =G1291+1 -> 3 | H1294: 60 | I1294: ="大类_"&D1294&E1294&F1294 -> 大类_凡品筑基丹药 | J1294: 子类_贵重品 | K1294: 1 | L1294: 丹药 | N1294: 0 | O1294: TRUE | Q1294: FALSE | R1294: 1 | S1294: 无 | T1294: 999 | U1294: 功能_丹药 | V1294: 31921003 | X1294: 筑基境凡品丹药，药性温。缓解突破失败后的虚弱，帮助恢复修炼效率。 | Y1294: |cff00FF00“丹田有滞，行功难安；解其所困，方可再问修途。温剂自有其用，不可与平剂混论。”——《清浊洗丹录》|r | Z1294: 宗门兑换，击杀妖兽，秘境或遗迹可得 | AA1294: 11921003 | AB1294: 90003 | AC1294: 40001 | AE1294: 70001 | AG1294: 4414 | AH1294: 丹药 | AI1294: 丹药 | AJ1294: 筑基
B1295: =10000000+INDEX(编号表!$B:$B,MATCH(F1295,编号表!$A:$A,0))*100000+INDEX(编号表!$F:$F,MATCH(D1295,编号表!$E:$E,0))*1000+INDEX(编号表!$D:$D,MATCH(E1295,编号表!$C:$C,0))*10000+G1295 -> 11922003 | C1295: 筑基温阳涤元丹 | D1295: 灵品 | E1295: 筑基 | F1295: 丹药 | G1295: =G1292+1 -> 3 | H1295: 60 | I1295: ="大类_"&D1295&E1295&F1295 -> 大类_灵品筑基丹药 | J1295: 子类_贵重品 | K1295: 1 | L1295: 丹药 | N1295: 0 | O1295: TRUE | Q1295: FALSE | R1295: 1 | S1295: 无 | T1295: 999 | U1295: 功能_丹药 | V1295: 31922003 | X1295: 筑基境灵品丹药，药性温。缓解突破失败后的虚弱，帮助恢复修炼效率。 | Y1295: |cff00FF00“丹田有滞，行功难安；解其所困，方可再问修途。温剂自有其用，不可与平剂混论。”——《清浊洗丹录》|r | Z1295: 宗门兑换，击杀妖兽，秘境或遗迹可得 | AA1295: 11921003 | AB1295: 90003 | AC1295: 40002 | AE1295: 70002 | AG1295: 7946 | AH1295: 丹药 | AI1295: 丹药 | AJ1295: 筑基
B1296: =10000000+INDEX(编号表!$B:$B,MATCH(F1296,编号表!$A:$A,0))*100000+INDEX(编号表!$F:$F,MATCH(D1296,编号表!$E:$E,0))*1000+INDEX(编号表!$D:$D,MATCH(E1296,编号表!$C:$C,0))*10000+G1296 -> 11923003 | C1296: 筑基温阳涤元丹 | D1296: 玄品 | E1296: 筑基 | F1296: 丹药 | G1296: =G1293+1 -> 3 | H1296: 60 | I1296: ="大类_"&D1296&E1296&F1296 -> 大类_玄品筑基丹药 | J1296: 子类_贵重品 | K1296: 1 | L1296: 丹药 | N1296: 0 | O1296: TRUE | Q1296: FALSE | R1296: 1 | S1296: 无 | T1296: 999 | U1296: 功能_丹药 | V1296: 31923003 | X1296: 筑基境玄品丹药，药性温。缓解突破失败后的虚弱，帮助恢复修炼效率。 | Y1296: |cff00FF00“丹田有滞，行功难安；解其所困，方可再问修途。温剂自有其用，不可与平剂混论。”——《清浊洗丹录》|r | Z1296: 宗门兑换，击杀妖兽，秘境或遗迹可得 | AA1296: 11921003 | AB1296: 90003 | AC1296: 40003 | AE1296: 70003 | AG1296: 14302 | AH1296: 丹药 | AI1296: 丹药 | AJ1296: 筑基
B1297: =10000000+INDEX(编号表!$B:$B,MATCH(F1297,编号表!$A:$A,0))*100000+INDEX(编号表!$F:$F,MATCH(D1297,编号表!$E:$E,0))*1000+INDEX(编号表!$D:$D,MATCH(E1297,编号表!$C:$C,0))*10000+G1297 -> 11921004 | C1297: 筑基烈阳涤元丹 | D1297: 凡品 | E1297: 筑基 | F1297: 丹药 | G1297: =G1294+1 -> 4 | H1297: 60 | I1297: ="大类_"&D1297&E1297&F1297 -> 大类_凡品筑基丹药 | J1297: 子类_贵重品 | K1297: 1 | L1297: 丹药 | N1297: 0 | O1297: TRUE | Q1297: FALSE | R1297: 1 | S1297: 无 | T1297: 999 | U1297: 功能_丹药 | V1297: 31921004 | X1297: 筑基境凡品丹药，药性热。强行驱散突破虚弱，但会引起丹田震荡。 | Y1297: |cff00FF00“丹田有滞，行功难安；解其所困，方可再问修途。热剂药势须细察，切莫一味求猛。”——《清浊洗丹录》|r | Z1297: 宗门兑换，击杀妖兽，秘境或遗迹可得 | AA1297: 11921004 | AB1297: 90003 | AC1297: 40001 | AE1297: 70001 | AG1297: 4445 | AH1297: 丹药 | AI1297: 丹药 | AJ1297: 筑基
B1298: =10000000+INDEX(编号表!$B:$B,MATCH(F1298,编号表!$A:$A,0))*100000+INDEX(编号表!$F:$F,MATCH(D1298,编号表!$E:$E,0))*1000+INDEX(编号表!$D:$D,MATCH(E1298,编号表!$C:$C,0))*10000+G1298 -> 11922004 | C1298: 筑基烈阳涤元丹 | D1298: 灵品 | E1298: 筑基 | F1298: 丹药 | G1298: =G1295+1 -> 4 | H1298: 60 | I1298: ="大类_"&D1298&E1298&F1298 -> 大类_灵品筑基丹药 | J1298: 子类_贵重品 | K1298: 1 | L1298: 丹药 | N1298: 0 | O1298: TRUE | Q1298: FALSE | R1298: 1 | S1298: 无 | T1298: 999 | U1298: 功能_丹药 | V1298: 31922004 | X1298: 筑基境灵品丹药，药性热。强行驱散突破虚弱，但会引起丹田震荡。 | Y1298: |cff00FF00“丹田有滞，行功难安；解其所困，方可再问修途。热剂药势须细察，切莫一味求猛。”——《清浊洗丹录》|r | Z1298: 宗门兑换，击杀妖兽，秘境或遗迹可得 | AA1298: 11921004 | AB1298: 90003 | AC1298: 40002 | AE1298: 70002 | AG1298: 8001 | AH1298: 丹药 | AI1298: 丹药 | AJ1298: 筑基
B1299: =10000000+INDEX(编号表!$B:$B,MATCH(F1299,编号表!$A:$A,0))*100000+INDEX(编号表!$F:$F,MATCH(D1299,编号表!$E:$E,0))*1000+INDEX(编号表!$D:$D,MATCH(E1299,编号表!$C:$C,0))*10000+G1299 -> 11923004 | C1299: 筑基烈阳涤元丹 | D1299: 玄品 | E1299: 筑基 | F1299: 丹药 | G1299: =G1296+1 -> 4 | H1299: 60 | I1299: ="大类_"&D1299&E1299&F1299 -> 大类_玄品筑基丹药 | J1299: 子类_贵重品 | K1299: 1 | L1299: 丹药 | N1299: 0 | O1299: TRUE | Q1299: FALSE | R1299: 1 | S1299: 无 | T1299: 999 | U1299: 功能_丹药 | V1299: 31923004 | X1299: 筑基境玄品丹药，药性热。强行驱散突破虚弱，但会引起丹田震荡。 | Y1299: |cff00FF00“丹田有滞，行功难安；解其所困，方可再问修途。热剂药势须细察，切莫一味求猛。”——《清浊洗丹录》|r | Z1299: 宗门兑换，击杀妖兽，秘境或遗迹可得 | AA1299: 11921004 | AB1299: 90003 | AC1299: 40003 | AE1299: 70003 | AG1299: 14403 | AH1299: 丹药 | AI1299: 丹药 | AJ1299: 筑基
B1300: =10000000+INDEX(编号表!$B:$B,MATCH(F1300,编号表!$A:$A,0))*100000+INDEX(编号表!$F:$F,MATCH(D1300,编号表!$E:$E,0))*1000+INDEX(编号表!$D:$D,MATCH(E1300,编号表!$C:$C,0))*10000+G1300 -> 11921005 | C1300: 筑基玄阴破境丹 | D1300: 凡品 | E1300: 筑基 | F1300: 丹药 | G1300: =G1297+1 -> 5 | H1300: 60 | I1300: ="大类_"&D1300&E1300&F1300 -> 大类_凡品筑基丹药 | J1300: 子类_贵重品 | K1300: 1 | L1300: 丹药 | N1300: 0 | O1300: TRUE | Q1300: FALSE | R1300: 1 | S1300: 无 | T1300: 999 | U1300: 功能_突破丹 | V1300: 31921005 | X1300: 筑基境凡品丹药，药性寒。用于筑基境大境界突破的必需材料。 | Y1300: |cff00FF00“玄关之前，丹可相助，道仍自修；莫将一炉药香认作破境之声。寒剂之用，宜察其缓。”——《玄关问道篇》|r | Z1300: 宗门兑换，击杀妖兽，秘境或遗迹可得 | AA1300: 11921005 | AB1300: 90003 | AC1300: 40001 | AE1300: 70001 | AG1300: 4554 | AH1300: 丹药 | AI1300: 丹药 | AJ1300: 筑基 | AL1300: 1
B1301: =10000000+INDEX(编号表!$B:$B,MATCH(F1301,编号表!$A:$A,0))*100000+INDEX(编号表!$F:$F,MATCH(D1301,编号表!$E:$E,0))*1000+INDEX(编号表!$D:$D,MATCH(E1301,编号表!$C:$C,0))*10000+G1301 -> 11922005 | C1301: 筑基玄阴破境丹 | D1301: 灵品 | E1301: 筑基 | F1301: 丹药 | G1301: =G1298+1 -> 5 | H1301: 60 | I1301: ="大类_"&D1301&E1301&F1301 -> 大类_灵品筑基丹药 | J1301: 子类_贵重品 | K1301: 1 | L1301: 丹药 | N1301: 0 | O1301: TRUE | Q1301: FALSE | R1301: 1 | S1301: 无 | T1301: 999 | U1301: 功能_突破丹 | V1301: 31922005 | X1301: 筑基境灵品丹药，药性寒。在筑基境突破时额外服用，增加本次突破几率。每次突破最多额外服用1枚；丹毒过高时加成减半，满池不可服用。 | Y1301: |cff00FF00“玄关之前，丹可相助，道仍自修；莫将一炉药香认作破境之声。寒剂之用，宜察其缓。”——《玄关问道篇》|r | Z1301: 宗门兑换，击杀妖兽，秘境或遗迹可得 | AA1301: 11921005 | AB1301: 90003 | AC1301: 40002 | AE1301: 70002 | AG1301: 8197 | AH1301: 丹药 | AI1301: 丹药 | AJ1301: 筑基 | AL1301: 1
B1302: =10000000+INDEX(编号表!$B:$B,MATCH(F1302,编号表!$A:$A,0))*100000+INDEX(编号表!$F:$F,MATCH(D1302,编号表!$E:$E,0))*1000+INDEX(编号表!$D:$D,MATCH(E1302,编号表!$C:$C,0))*10000+G1302 -> 11923005 | C1302: 筑基玄阴破境丹 | D1302: 玄品 | E1302: 筑基 | F1302: 丹药 | G1302: =G1299+1 -> 5 | H1302: 60 | I1302: ="大类_"&D1302&E1302&F1302 -> 大类_玄品筑基丹药 | J1302: 子类_贵重品 | K1302: 1 | L1302: 丹药 | N1302: 0 | O1302: TRUE | Q1302: FALSE | R1302: 1 | S1302: 无 | T1302: 999 | U1302: 功能_突破丹 | V1302: 31923005 | X1302: 筑基境玄品丹药，药性寒。在筑基境突破时额外服用，增加本次突破几率。每次突破最多额外服用1枚；丹毒过高时加成减半，满池不可服用。 | Y1302: |cff00FF00“玄关之前，丹可相助，道仍自修；莫将一炉药香认作破境之声。寒剂之用，宜察其缓。”——《玄关问道篇》|r | Z1302: 宗门兑换，击杀妖兽，秘境或遗迹可得 | AA1302: 11921005 | AB1302: 90003 | AC1302: 40003 | AE1302: 70003 | AG1302: 14754 | AH1302: 丹药 | AI1302: 丹药 | AJ1302: 筑基 | AL1302: 1
B1303: =10000000+INDEX(编号表!$B:$B,MATCH(F1303,编号表!$A:$A,0))*100000+INDEX(编号表!$F:$F,MATCH(D1303,编号表!$E:$E,0))*1000+INDEX(编号表!$D:$D,MATCH(E1303,编号表!$C:$C,0))*10000+G1303 -> 11921006 | C1303: 筑基清和破境丹 | D1303: 凡品 | E1303: 筑基 | F1303: 丹药 | G1303: =G1300+1 -> 6 | H1303: 60 | I1303: ="大类_"&D1303&E1303&F1303 -> 大类_凡品筑基丹药 | J1303: 子类_贵重品 | K1303: 1 | L1303: 丹药 | N1303: 0 | O1303: TRUE | Q1303: FALSE | R1303: 1 | S1303: 无 | T1303: 999 | U1303: 功能_突破丹 | V1303: 31921006 | X1303: 筑基境凡品丹药，药性凉。用于筑基境小境界突破的必需材料。 | Y1303: |cff00FF00“玄关之前，丹可相助，道仍自修；莫将一炉药香认作破境之声。凉剂之用，宜察其和。”——《玄关问道篇》|r | Z1303: 宗门兑换，击杀妖兽，秘境或遗迹可得 | AA1303: 11921006 | AB1303: 90003 | AC1303: 40001 | AE1303: 70001 | AG1303: 4558 | AH1303: 丹药 | AI1303: 丹药 | AJ1303: 筑基 | AL1303: 1
B1304: =10000000+INDEX(编号表!$B:$B,MATCH(F1304,编号表!$A:$A,0))*100000+INDEX(编号表!$F:$F,MATCH(D1304,编号表!$E:$E,0))*1000+INDEX(编号表!$D:$D,MATCH(E1304,编号表!$C:$C,0))*10000+G1304 -> 11922006 | C1304: 筑基清和破境丹 | D1304: 灵品 | E1304: 筑基 | F1304: 丹药 | G1304: =G1301+1 -> 6 | H1304: 60 | I1304: ="大类_"&D1304&E1304&F1304 -> 大类_灵品筑基丹药 | J1304: 子类_贵重品 | K1304: 1 | L1304: 丹药 | N1304: 0 | O1304: TRUE | Q1304: FALSE | R1304: 1 | S1304: 无 | T1304: 999 | U1304: 功能_突破丹 | V1304: 31922006 | X1304: 筑基境灵品丹药，药性凉。在筑基境突破时额外服用，增加本次突破几率。每次突破最多额外服用1枚；丹毒过高时加成减半，满池不可服用。 | Y1304: |cff00FF00“玄关之前，丹可相助，道仍自修；莫将一炉药香认作破境之声。凉剂之用，宜察其和。”——《玄关问道篇》|r | Z1304: 宗门兑换，击杀妖兽，秘境或遗迹可得 | AA1304: 11921006 | AB1304: 90003 | AC1304: 40002 | AE1304: 70002 | AG1304: 8204 | AH1304: 丹药 | AI1304: 丹药 | AJ1304: 筑基 | AL1304: 1
B1305: =10000000+INDEX(编号表!$B:$B,MATCH(F1305,编号表!$A:$A,0))*100000+INDEX(编号表!$F:$F,MATCH(D1305,编号表!$E:$E,0))*1000+INDEX(编号表!$D:$D,MATCH(E1305,编号表!$C:$C,0))*10000+G1305 -> 11923006 | C1305: 筑基清和破境丹 | D1305: 玄品 | E1305: 筑基 | F1305: 丹药 | G1305: =G1302+1 -> 6 | H1305: 60 | I1305: ="大类_"&D1305&E1305&F1305 -> 大类_玄品筑基丹药 | J1305: 子类_贵重品 | K1305: 1 | L1305: 丹药 | N1305: 0 | O1305: TRUE | Q1305: FALSE | R1305: 1 | S1305: 无 | T1305: 999 | U1305: 功能_突破丹 | V1305: 31923006 | X1305: 筑基境玄品丹药，药性凉。在筑基境突破时额外服用，增加本次突破几率。每次突破最多额外服用1枚；丹毒过高时加成减半，满池不可服用。 | Y1305: |cff00FF00“玄关之前，丹可相助，道仍自修；莫将一炉药香认作破境之声。凉剂之用，宜察其和。”——《玄关问道篇》|r | Z1305: 宗门兑换，击杀妖兽，秘境或遗迹可得 | AA1305: 11921006 | AB1305: 90003 | AC1305: 40003 | AE1305: 70003 | AG1305: 14768 | AH1305: 丹药 | AI1305: 丹药 | AJ1305: 筑基 | AL1305: 1
B1306: =10000000+INDEX(编号表!$B:$B,MATCH(F1306,编号表!$A:$A,0))*100000+INDEX(编号表!$F:$F,MATCH(D1306,编号表!$E:$E,0))*1000+INDEX(编号表!$D:$D,MATCH(E1306,编号表!$C:$C,0))*10000+G1306 -> 11921007 | C1306: 筑基丹 | D1306: 凡品 | E1306: 筑基 | F1306: 丹药 | G1306: =G1303+1 -> 7 | H1306: 60 | I1306: ="大类_"&D1306&E1306&F1306 -> 大类_凡品筑基丹药 | J1306: 子类_贵重品 | K1306: 1 | L1306: 丹药 | N1306: 0 | O1306: TRUE | Q1306: FALSE | R1306: 1 | S1306: 无 | T1306: 999 | U1306: 功能_突破丹 | V1306: 31921007 | X1306: 筑基境凡品丹药，药性平。用于突破。 | Y1306: |cff00FF00“玄关之前，丹可相助，道仍自修；莫将一炉药香认作破境之声。性平仍须辨其所用，不可泛服。”——《玄关问道篇》|r | Z1306: 宗门兑换，击杀妖兽，秘境或遗迹可得 | AA1306: 11921007 | AB1306: 90003 | AC1306: 40001 | AE1306: 70001 | AG1306: 4565 | AH1306: 丹药 | AI1306: 丹药 | AJ1306: 筑基 | AL1306: 1
B1307: =10000000+INDEX(编号表!$B:$B,MATCH(F1307,编号表!$A:$A,0))*100000+INDEX(编号表!$F:$F,MATCH(D1307,编号表!$E:$E,0))*1000+INDEX(编号表!$D:$D,MATCH(E1307,编号表!$C:$C,0))*10000+G1307 -> 11922007 | C1307: 筑基丹 | D1307: 灵品 | E1307: 筑基 | F1307: 丹药 | G1307: =G1304+1 -> 7 | H1307: 60 | I1307: ="大类_"&D1307&E1307&F1307 -> 大类_灵品筑基丹药 | J1307: 子类_贵重品 | K1307: 1 | L1307: 丹药 | N1307: 0 | O1307: TRUE | Q1307: FALSE | R1307: 1 | S1307: 无 | T1307: 999 | U1307: 功能_突破丹 | V1307: 31922007 | X1307: 筑基境灵品丹药，药性平。在筑基境突破，或炼气突破至筑基时额外服用，增加本次突破几率。每次突破最多额外服用1枚；丹毒过高时加成减半，满池不可服用。 | Y1307: |cff00FF00“玄关之前，丹可相助，道仍自修；莫将一炉药香认作破境之声。性平仍须辨其所用，不可泛服。”——《玄关问道篇》|r | Z1307: 宗门兑换，击杀妖兽，秘境或遗迹可得 | AA1307: 11921007 | AB1307: 90003 | AC1307: 40002 | AE1307: 70002 | AG1307: 8217 | AH1307: 丹药 | AI1307: 丹药 | AJ1307: 筑基 | AL1307: 1
B1308: =10000000+INDEX(编号表!$B:$B,MATCH(F1308,编号表!$A:$A,0))*100000+INDEX(编号表!$F:$F,MATCH(D1308,编号表!$E:$E,0))*1000+INDEX(编号表!$D:$D,MATCH(E1308,编号表!$C:$C,0))*10000+G1308 -> 11923007 | C1308: 筑基丹 | D1308: 玄品 | E1308: 筑基 | F1308: 丹药 | G1308: =G1305+1 -> 7 | H1308: 60 | I1308: ="大类_"&D1308&E1308&F1308 -> 大类_玄品筑基丹药 | J1308: 子类_贵重品 | K1308: 1 | L1308: 丹药 | N1308: 0 | O1308: TRUE | Q1308: FALSE | R1308: 1 | S1308: 无 | T1308: 999 | U1308: 功能_突破丹 | V1308: 31923007 | X1308: 筑基境玄品丹药，药性平。在筑基境突破，或炼气突破至筑基时额外服用，增加本次突破几率。每次突破最多额外服用1枚；丹毒过高时加成减半，满池不可服用。 | Y1308: |cff00FF00“玄关之前，丹可相助，道仍自修；莫将一炉药香认作破境之声。性平仍须辨其所用，不可泛服。”——《玄关问道篇》|r | Z1308: 宗门兑换，击杀妖兽，秘境或遗迹可得 | AA1308: 11921007 | AB1308: 90003 | AC1308: 40003 | AE1308: 70003 | AG1308: 14791 | AH1308: 丹药 | AI1308: 丹药 | AJ1308: 筑基 | AL1308: 1
B1309: =10000000+INDEX(编号表!$B:$B,MATCH(F1309,编号表!$A:$A,0))*100000+INDEX(编号表!$F:$F,MATCH(D1309,编号表!$E:$E,0))*1000+INDEX(编号表!$D:$D,MATCH(E1309,编号表!$C:$C,0))*10000+G1309 -> 11921008 | C1309: 筑基温阳破境丹 | D1309: 凡品 | E1309: 筑基 | F1309: 丹药 | G1309: =G1306+1 -> 8 | H1309: 60 | I1309: ="大类_"&D1309&E1309&F1309 -> 大类_凡品筑基丹药 | J1309: 子类_贵重品 | K1309: 1 | L1309: 丹药 | N1309: 0 | O1309: TRUE | Q1309: FALSE | R1309: 1 | S1309: 无 | T1309: 999 | U1309: 功能_突破丹 | V1309: 31921008 | X1309: 筑基境凡品丹药，药性温。用于筑基境小境界突破的必需材料。 | Y1309: |cff00FF00“玄关之前，丹可相助，道仍自修；莫将一炉药香认作破境之声。温剂自有其用，不可与平剂混论。”——《玄关问道篇》|r | Z1309: 宗门兑换，击杀妖兽，秘境或遗迹可得 | AA1309: 11921008 | AB1309: 90003 | AC1309: 40001 | AE1309: 70001 | AG1309: 4314 | AH1309: 丹药 | AI1309: 丹药 | AJ1309: 筑基 | AL1309: 1
B1310: =10000000+INDEX(编号表!$B:$B,MATCH(F1310,编号表!$A:$A,0))*100000+INDEX(编号表!$F:$F,MATCH(D1310,编号表!$E:$E,0))*1000+INDEX(编号表!$D:$D,MATCH(E1310,编号表!$C:$C,0))*10000+G1310 -> 11922008 | C1310: 筑基温阳破境丹 | D1310: 灵品 | E1310: 筑基 | F1310: 丹药 | G1310: =G1307+1 -> 8 | H1310: 60 | I1310: ="大类_"&D1310&E1310&F1310 -> 大类_灵品筑基丹药 | J1310: 子类_贵重品 | K1310: 1 | L1310: 丹药 | N1310: 0 | O1310: TRUE | Q1310: FALSE | R1310: 1 | S1310: 无 | T1310: 999 | U1310: 功能_突破丹 | V1310: 31922008 | X1310: 筑基境灵品丹药，药性温。在筑基境突破时额外服用，增加本次突破几率。每次突破最多额外服用1枚；丹毒过高时加成减半，满池不可服用。 | Y1310: |cff00FF00“玄关之前，丹可相助，道仍自修；莫将一炉药香认作破境之声。温剂自有其用，不可与平剂混论。”——《玄关问道篇》|r | Z1310: 宗门兑换，击杀妖兽，秘境或遗迹可得 | AA1310: 11921008 | AB1310: 90003 | AC1310: 40002 | AE1310: 70002 | AG1310: 7766 | AH1310: 丹药 | AI1310: 丹药 | AJ1310: 筑基 | AL1310: 1
B1311: =10000000+INDEX(编号表!$B:$B,MATCH(F1311,编号表!$A:$A,0))*100000+INDEX(编号表!$F:$F,MATCH(D1311,编号表!$E:$E,0))*1000+INDEX(编号表!$D:$D,MATCH(E1311,编号表!$C:$C,0))*10000+G1311 -> 11923008 | C1311: 筑基温阳破境丹 | D1311: 玄品 | E1311: 筑基 | F1311: 丹药 | G1311: =G1308+1 -> 8 | H1311: 60 | I1311: ="大类_"&D1311&E1311&F1311 -> 大类_玄品筑基丹药 | J1311: 子类_贵重品 | K1311: 1 | L1311: 丹药 | N1311: 0 | O1311: TRUE | Q1311: FALSE | R1311: 1 | S1311: 无 | T1311: 999 | U1311: 功能_突破丹 | V1311: 31923008 | X1311: 筑基境玄品丹药，药性温。在筑基境突破时额外服用，增加本次突破几率。每次突破最多额外服用1枚；丹毒过高时加成减半，满池不可服用。 | Y1311: |cff00FF00“玄关之前，丹可相助，道仍自修；莫将一炉药香认作破境之声。温剂自有其用，不可与平剂混论。”——《玄关问道篇》|r | Z1311: 宗门兑换，击杀妖兽，秘境或遗迹可得 | AA1311: 11921008 | AB1311: 90003 | AC1311: 40003 | AE1311: 70003 | AG1311: 13979 | AH1311: 丹药 | AI1311: 丹药 | AJ1311: 筑基 | AL1311: 1
... B1314: =10000000+INDEX(编号表!$B:$B,MATCH(F1314,编号表!$A:$A,0))*100000+INDEX(编号表!$F:$F,MATCH(D1314,编号表!$E:$E,0))*1000+INDEX(编号表!$D:$D,MATCH(E1314,编号表!$C:$C,0))*10000+G1314 -> 11923009 | C1314: 筑基烈阳破境丹 | D1314: 玄品 | E1314: 筑基 | F1314: 丹药 | G1314: =G1311+1 -> 9 | H1314: 60 | I1314: ="大类_"&D1314&E1314&F1314 -> 大类_玄品筑基丹药 | J1314: 子类_贵重品 | K1314: 1 | L1314: 丹药 | N1314: 0 | O1314: TRUE | Q1314: FALSE | R1314: 1 | S1314: 无 | T1314: 999 | U1314: 功能_突破丹 | V1314: 31923009 | X1314: 筑基境玄品丹药，药性热。在筑基境突破时额外服用，增加本次突破几率。每次突破最多额外服用1枚；丹毒过高时加成减半，满池不可服用。 | Y1314: |cff00FF00“玄关之前，丹可相助，道仍自修；莫将一炉药香认作破境之声。热剂药势须细察，切莫一味求猛。”——《玄关问道篇》|r | Z1314: 宗门兑换，击杀妖兽，秘境或遗迹可得 | AA1314: 11921009 | AB1314: 90003 | AC1314: 40003 | AE1314: 70003 | AG1314: 14632 | AH1314: 丹药 | AI1314: 丹药 | AJ1314: 筑基 | AL1314: 1
B1315: =10000000+INDEX(编号表!$B:$B,MATCH(F1315,编号表!$A:$A,0))*100000+INDEX(编号表!$F:$F,MATCH(D1315,编号表!$E:$E,0))*1000+INDEX(编号表!$D:$D,MATCH(E1315,编号表!$C:$C,0))*10000+G1315 -> 11921010 | C1315: 筑基玄阴纳灵丹 | D1315: 凡品 | E1315: 筑基 | F1315: 丹药 | G1315: =G1312+1 -> 10 | H1315: 60 | I1315: ="大类_"&D1315&E1315&F1315 -> 大类_凡品筑基丹药 | J1315: 子类_贵重品 | K1315: 1 | L1315: 丹药 | N1315: 0 | O1315: TRUE | Q1315: FALSE | R1315: 1 | S1315: 无 | T1315: 999 | U1315: 功能_丹药 | V1315: 31921010 | X1315: 筑基境凡品丹药，药性寒。缓缓吸纳灵气，供后续修炼所用。 | Y1315: |cff00FF00“纳灵须识来处，藏气须有归处；外灵入体，修途方添薪火。寒剂之用，宜察其缓。”——《丹田养真经》|r | Z1315: 宗门兑换，击杀妖兽，秘境或遗迹可得 | AA1315: 11921010 | AB1315: 90003 | AC1315: 40001 | AE1315: 70001 | AG1315: 4619 | AH1315: 丹药 | AI1315: 丹药 | AJ1315: 筑基
B1316: =10000000+INDEX(编号表!$B:$B,MATCH(F1316,编号表!$A:$A,0))*100000+INDEX(编号表!$F:$F,MATCH(D1316,编号表!$E:$E,0))*1000+INDEX(编号表!$D:$D,MATCH(E1316,编号表!$C:$C,0))*10000+G1316 -> 11922010 | C1316: 筑基玄阴纳灵丹 | D1316: 灵品 | E1316: 筑基 | F1316: 丹药 | G1316: =G1313+1 -> 10 | H1316: 60 | I1316: ="大类_"&D1316&E1316&F1316 -> 大类_灵品筑基丹药 | J1316: 子类_贵重品 | K1316: 1 | L1316: 丹药 | N1316: 0 | O1316: TRUE | Q1316: FALSE | R1316: 1 | S1316: 无 | T1316: 999 | U1316: 功能_丹药 | V1316: 31922010 | X1316: 筑基境灵品丹药，药性寒。缓缓吸纳灵气，供后续修炼所用。 | Y1316: |cff00FF00“纳灵须识来处，藏气须有归处；外灵入体，修途方添薪火。寒剂之用，宜察其缓。”——《丹田养真经》|r | Z1316: 宗门兑换，击杀妖兽，秘境或遗迹可得 | AA1316: 11921010 | AB1316: 90003 | AC1316: 40002 | AE1316: 70002 | AG1316: 8315 | AH1316: 丹药 | AI1316: 丹药 | AJ1316: 筑基
B1317: =10000000+INDEX(编号表!$B:$B,MATCH(F1317,编号表!$A:$A,0))*100000+INDEX(编号表!$F:$F,MATCH(D1317,编号表!$E:$E,0))*1000+INDEX(编号表!$D:$D,MATCH(E1317,编号表!$C:$C,0))*10000+G1317 -> 11923010 | C1317: 筑基玄阴纳灵丹 | D1317: 玄品 | E1317: 筑基 | F1317: 丹药 | G1317: =G1314+1 -> 10 | H1317: 60 | I1317: ="大类_"&D1317&E1317&F1317 -> 大类_玄品筑基丹药 | J1317: 子类_贵重品 | K1317: 1 | L1317: 丹药 | N1317: 0 | O1317: TRUE | Q1317: FALSE | R1317: 1 | S1317: 无 | T1317: 999 | U1317: 功能_丹药 | V1317: 31923010 | X1317: 筑基境玄品丹药，药性寒。缓缓吸纳灵气，供后续修炼所用。 | Y1317: |cff00FF00“纳灵须识来处，藏气须有归处；外灵入体，修途方添薪火。寒剂之用，宜察其缓。”——《丹田养真经》|r | Z1317: 宗门兑换，击杀妖兽，秘境或遗迹可得 | AA1317: 11921010 | AB1317: 90003 | AC1317: 40003 | AE1317: 70003 | AG1317: 14967 | AH1317: 丹药 | AI1317: 丹药 | AJ1317: 筑基
B1318: =10000000+INDEX(编号表!$B:$B,MATCH(F1318,编号表!$A:$A,0))*100000+INDEX(编号表!$F:$F,MATCH(D1318,编号表!$E:$E,0))*1000+INDEX(编号表!$D:$D,MATCH(E1318,编号表!$C:$C,0))*10000+G1318 -> 11921011 | C1318: 筑基清和纳灵丹 | D1318: 凡品 | E1318: 筑基 | F1318: 丹药 | G1318: =G1315+1 -> 11 | H1318: 60 | I1318: ="大类_"&D1318&E1318&F1318 -> 大类_凡品筑基丹药 | J1318: 子类_贵重品 | K1318: 1 | L1318: 丹药 | N1318: 0 | O1318: TRUE | Q1318: FALSE | R1318: 1 | S1318: 无 | T1318: 999 | U1318: 功能_丹药 | V1318: 31921011 | X1318: 筑基境凡品丹药，药性凉。帮助持续吸收灵气。 | Y1318: |cff00FF00“纳灵须识来处，藏气须有归处；外灵入体，修途方添薪火。凉剂之用，宜察其和。”——《丹田养真经》|r | Z1318: 宗门兑换，击杀妖兽，秘境或遗迹可得 | AA1318: 11921011 | AB1318: 90003 | AC1318: 40001 | AE1318: 70001 | AG1318: 4588 | AH1318: 丹药 | AI1318: 丹药 | AJ1318: 筑基
B1319: =10000000+INDEX(编号表!$B:$B,MATCH(F1319,编号表!$A:$A,0))*100000+INDEX(编号表!$F:$F,MATCH(D1319,编号表!$E:$E,0))*1000+INDEX(编号表!$D:$D,MATCH(E1319,编号表!$C:$C,0))*10000+G1319 -> 11922011 | C1319: 筑基清和纳灵丹 | D1319: 灵品 | E1319: 筑基 | F1319: 丹药 | G1319: =G1316+1 -> 11 | H1319: 60 | I1319: ="大类_"&D1319&E1319&F1319 -> 大类_灵品筑基丹药 | J1319: 子类_贵重品 | K1319: 1 | L1319: 丹药 | N1319: 0 | O1319: TRUE | Q1319: FALSE | R1319: 1 | S1319: 无 | T1319: 999 | U1319: 功能_丹药 | V1319: 31922011 | X1319: 筑基境灵品丹药，药性凉。帮助持续吸收灵气。 | Y1319: |cff00FF00“纳灵须识来处，藏气须有归处；外灵入体，修途方添薪火。凉剂之用，宜察其和。”——《丹田养真经》|r | Z1319: 宗门兑换，击杀妖兽，秘境或遗迹可得 | AA1319: 11921011 | AB1319: 90003 | AC1319: 40002 | AE1319: 70002 | AG1319: 8259 | AH1319: 丹药 | AI1319: 丹药 | AJ1319: 筑基
B1320: =10000000+INDEX(编号表!$B:$B,MATCH(F1320,编号表!$A:$A,0))*100000+INDEX(编号表!$F:$F,MATCH(D1320,编号表!$E:$E,0))*1000+INDEX(编号表!$D:$D,MATCH(E1320,编号表!$C:$C,0))*10000+G1320 -> 11923011 | C1320: 筑基清和纳灵丹 | D1320: 玄品 | E1320: 筑基 | F1320: 丹药 | G1320: =G1317+1 -> 11 | H1320: 60 | I1320: ="大类_"&D1320&E1320&F1320 -> 大类_玄品筑基丹药 | J1320: 子类_贵重品 | K1320: 1 | L1320: 丹药 | N1320: 0 | O1320: TRUE | Q1320: FALSE | R1320: 1 | S1320: 无 | T1320: 999 | U1320: 功能_丹药 | V1320: 31923011 | X1320: 筑基境玄品丹药，药性凉。帮助持续吸收灵气。 | Y1320: |cff00FF00“纳灵须识来处，藏气须有归处；外灵入体，修途方添薪火。凉剂之用，宜察其和。”——《丹田养真经》|r | Z1320: 宗门兑换，击杀妖兽，秘境或遗迹可得 | AA1320: 11921011 | AB1320: 90003 | AC1320: 40003 | AE1320: 70003 | AG1320: 14867 | AH1320: 丹药 | AI1320: 丹药 | AJ1320: 筑基
B1321: =10000000+INDEX(编号表!$B:$B,MATCH(F1321,编号表!$A:$A,0))*100000+INDEX(编号表!$F:$F,MATCH(D1321,编号表!$E:$E,0))*1000+INDEX(编号表!$D:$D,MATCH(E1321,编号表!$C:$C,0))*10000+G1321 -> 11921012 | C1321: 筑基纳灵丹 | D1321: 凡品 | E1321: 筑基 | F1321: 丹药 | G1321: =G1318+1 -> 12 | H1321: 60 | I1321: ="大类_"&D1321&E1321&F1321 -> 大类_凡品筑基丹药 | J1321: 子类_贵重品 | K1321: 1 | L1321: 丹药 | N1321: 0 | O1321: TRUE | Q1321: FALSE | R1321: 1 | S1321: 无 | T1321: 999 | U1321: 功能_丹药 | V1321: 31921012 | X1321: 筑基境凡品丹药，药性平。帮助从周围灵气源吸纳灵气。 | Y1321: |cff00FF00“纳灵须识来处，藏气须有归处；外灵入体，修途方添薪火。性平仍须辨其所用，不可泛服。”——《丹田养真经》|r | Z1321: 宗门兑换，击杀妖兽，秘境或遗迹可得 | AA1321: 11921012 | AB1321: 90003 | AC1321: 40001 | AE1321: 70001 | AG1321: 4610 | AH1321: 丹药 | AI1321: 丹药 | AJ1321: 筑基
B1322: =10000000+INDEX(编号表!$B:$B,MATCH(F1322,编号表!$A:$A,0))*100000+INDEX(编号表!$F:$F,MATCH(D1322,编号表!$E:$E,0))*1000+INDEX(编号表!$D:$D,MATCH(E1322,编号表!$C:$C,0))*10000+G1322 -> 11922012 | C1322: 筑基纳灵丹 | D1322: 灵品 | E1322: 筑基 | F1322: 丹药 | G1322: =G1319+1 -> 12 | H1322: 60 | I1322: ="大类_"&D1322&E1322&F1322 -> 大类_灵品筑基丹药 | J1322: 子类_贵重品 | K1322: 1 | L1322: 丹药 | N1322: 0 | O1322: TRUE | Q1322: FALSE | R1322: 1 | S1322: 无 | T1322: 999 | U1322: 功能_丹药 | V1322: 31922012 | X1322: 筑基境灵品丹药，药性平。帮助从周围灵气源吸纳灵气。 | Y1322: |cff00FF00“纳灵须识来处，藏气须有归处；外灵入体，修途方添薪火。性平仍须辨其所用，不可泛服。”——《丹田养真经》|r | Z1322: 宗门兑换，击杀妖兽，秘境或遗迹可得 | AA1322: 11921012 | AB1322: 90003 | AC1322: 40002 | AE1322: 70002 | AG1322: 8298 | AH1322: 丹药 | AI1322: 丹药 | AJ1322: 筑基
B1323: =10000000+INDEX(编号表!$B:$B,MATCH(F1323,编号表!$A:$A,0))*100000+INDEX(编号表!$F:$F,MATCH(D1323,编号表!$E:$E,0))*1000+INDEX(编号表!$D:$D,MATCH(E1323,编号表!$C:$C,0))*10000+G1323 -> 11923012 | C1323: 筑基纳灵丹 | D1323: 玄品 | E1323: 筑基 | F1323: 丹药 | G1323: =G1320+1 -> 12 | H1323: 60 | I1323: ="大类_"&D1323&E1323&F1323 -> 大类_玄品筑基丹药 | J1323: 子类_贵重品 | K1323: 1 | L1323: 丹药 | N1323: 0 | O1323: TRUE | Q1323: FALSE | R1323: 1 | S1323: 无 | T1323: 999 | U1323: 功能_丹药 | V1323: 31923012 | X1323: 筑基境玄品丹药，药性平。帮助从周围灵气源吸纳灵气。 | Y1323: |cff00FF00“纳灵须识来处，藏气须有归处；外灵入体，修途方添薪火。性平仍须辨其所用，不可泛服。”——《丹田养真经》|r | Z1323: 宗门兑换，击杀妖兽，秘境或遗迹可得 | AA1323: 11921012 | AB1323: 90003 | AC1323: 40003 | AE1323: 70003 | AG1323: 14937 | AH1323: 丹药 | AI1323: 丹药 | AJ1323: 筑基
B1324: =10000000+INDEX(编号表!$B:$B,MATCH(F1324,编号表!$A:$A,0))*100000+INDEX(编号表!$F:$F,MATCH(D1324,编号表!$E:$E,0))*1000+INDEX(编号表!$D:$D,MATCH(E1324,编号表!$C:$C,0))*10000+G1324 -> 11921013 | C1324: 筑基温阳纳灵丹 | D1324: 凡品 | E1324: 筑基 | F1324: 丹药 | G1324: =G1321+1 -> 13 | H1324: 60 | I1324: ="大类_"&D1324&E1324&F1324 -> 大类_凡品筑基丹药 | J1324: 子类_贵重品 | K1324: 1 | L1324: 丹药 | N1324: 0 | O1324: TRUE | Q1324: FALSE | R1324: 1 | S1324: 无 | T1324: 999 | U1324: 功能_丹药 | V1324: 31921013 | X1324: 筑基境凡品丹药，药性温。加快灵气吸收。 | Y1324: |cff00FF00“纳灵须识来处，藏气须有归处；外灵入体，修途方添薪火。温剂自有其用，不可与平剂混论。”——《丹田养真经》|r | Z1324: 宗门兑换，击杀妖兽，秘境或遗迹可得 | AA1324: 11921013 | AB1324: 90003 | AC1324: 40001 | AE1324: 70001 | AG1324: 4581 | AH1324: 丹药 | AI1324: 丹药 | AJ1324: 筑基
B1325: =10000000+INDEX(编号表!$B:$B,MATCH(F1325,编号表!$A:$A,0))*100000+INDEX(编号表!$F:$F,MATCH(D1325,编号表!$E:$E,0))*1000+INDEX(编号表!$D:$D,MATCH(E1325,编号表!$C:$C,0))*10000+G1325 -> 11922013 | C1325: 筑基温阳纳灵丹 | D1325: 灵品 | E1325: 筑基 | F1325: 丹药 | G1325: =G1322+1 -> 13 | H1325: 60 | I1325: ="大类_"&D1325&E1325&F1325 -> 大类_灵品筑基丹药 | J1325: 子类_贵重品 | K1325: 1 | L1325: 丹药 | N1325: 0 | O1325: TRUE | Q1325: FALSE | R1325: 1 | S1325: 无 | T1325: 999 | U1325: 功能_丹药 | V1325: 31922013 | X1325: 筑基境灵品丹药，药性温。加快灵气吸收。 | Y1325: |cff00FF00“纳灵须识来处，藏气须有归处；外灵入体，修途方添薪火。温剂自有其用，不可与平剂混论。”——《丹田养真经》|r | Z1325: 宗门兑换，击杀妖兽，秘境或遗迹可得 | AA1325: 11921013 | AB1325: 90003 | AC1325: 40002 | AE1325: 70002 | AG1325: 8246 | AH1325: 丹药 | AI1325: 丹药 | AJ1325: 筑基
B1326: =10000000+INDEX(编号表!$B:$B,MATCH(F1326,编号表!$A:$A,0))*100000+INDEX(编号表!$F:$F,MATCH(D1326,编号表!$E:$E,0))*1000+INDEX(编号表!$D:$D,MATCH(E1326,编号表!$C:$C,0))*10000+G1326 -> 11923013 | C1326: 筑基温阳纳灵丹 | D1326: 玄品 | E1326: 筑基 | F1326: 丹药 | G1326: =G1323+1 -> 13 | H1326: 60 | I1326: ="大类_"&D1326&E1326&F1326 -> 大类_玄品筑基丹药 | J1326: 子类_贵重品 | K1326: 1 | L1326: 丹药 | N1326: 0 | O1326: TRUE | Q1326: FALSE | R1326: 1 | S1326: 无 | T1326: 999 | U1326: 功能_丹药 | V1326: 31923013 | X1326: 筑基境玄品丹药，药性温。加快灵气吸收。 | Y1326: |cff00FF00“纳灵须识来处，藏气须有归处；外灵入体，修途方添薪火。温剂自有其用，不可与平剂混论。”——《丹田养真经》|r | Z1326: 宗门兑换，击杀妖兽，秘境或遗迹可得 | AA1326: 11921013 | AB1326: 90003 | AC1326: 40003 | AE1326: 70003 | AG1326: 14843 | AH1326: 丹药 | AI1326: 丹药 | AJ1326: 筑基
... B1659: =10000000+INDEX(编号表!$B:$B,MATCH(F1659,编号表!$A:$A,0))*100000+INDEX(编号表!$F:$F,MATCH(D1659,编号表!$E:$E,0))*1000+INDEX(编号表!$D:$D,MATCH(E1659,编号表!$C:$C,0))*10000+G1659 -> 11923124 | C1659: 筑基烈阳锻体丹 | D1659: 玄品 | E1659: 筑基 | F1659: 丹药 | G1659: =G1656+1 -> 124 | H1659: 60 | I1659: ="大类_"&D1659&E1659&F1659 -> 大类_玄品筑基丹药 | J1659: 子类_贵重品 | K1659: 1 | L1659: 丹药 | N1659: 0 | O1659: TRUE | Q1659: FALSE | R1659: 1 | S1659: 无 | T1659: 999 | U1659: 功能_丹药 | V1659: 31923124 | X1659: 筑基境玄品丹药，药性热。催起肉身屏障，提高生命承载，但药效过后行动易迟缓。 | Y1659: |cff00FF00“身是修行之舟，风浪皆由此承；锻体之丹，为这一舟添些底力。热剂药势须细察，切莫一味求猛。”——《血肉还真经》|r | Z1659: 宗门兑换，击杀妖兽，秘境或遗迹可得 | AA1659: 11921124 | AB1659: 90003 | AC1659: 40003 | AE1659: 70003 | AG1659: 14485 | AH1659: 丹药 | AI1659: 丹药 | AJ1659: 筑基
B1660: =10000000+INDEX(编号表!$B:$B,MATCH(F1660,编号表!$A:$A,0))*100000+INDEX(编号表!$F:$F,MATCH(D1660,编号表!$E:$E,0))*1000+INDEX(编号表!$D:$D,MATCH(E1660,编号表!$C:$C,0))*10000+G1660 -> 11931000 | C1660: 金丹玄阴涤元丹 | D1660: 凡品 | E1660: 金丹 | F1660: 丹药 | G1660: 0 | H1660: 60 | I1660: ="大类_"&D1660&E1660&F1660 -> 大类_凡品金丹丹药 | J1660: 子类_贵重品 | K1660: 1 | L1660: 丹药 | N1660: 0 | O1660: TRUE | Q1660: FALSE | R1660: 1 | S1660: 无 | T1660: 999 | U1660: 功能_丹药 | V1660: 31931000 | X1660: 金丹境凡品丹药，药性寒。缓缓化去修为丹毒。 | Y1660: |cff00FF00“丹田有滞，行功难安；解其所困，方可再问修途。寒剂之用，宜察其缓。”——《清浊洗丹录》|r | Z1660: 宗门兑换，击杀妖兽，秘境或遗迹可得 | AA1660: 11921000 | AB1660: 90003 | AC1660: 40001 | AE1660: 70001 | AG1660: 13782 | AH1660: 丹药 | AI1660: 丹药 | AJ1660: 金丹
B1661: =10000000+INDEX(编号表!$B:$B,MATCH(F1661,编号表!$A:$A,0))*100000+INDEX(编号表!$F:$F,MATCH(D1661,编号表!$E:$E,0))*1000+INDEX(编号表!$D:$D,MATCH(E1661,编号表!$C:$C,0))*10000+G1661 -> 11932000 | C1661: 金丹玄阴涤元丹 | D1661: 灵品 | E1661: 金丹 | F1661: 丹药 | G1661: 0 | H1661: 60 | I1661: ="大类_"&D1661&E1661&F1661 -> 大类_灵品金丹丹药 | J1661: 子类_贵重品 | K1661: 1 | L1661: 丹药 | N1661: 0 | O1661: TRUE | Q1661: FALSE | R1661: 1 | S1661: 无 | T1661: 999 | U1661: 功能_丹药 | V1661: 31932000 | X1661: 金丹境灵品丹药，药性寒。缓缓化去修为丹毒。 | Y1661: |cff00FF00“丹田有滞，行功难安；解其所困，方可再问修途。寒剂之用，宜察其缓。”——《清浊洗丹录》|r | Z1661: 宗门兑换，击杀妖兽，秘境或遗迹可得 | AA1661: 11921000 | AB1661: 90003 | AC1661: 40002 | AE1661: 70002 | AG1661: 24807 | AH1661: 丹药 | AI1661: 丹药 | AJ1661: 金丹
...

Sheet item_effect_config
A1: ##var | B1: group_id | D1: seq | E1: op | F1: target_id | G1: amount | H1: duration
A2: ##type | B2: int | D2: int | E2: ItemFunctionType | F2: int | G2: int | H2: int
A3: ##group
A4: ## | B4: 0效果组ID | C4: 0组名称 | D4: 0组内序号 | E4: 效果算子 | F4: 0目标ID | G4: 0数量/强度 | H4: 0持续秒数 | I4: 0策划备注
B5: 50001 | C5: 新手礼包 | D5: 1 | E5: 功能_客户端效果 | F5: 0 | G5: 0 | H5: 0 | I5: 播放开箱动画（服务端跳过，客户端自己表现）
B6: 50001 | D6: 2 | E6: 功能_加修为 | F6: 0 | G6: 5000 | H6: 0 | I6: 送 50 点修为（单位 1/100 点）
B7: 50001 | D7: 3 | E7: 功能_技能书 | F7: 10010001 | G7: 0 | H7: 0 | I7: 直接学会「青萍剑诀」
B8: 50002 | C8: 木质宝箱 | D8: 1 | E8: 功能_随机产出 | F8: 40010001 | G8: 3 | H8: 0 | I8: 按 D掉落方案 里的方案抽 3 次，概率在那张表配
B9: 50003 | C9: 回春丹 | D9: 1 | E9: 功能_客户端效果 | F9: 1 | G9: 800 | H9: 10 | I9: 10 秒内共回 800 血；两个参数列服务端不读，客户端自解释
B10: 50003 | D10: 2 | E10: 功能_加修为 | F10: 0 | G10: 2000 | H10: 0 | I10: 附送 20 点修为（这一行才是服务端结算的）

Sheet 编号表
A1: 内部名 | B1: 编号 | C1: 境界 | D1: 编号 | E1: 品质 | F1: 编号 | G1: 颜色 | I1: 从左数起 | M1: 从左数起
A2: 货币 | B2: 1 | C2: 通用 | D2: 0 | E2: 凡品 | F2: 1 | G2: 白色 | I2: 第1位 | J2: 固定为3表示物品 | M2: 第1位 | N2: 固定为3表示物品
A3: 人道神通 | B3: 2 | C3: 炼气 | D3: 1 | E3: 灵品 | F3: 2 | G3: 绿色 | I3: 第2位 | J3: 分大类 | M3: 第2位 | N3: 分大类
A4: 修为 | B4: 3 | C4: 筑基 | D4: 2 | E4: 玄品 | F4: 3 | G4: 蓝色 | I4: 第3位 | M4: 第3位
A5: 强化 | B5: 4 | C5: 金丹 | D5: 3 | E5: 仙品 | F5: 4 | G5: 紫色 | I5: 第4位 | M5: 第4位 | N5: 境界
A6: 药品 | B6: 5 | C6: 元婴 | D6: 4 | E6: 神品 | F6: 5 | G6: 橙色 | I6: 第5位 | J6: 本分类下的序号 | M6: 第5位 | N6: 品质
A7: 任务 | B7: 6 | C7: 化神 | D7: 5 | E7: 道品 | F7: 6 | G7: 红色 | I7: 第6位 | M7: 第6位 | N7: 本分类下的序号
A8: 真意 | B8: 7 | C8: 炼虚 | D8: 6 | F8: 7 | I8: 第7位 | M8: 第7位
A9: 外观 | B9: 8 | C9: 合体 | D9: 7 | F9: 8 | I9: 第8位 | M9: 第8位
A10: 天道神通 | B10: 9 | C10: 大乘 | D10: 8 | F10: 9
A11: 地道神通 | B11: 10 | D11: 9
A12: 人道神通 | B12: 11
A13: 灵植君 | B13: 12
A14: 灵植臣 | B14: 13 | I14: 新物品ID编号计算规则=30000000+@INDEX(编号表!$B:$B,MATCH(C3,编号表!$A:$A,0))*10000+E3
A15: 灵植佐 | B15: 14 | I15: 改动原因：因为现在的道具配置之后，品质有改动的可能，因此暂时把品质对ID的影响取消掉。
A16: 灵植使 | B16: 15
A17: 灵植丹头 | B17: 16
A18: 丹炉 | B18: 17
A19: 丹方 | B19: 18
A20: 丹药 | B20: 19
A21: 道痕 | B21: 20
A22: 阵法 | B22: 21 | G22: 道具ID必须下拉，使用公式自动生成ID！！！
A23: 符箓 | B23: 22
A24: 灵材主材 | B24: 23
A25: 法宝 | B25: 24
A26: 灵材辅材 | B26: 25
A27: 灵材特性 | B27: 26
A28: 成宝核心 | B28: 27
A29: 灵材两用 | B29: 28
B30: 29
B31: 30
B32: 31

Sheet 更新说明
A1: 版本 | B1: 说明
A2: 1.12 | B2: 物品编号从2开头七位改为3开头8位 增加光柱配置
A3: 1.13 | B3: 掉落模型
A4: 1.14 | B4: 新增0显示分类DisplayType纯TIPS上显示用
A5: 1.15 | B5: 更新编号规则，增加颜色对应的品质，对应改物品ID
A6: 1.16 | B6: 更新图标
A7: 1.17 | B7: 新增血药蓝药对应功能ID配置
A8: 1.18 | B8: 新增小极品打造相关道具
A9: 1.19 | B9: 给小极品打造道具配置图标，临时使用
A10: 1.2 | B10: 新增双加药
A11: 1.21 | B11: 新增多种金币和灵符道具，打开获得的数量不同。同时更新道具描述
A12: 1.22 | B12: 更新掉落物，物品ID增加格式，重复显示红色
A13: 1.23 | B13: 新增静态边框和动态边框的配置项
A14: 1.24 | B14: 新增铭文ICON编号和对应掉落物模型，修改34040043为道神纹
A15: 1.25
A16: 1.26 | B16: 编号里新增了一类任务，对应新增的任务物品的大类颜色和序号都改了，对应物品的ID也变了
A17: 1.27 | B17: 对ID规则进行改动，在ID编号的计算中删掉了品质的影响。铭文使用新的ID计算规则计算，其他的老物品ID不变，删掉ID编号规则，直接粘贴老的ID | E17: 新物品ID编号计算规则=30000000+@INDEX(编号表!$B:$B,MATCH(C3,编号表!$A:$A,0))*10000+E3
A18: 1.28 | B18: 新增一类外观道具
A19: 1.29
A20: 1.3
A21: 1.31
A22: 1.32
A23: 1.33
A24: 1.34

Sheet 字段说明
A1: item_effect_config 字段说明
A2: 一行一个效果，同一个 group_id 的多行构成一组。只有 W物品表 里 function_type=功能_多效果组 的物品才需要在这里建组。
A4: 字段 | B4: 类型 | C4: 必填 | D4: 说明
A5: group_id | B5: int | C5: 是 | D5: 效果组 ID。W物品表 的 function_id 指向它。同组多行共用同一个值。建议用 5xxxx 独立号段，避免和物品 ID 混淆。
A6: 组名称 | B6: — | C6: 否 | D6: 辅助列，不导出。写给人看的组名，方便在表里定位。只需在每组第一行填。
A7: seq | B7: int | C7: 是 | D7: 组内序号，从 1 开始、同组内唯一且连续，决定结算顺序。 注意：本项目所有序号/槽位一律从 1 起，0 是「漏填」的哨兵值，填 0 会被判为非法。
A8: op | B8: ItemFunctionType | C8: 是 | D8: 效果算子，填中文别名（见「效果算子对照」）。 与 W物品表 的 function_type 共用同一个枚举——同一个别名在两处含义完全相同，区别只是「写在物品表里」还是「写在效果组里」。 组里不能填「功能_无」和「功能_多效果组」，那两个只在物品表用。
A9: target_id | B9: int | C9: 否 | D9: 目标 ID，含义由 op 决定（技能 ID / 币种 / 物品 ID / 掉落方案 ID）。该算子不需要时填 0。
A10: amount | B10: int | C10: 否 | D10: 数量或强度，含义由 op 决定。不需要时填 0。
A11: duration | B11: int | C11: 否 | D11: 持续秒数，0 = 瞬时。 这是物品表那三列给不了的东西，也是很多物品必须转成效果组的唯一原因。 目前只有「功能_客户端效果」会用到；其余算子填 0。
A12: 策划备注 | B12: — | C12: 否 | D12: 辅助列，不导出。写清楚这一行是干什么的，方便日后 review。
A14: 为什么参数列是 target_id / amount / duration 这种固定三列
A15: 通用做法有两种：一种是「算子 + 变长参数数组」（表达力无限，但完全丢语义，只能运行时校验）；一种是固定宽表（语义清楚，但列名对某些算子不完全贴切）。本表取后者——考虑到你们已经在用中文别名填表，可读性权重更高。 代价是极少数算子会觉得列名不贴切（比如「功能_随机产出」的 amount 其实是「抽几次」），用备注列补充即可。
A17: 随机产出不在这张表里配概率
A18: 宝箱、随机礼包一律用「功能_随机产出」指向 D掉落方案.xlsx 里的方案 ID。那张表已经有「按概率 / 按个数和概率可重复 / 按个数和概率不可重复」三种方式和逐项概率。 所以本表每一行都是必定生效，没有概率列。两套概率语义并存会出严重问题：逐行独立概率表达不了「80% 出 A、20% 出 B」这种互斥，策划照着填会得到「有时两个都出、有时一个都不出」。
A20: 🔴 硬约束：账号共享货币不能和别的效果同组
A21: 账号共享货币写的是账号数据，其余效果写的是角色数据，分属不同的存储聚合，没有共同事务，无法保证一起成功或一起失败。所以一个组里出现「加账号共享货币」时，该组不得再有任何其它行。 直接后果：同时发角色级货币与账号共享货币的双币礼包现在做不了，服务端启动校验会拦。等跨聚合方案落地再放开。
B25: 物品类别 | C25: 品质配置情况 | D25: 说明
B26: 灵植（君、臣、佐、使、丹头） | C26: 六品质齐全 | D26: 28 种灵植，每个境界都有六品质版本
B27: 灵材（主材、辅材、两用、特性） | C27: 六品质齐全 | D27: 在各材料已有的境界内，均有六品质；部分材料只在特定境界出现
B28: 法宝（常规、稀有） | C28: 六品质齐全 | D28: 在各法宝已有的境界内，均有六品质
B29: 丹药 | C29: 每个境界 3 个品质 | D29: 具体是哪三个，随境界变化，见下表
B30: 丹方物品 | C30: 每个境界 1 个品质 | D30: 对应该境界丹药的最低品质，见下表
B31: 符箓 | C31: 每个境界 3 个品质 | D31: 凡品，灵品，玄品
B32: 道痕 | C32: 每种固定一个品质：仙品或神品 | D32: 不同道痕品质不同，不是每种都有两品质版本
B33: 阵法 | C33: 每种固定一个品质：仙品或神品 | D33: 不同阵法品质不同，不是每种都有两品质版本
B34: 人道神通 | C34: 固定灵品 | D34: 当前 1 条
B35: 地道神通 | C35: 固定灵品 | D35: 当前 7 条
B36: 天道神通 | C36: 固定灵品 | D36: 当前 29 条
... B41: 货币类：活跃丹、声望丹 | C41: 固定仙品 | D41: 虽然名称带“丹”，表内归在货币类
B43: 丹药、丹方的具体对应关系：
B45: 境界 | C45: 丹药品质（每种 3 个） | D45: 丹方物品品质（每种 1 个）
B46: 筑基、金丹、元婴 | C46: 凡品、灵品、玄品 | D46: 凡品
B47: 化神、炼虚、合体 | C47: 灵品、玄品、仙品 | D47: 灵品
B48: 大乘 | C48: 玄品、仙品、神品 | D48: 玄品

Sheet 效果算子对照
A1: ItemFunctionType 枚举对照表
A2: 同一个枚举同时用在两处：W物品表.function_type（单效果内联）和 本表.op（多效果组里的一行）。绿底 = 服务端已实现，可以填；灰底 = 已规划但未实现，填了服务端启动会失败。
A4: 填写值（中文别名） | B4: 程序内部名 | C4: 数值 | D4: 含义 | E4: target_id / function_id | F4: amount / function_value | G4: duration | H4: 状态 | I4: 说明
A5: 功能_无 | B5: None | C5: 0 | D5: 不可使用 | E5: 0 | F5: 0 | G5: 0 | H5: ✅ 已实现 | I5: 只用在物品表，效果组里不能填。装备、材料、系统凭证、外观等一切不能通过背包使用的物品都填它。程序对它一律拒绝使用请求——这条兜底是防止装备被误当消耗品删掉，所以拿不准就填它。
A6: 功能_客户端效果 | B6: ClientEffect | C6: 900 | D6: 可使用，效果由客户端表现 | E6: 客户端自定 | F6: 客户端自定 | G6: 客户端自定 | H6: ✅ 已实现 | I6: 回血、回蓝、加 buff、特效、动画……一切服务端不需要参与的效果，全部填这一个。 服务端行为：扣掉数量 → 写物品流水 → 返回成功。客户端收到成功后自己表现。 三个参数列服务端完全不读取、不校验、不解释，客户端按自己的规则用（现有药品 function_id 里的 21xxxxxx 号段保持原样即可，不用迁）。 为什么不给回血/回蓝/加 buff 各配一个值：本作战斗数值是客户端自己算的，服务端连玩家血量都不知道，对这些效果的行为永远是同一个。分开配只会让策划每加一种客户端效果，服务端就得跟着改代码。
A7: 功能_技能书 | B7: SkillBook | C7: 1 | D7: 学技能 | E7: 技能配置行 ID | F7: 0 | G7: 0 | H7: ✅ 已实现 | I7: 服务端会校验技能是否存在、是否已学会、栏位是否已满。已学会的重复使用会被拒绝，道具不扣。
A8: 功能_加货币 | B8: AddCurrency | C8: 2 | D8: 加货币 | E8: 币种：填货币表（系统参数表 ConfigAssets 页签）的 config_id | F8: 数量（正整数） | G8: 0 | H8: ⏳ 未实现 | I8: 等钱包模块做完再开放。注意：货币道具拾取时不直接进钱包，先作为道具占背包格，使用时才入钱包。
A9: 功能_加修为 | B9: AddCult | C9: 3 | D9: 加修为 | E9: 0 | F9: 修为量，单位 1/100 点（填 2000 = 20 点） | G9: 0 | H9: ⏳ 未实现 | I9: 只加修为，不加等级。等级只能由玩家点击突破获得，配置里不开加等级的口子。
A10: 功能_加物品 | B10: AddItem | C10: 4 | D10: 加物品 | E10: 物品 ID | F10: 数量（正整数） | G10: 0 | H10: ⏳ 未实现 | I10: 固定发放某件物品。要随机发放用「功能_随机产出」。背包放不下时整个使用失败、道具不扣，不做部分发放。
A11: 功能_随机产出 | B11: DropRoll | C11: 5 | D11: 随机产出 | E11: D掉落方案 的方案 ID | F11: 抽取次数（0 或 1 都按 1 次） | G11: 0 | H11: ⏳ 未实现 | I11: 宝箱、随机礼包。概率、可否重复、产出条数全在掉落方案里配，这里只填指向哪个方案。
A12: 功能_多效果组 | B12: EffectGroup | C12: 100 | D12: 转到效果组 | E12: 本表的 group_id | F12: 0 | G12: 0 | H12: ⏳ 未实现 | I12: 只用在物品表，效果组里不能填。一个物品要触发多个效果、或某个效果需要持续时间时用。
A14: 填表决策就三步：不能用 → 功能_无；能用但服务端不用管 → 功能_客户端效果；服务端要发东西 / 要改存档 → 查上表找对应值。
A16: 🔴 枚举纪律：任何值一经确定，禁止重排、禁止改含义、禁止复用废弃的值，新增一律追加。配置表和服务端代码是两边独立发布的，重排数值会造成静默串号（比如「学技能」变成「加货币」），而且不报任何错。要废弃某个值，标停用即可，数值永久保留。

Sheet 枚举与注册
A1: 接入步骤：要往三个元表里加什么
A2: 本表建好后还不能导出，需要在 __enums__.xlsx 注册枚举、在 __tables__.xlsx 注册表。以下是要加的确切内容，照抄即可。
A4: 第 1 步 · __enums__.xlsx 追加枚举 ItemFunctionType
A5: 首行填 full_name=ItemFunctionType、flags=False、unique=True、group 留空、comment=物品功能类型；后续行只填右侧的 name / alias / value / comment 四列（与现有 DropType、ItemQuality 的写法一致）。
A7: full_name | B7: flags | C7: unique | D7: group | E7: comment | F7: *items name | G7: alias | H7: value | I7: comment
A8: ItemFunctionType | B8: False | C8: True | D8: 12610 | E8: 物品功能类型 | F8: None | G8: 功能_无 | H8: 0 | I8: 不可使用
A9: 12610 | B9: 12610 | C9: 12610 | D9: 12610 | E9: 12610 | F9: SkillBook | G9: 功能_技能书 | H9: 1 | I9: 学技能
A10: 12610 | B10: 12610 | C10: 12610 | D10: 12610 | E10: 12610 | F10: AddCurrency | G10: 功能_加货币 | H10: 2 | I10: 加货币（未实现）
A11: 12610 | B11: 12610 | C11: 12610 | D11: 12610 | E11: 12610 | F11: AddCult | G11: 功能_加修为 | H11: 3 | I11: 加修为（未实现）
A12: 12610 | B12: 12610 | C12: 12610 | D12: 12610 | E12: 12610 | F12: AddItem | G12: 功能_加物品 | H12: 4 | I12: 加物品（未实现）
A13: 12610 | B13: 12610 | C13: 12610 | D13: 12610 | E13: 12610 | F13: DropRoll | G13: 功能_随机产出 | H13: 5 | I13: 按掉落方案随机产出（未实现）
A14: 12610 | B14: 12610 | C14: 12610 | D14: 12610 | E14: 12610 | F14: EffectGroup | G14: 功能_多效果组 | H14: 100 | I14: 转到 item_effect_config（未实现）
A15: 12610 | B15: 12610 | C15: 12610 | D15: 12610 | E15: 12610 | F15: ClientEffect | G15: 功能_客户端效果 | H15: 900 | I15: 服务端只扣数量返回成功，效果由客户端表现
A17: 第 2 步 · __tables__.xlsx 追加一行
A18: index 留空 + mode=list：本表没有单一主键，服务端加载后自行按 group_id 分组建索引。 group 留空 = 客户端和服务端都导出（客户端要读「功能_客户端效果」那些行，服务端要读其余行）。
A20: full_name | B20: value_type | C20: read_schema_from_file | D20: input | E20: index | F20: mode | G20: group | H20: comment | I20: output
A21: TbItemEffectConfig | B21: ItemEffectConfig | C21: True | D21: item_effect_config@W物品效果表.xlsx | E21: （留空） | F21: list | G21: （留空） | H21: 物品使用效果组 | I21: item_effect_config
A23: 第 3 步 · W物品表.xlsx 把 function_type 列的类型改掉
A24: ##type 行：把 function_type 那一列从 string 改成 ItemFunctionType。function_id / function_value 两列不动。 ⚠ 改完那一刻，现有 167 行里所有 function_type 的值都必须是上面注册过的中文别名，否则导表直接失败。 现存的「货币_某币种」「药品_加血」「系统_铭文」等 21 个自由中文串全都不是合法别名。 最快的过渡办法：整列先批量填「功能_无」，再把确实要能用的几十个物品逐个改成对应别名。
A26: 第 4 步 · 通知服务端
A27: 服务端要同步改判定逻辑：现在是靠「以『药品_』开头就算可使用」这种前缀匹配猜出来的，改成读枚举。这一步之前，新的中文别名服务端认不出来。

Sheet 物品效果更新说明
A1: 更新说明
A3: 日期 | B3: 版本 | C3: 内容
A4: 2026-08-08 | B4: 初版 | C4: 新建 item_effect_config 表，用于「一个物品触发多个效果」的场景。 同时把 W物品表.function_type 从自由中文串改成枚举 ItemFunctionType，两处共用同一个枚举。 改动理由：服务端需要知道「这个物品能不能被使用」，而这个事实现在是靠中文串前缀猜的——策划把某个丹药写成「丹药_解毒」，它就静默变成不可使用，不报错、不告警，玩家点了没反应。
