Workbook

Sheet 装备
A1: ##var | B1: id | C1: name | D1: dur_t | F1: required_level | G1: show_level | H1: equip_part | I1: quality | L1: suit_id | M1: cultivation_tag | N1: illustrated_id | O1: durability | P1: model_id | Q1: textures_id | R1: ground_mx | S1: icon_id | T1: model_icon | U1: model_icon_num | V1: model_icon_x | W1: model_icon_y | X1: model_icon_z | Y1: light_eff | Z1: bag_class | AA1: main_class | AB1: sub_class | AC1: drop_level | AD1: level | AF1: bind_type | AG1: is_store | AH1: is_destroy | AI1: random_type | AJ1: attrs | BN1: skills | BP1: hidden_attribute | BQ1: refine_id | BR1: reinforcement_id | BS1: hidden_affix | BT1: luck_value | BU1: sell_price | BV1: sell_price_id | BW1: rec_price | BX1: rec_price_id | BY1: rec_materials | CC1: des_price | CD1: des_price_id | CE1: des_materials | CI1: border | CJ1: border1 | CK1: tags | CO1: desc | CP1: desc1
A2: ##type | B2: int | C2: string | D2: int | F2: int | G2: MajorRealm | H2: EquipPart | I2: ItemQuality | L2: int | M2: string | N2: int | O2: int | P2: int | Q2: string | R2: int | S2: int | T2: string | U2: int | V2: string | W2: string | X2: string | Y2: int | Z2: string | AA2: string | AB2: string | AC2: string | AD2: int | AF2: string | AG2: bool | AH2: bool | AI2: string | AJ2: array,Attr | BN2: array,int | BP2: int | BQ2: int | BR2: int | BS2: int | BT2: int | BU2: int | BV2: int | BW2: int | BX2: int | BY2: array,RecMaterial | CC2: int | CD2: int | CE2: array,RecMaterial | CI2: int | CJ2: string | CK2: array,string | CO2: string | CP2: string
A3: ##group | C3: c | P3: c | Q3: c | R3: c | S3: c | T3: c | U3: c | V3: c | W3: c | X3: c | Y3: c | CI3: c | CJ3: c | CO3: c | CP3: c
A4: ## | B4: 装备ID | C4: 名称 | D4: 存活时间 | E4: 装备等级区间 | F4: 限制使用等级下限 | G4: 装备阶级 | H4: 装备位 | I4: 颜色 | J4: 序号 | K4: 序号（算） | L4: 套装ID | M4: 修炼标签 | N4: 图鉴暂时没用 | O4: 暂时没用 | P4: 装备模型 | Q4: 贴图 | R4: 地面模型 | S4: 图标 | T4: 模型图标 | U4: 图标序列帧数 | V4: 模型图标X | W4: 模型图标Y | X4: 模型图标Z | Y4: 光柱模型 | Z4: 背包类型 | AA4: 大类 | AB4: 小类 | AC4: 掉落档次 | AD4: 档次 | AE4: 性别限制 | AF4: 绑定类型 | AG4: TRUE否可存入仓库 | AH4: 是FALSE可丢弃 | AI4: 随机类型 | AJ4: 属性名1 | AK4: 属性值 | AL4: 属性名2 | AM4: 属性值 | AN4: 属性名3 | AO4: 属性值 | AP4: 属性名4 | AQ4: 属性值 | AR4: 属性名5 | AS4: 属性值 | AT4: 属性名6 | AU4: 属性值 | AV4: 属性名7 | AW4: 属性值 | AX4: 属性名8 | AY4: 属性值 | AZ4: 属性名9 | BA4: 属性值 | BB4: 属性名10 | BC4: 属性值 | BD4: 属性名11 | BE4: 属性值 | BF4: 属性名12 | BG4: 属性值 | BH4: 属性名13 | BI4: 属性值 | BJ4: 属性名14 | BK4: 属性值 | BL4: 属性名15 | BM4: 属性值 | BN4: 器法1技能行ID | BO4: 器法2技能行ID | BP4: 灵蕴方案ID | BQ4: 炼化方案ID | BR4: 强化方案ID | BS4: 道纹方案ID | BT4: 初始天运值 | BU4: 商店出售价格 | BV4: 卖出货币ID | BW4: 回收出售价格 | BX4: 卖出货币ID | BY4: 卖出1材料ID | BZ4: 材料1数量 | CA4: 卖出2材料ID | CB4: 材料2数量 | CC4: 分解出售价格 | CD4: 卖出货币ID | CE4: 卖出1材料ID | CF4: 卖出1材料数量 | CG4: 卖出2材料ID | CH4: 卖出2材料数量 | CI4: 基础边框 | CJ4: 高级边框 | CK4: 标签1 | CL4: 标签2 | CM4: 标签3 | CN4: 标签4 | CO4: 道具说明正文 | CP4: 道具风味文字 | CQ4: 策划备注（不导出）
B5: =50000000+INDEX(编号表!$D$2:$D$37,MATCH(G5,编号表!$C$2:$C$37,0))*100000+INDEX(编号表!$F$2:$F$24,MATCH(H5,编号表!$E$2:$E$24,0))*1000+INDEX(编号表!$B$2:$B$7,MATCH(I5,编号表!$A$2:$A$7,0))*100+K5 -> 50000100 | C5: 粗铁剑 | D5: 180 | E5: 1-10 | F5: 1 | G5: 炼气 | H5: 武器 | I5: 凡品 | J5: =COUNTIFS($G$5:G5,G5,$H$5:H5,H5,$I$5:I5,I5)-1 -> 0 | K5: 0 | L5: 0 | M5: 剑道 | O5: 5 | R5: 90010 | S5: 15001001 | Y5: 40001 | Z5: 装备 | AA5: 大类_基础装备 | AB5: 小类_A炼气 | AC5: 凡品 | AD5: 1 | AE5: 无 | AF5: 默认 | AG5: TRUE | AH5: FALSE | AI5: 无 | AJ5: 攻击上限 | AK5: 3 | BN5: 0 | BO5: 0 | BP5: 50000100 | BQ5: 50000100 | BR5: 50000100 | BS5: 50000100 | BT5: 0 | BU5: 8 | BV5: 1000001 | CI5: 70001 | CK5: 装备 | CL5: 炼气级 | CM5: 过渡 | CN5: 散件 | CO5: 粗铁剑，剑身经反复锻炼，以锋刃承载攻伐之力。 | CP5: 锋芒初露，先问前路。 | CQ5: 【开发试配】过渡；过渡装备无固定器法。数值、被动与词条均待正式平衡；美术沿用占位。
B6: =50000000+INDEX(编号表!$D$2:$D$37,MATCH(G6,编号表!$C$2:$C$37,0))*100000+INDEX(编号表!$F$2:$F$24,MATCH(H6,编号表!$E$2:$E$24,0))*1000+INDEX(编号表!$B$2:$B$7,MATCH(I6,编号表!$A$2:$A$7,0))*100+K6 -> 50000200 | C6: 精铁剑 | D6: 180 | E6: 1-10 | F6: 1 | G6: 炼气 | H6: 武器 | I6: 灵品 | J6: =COUNTIFS($G$5:G6,G6,$H$5:H6,H6,$I$5:I6,I6)-1 -> 0 | K6: 0 | L6: 0 | M6: 剑道 | O6: 5 | R6: 90010 | S6: 15001001 | Y6: 40002 | Z6: 装备 | AA6: 大类_基础装备 | AB6: 小类_A炼气 | AC6: 灵品 | AD6: 2 | AE6: 无 | AF6: 默认 | AG6: TRUE | AH6: FALSE | AI6: 无 | AJ6: 攻击上限 | AK6: 4 | BN6: 0 | BO6: 0 | BP6: 50000200 | BQ6: 50000200 | BR6: 50000200 | BS6: 50000200 | BT6: 0 | BU6: 24 | BV6: 1000001 | CI6: 70002 | CK6: 装备 | CL6: 炼气级 | CM6: 过渡 | CN6: 散件 | CO6: 精铁剑，剑身经反复锻炼，以锋刃承载攻伐之力。 | CP6: 锋芒初露，先问前路。 | CQ6: 【开发试配】过渡；过渡装备无固定器法。数值、被动与词条均待正式平衡；美术沿用占位。
B7: =50000000+INDEX(编号表!$D$2:$D$37,MATCH(G7,编号表!$C$2:$C$37,0))*100000+INDEX(编号表!$F$2:$F$24,MATCH(H7,编号表!$E$2:$E$24,0))*1000+INDEX(编号表!$B$2:$B$7,MATCH(I7,编号表!$A$2:$A$7,0))*100+K7 -> 50000300 | C7: 清风剑 | D7: 180 | E7: 1-10 | F7: 1 | G7: 炼气 | H7: 武器 | I7: 玄品 | J7: =COUNTIFS($G$5:G7,G7,$H$5:H7,H7,$I$5:I7,I7)-1 -> 0 | K7: 0 | L7: 0 | M7: 剑道 | O7: 5 | R7: 90010 | S7: 15001001 | Y7: 40003 | Z7: 装备 | AA7: 大类_基础装备 | AB7: 小类_A炼气 | AC7: 玄品 | AD7: 3 | AE7: 无 | AF7: 默认 | AG7: TRUE | AH7: FALSE | AI7: 无 | AJ7: 攻击上限 | AK7: 5 | BN7: 11900101 | BO7: 0 | BP7: 50000300 | BQ7: 50000300 | BR7: 50000300 | BS7: 50000300 | BT7: 0 | BU7: 96 | BV7: 1000001 | CI7: 70003 | CK7: 装备 | CL7: 炼气级 | CM7: 主力 | CN7: 散件 | CO7: 清风剑，剑身经反复锻炼，以锋刃承载攻伐之力。 | CP7: 剑意藏锋，出鞘见真。 | CQ7: 【开发试配】主力；器法：养锋·1。数值、被动与词条均待正式平衡；美术沿用占位。
B8: =50000000+INDEX(编号表!$D$2:$D$37,MATCH(G8,编号表!$C$2:$C$37,0))*100000+INDEX(编号表!$F$2:$F$24,MATCH(H8,编号表!$E$2:$E$24,0))*1000+INDEX(编号表!$B$2:$B$7,MATCH(I8,编号表!$A$2:$A$7,0))*100+K8 -> 50000301 | C8: 五气拂尘 | D8: 180 | E8: 1-10 | F8: 1 | G8: 炼气 | H8: 武器 | I8: 玄品 | J8: =COUNTIFS($G$5:G8,G8,$H$5:H8,H8,$I$5:I8,I8)-1 -> 1 | K8: 1 | L8: 0 | M8: 五行 | O8: 5 | R8: 90010 | S8: 15001001 | Y8: 40003 | Z8: 装备 | AA8: 大类_基础装备 | AB8: 小类_A炼气 | AC8: 玄品 | AD8: 3 | AE8: 无 | AF8: 默认 | AG8: TRUE | AH8: FALSE | AI8: 无 | AJ8: 攻击上限 | AK8: 5 | BN8: 11900201 | BO8: 0 | BP8: 50000301 | BQ8: 50000301 | BR8: 50000301 | BS8: 50000301 | BT8: 0 | BU8: 96 | BV8: 1000001 | CI8: 70003 | CK8: 装备 | CL8: 炼气级 | CM8: 主力 | CN8: 散件 | CO8: 五气拂尘，丝缕聚散随心，以器身引导攻伐之力。 | CP8: 尘丝拂尽，灵机自明。 | CQ8: 【开发试配】主力；器法：引灵·1。数值、被动与词条均待正式平衡；美术沿用占位。
B9: =50000000+INDEX(编号表!$D$2:$D$37,MATCH(G9,编号表!$C$2:$C$37,0))*100000+INDEX(编号表!$F$2:$F$24,MATCH(H9,编号表!$E$2:$E$24,0))*1000+INDEX(编号表!$B$2:$B$7,MATCH(I9,编号表!$A$2:$A$7,0))*100+K9 -> 50000400 | C9: 寒星剑 | D9: 180 | E9: 1-10 | F9: 1 | G9: 炼气 | H9: 武器 | I9: 仙品 | J9: =COUNTIFS($G$5:G9,G9,$H$5:H9,H9,$I$5:I9,I9)-1 -> 0 | K9: 0 | L9: 0 | M9: 剑道 | O9: 5 | R9: 90010 | S9: 15001001 | Y9: 40004 | Z9: 装备 | AA9: 大类_基础装备 | AB9: 小类_A炼气 | AC9: 仙品 | AD9: 4 | AE9: 无 | AF9: 默认 | AG9: TRUE | AH9: FALSE | AI9: 无 | AJ9: 攻击上限 | AK9: 6 | BN9: 11900102 | BO9: 0 | BP9: 50000400 | BQ9: 50000400 | BR9: 50000400 | BS9: 50000400 | BT9: 0 | BU9: 480 | BV9: 1000001 | CI9: 70004 | CK9: 装备 | CL9: 炼气级 | CM9: 常规上限 | CN9: 散件 | CO9: 寒星剑，剑身经反复锻炼，以锋刃承载攻伐之力。 | CP9: 剑意藏锋，出鞘见真。 | CQ9: 【开发试配】常规上限；器法：养锋·2。数值、被动与词条均待正式平衡；美术沿用占位。
B10: =50000000+INDEX(编号表!$D$2:$D$37,MATCH(G10,编号表!$C$2:$C$37,0))*100000+INDEX(编号表!$F$2:$F$24,MATCH(H10,编号表!$E$2:$E$24,0))*1000+INDEX(编号表!$B$2:$B$7,MATCH(I10,编号表!$A$2:$A$7,0))*100+K10 -> 50001100 | C10: 铜印 | D10: 180 | E10: 1-10 | F10: 1 | G10: 炼气 | H10: 印绶 | I10: 凡品 | J10: =COUNTIFS($G$5:G10,G10,$H$5:H10,H10,$I$5:I10,I10)-1 -> 0 | K10: 0 | L10: 0 | M10: 通用 | O10: 5 | R10: 90012 | S10: 15001001 | Y10: 40001 | Z10: 装备 | AA10: 大类_基础装备 | AB10: 小类_A炼气 | AC10: 凡品 | AD10: 1 | AE10: 无 | AF10: 默认 | AG10: TRUE | AH10: FALSE | AI10: 无 | AJ10: 攻击上限 | AK10: 1 | AL10: 生命值 | AM10: 1 | AN10: 物防上限 | AO10: 1 | AP10: 法防上限 | AQ10: 2 | AR10: 灵力值 | AS10: 1 | BN10: 0 | BO10: 0 | BP10: 50001100 | BQ10: 50001100 | BR10: 50001100 | BS10: 50001100 | BT10: 0 | BU10: 8 | BV10: 1000001 | CI10: 70001 | CK10: 装备 | CL10: 炼气级 | CM10: 过渡 | CN10: 散件 | CO10: 铜印，印体凝聚灵机，兼顾攻伐与护身。 | CP10: 掌中方寸，亦有沉重。 | CQ10: 【开发试配】过渡；过渡装备无固定器法。数值、被动与词条均待正式平衡；美术沿用占位。
B11: =50000000+INDEX(编号表!$D$2:$D$37,MATCH(G11,编号表!$C$2:$C$37,0))*100000+INDEX(编号表!$F$2:$F$24,MATCH(H11,编号表!$E$2:$E$24,0))*1000+INDEX(编号表!$B$2:$B$7,MATCH(I11,编号表!$A$2:$A$7,0))*100+K11 -> 50001200 | C11: 玄铁印 | D11: 180 | E11: 1-10 | F11: 1 | G11: 炼气 | H11: 印绶 | I11: 灵品 | J11: =COUNTIFS($G$5:G11,G11,$H$5:H11,H11,$I$5:I11,I11)-1 -> 0 | K11: 0 | L11: 0 | M11: 通用 | O11: 5 | R11: 90012 | S11: 15001001 | Y11: 40002 | Z11: 装备 | AA11: 大类_基础装备 | AB11: 小类_A炼气 | AC11: 灵品 | AD11: 2 | AE11: 无 | AF11: 默认 | AG11: TRUE | AH11: FALSE | AI11: 无 | AJ11: 攻击上限 | AK11: 1 | AL11: 生命值 | AM11: 1 | AN11: 物防上限 | AO11: 2 | AP11: 法防上限 | AQ11: 2 | AR11: 灵力值 | AS11: 1 | BN11: 0 | BO11: 0 | BP11: 50001200 | BQ11: 50001200 | BR11: 50001200 | BS11: 50001200 | BT11: 0 | BU11: 24 | BV11: 1000001 | CI11: 70002 | CK11: 装备 | CL11: 炼气级 | CM11: 过渡 | CN11: 散件 | CO11: 玄铁印，印体凝聚灵机，兼顾攻伐与护身。 | CP11: 掌中方寸，亦有沉重。 | CQ11: 【开发试配】过渡；过渡装备无固定器法。数值、被动与词条均待正式平衡；美术沿用占位。
B12: =50000000+INDEX(编号表!$D$2:$D$37,MATCH(G12,编号表!$C$2:$C$37,0))*100000+INDEX(编号表!$F$2:$F$24,MATCH(H12,编号表!$E$2:$E$24,0))*1000+INDEX(编号表!$B$2:$B$7,MATCH(I12,编号表!$A$2:$A$7,0))*100+K12 -> 50001300 | C12: 赤焰印 | D12: 180 | E12: 1-10 | F12: 1 | G12: 炼气 | H12: 印绶 | I12: 玄品 | J12: =COUNTIFS($G$5:G12,G12,$H$5:H12,H12,$I$5:I12,I12)-1 -> 0 | K12: 0 | L12: 0 | M12: 火行 | O12: 5 | R12: 90012 | S12: 15001001 | Y12: 40003 | Z12: 装备 | AA12: 大类_基础装备 | AB12: 小类_A炼气 | AC12: 玄品 | AD12: 3 | AE12: 无 | AF12: 默认 | AG12: TRUE | AH12: FALSE | AI12: 无 | AJ12: 攻击上限 | AK12: 1 | AL12: 生命值 | AM12: 1 | AN12: 物防上限 | AO12: 2 | AP12: 法防上限 | AQ12: 3 | AR12: 灵力值 | AS12: 1 | AT12: 火行增幅 | AU12: 400 | BN12: 11901101 | BO12: 0 | BP12: 50001300 | BQ12: 50001300 | BR12: 50001300 | BS12: 50001300 | BT12: 0 | BU12: 96 | BV12: 1000001 | CI12: 70003 | CK12: 装备 | CL12: 炼气级 | CM12: 主力 | CN12: 散件 | CO12: 赤焰印，印体凝聚灵机，兼顾攻伐与护身，偏重火行伤害。 | CP12: 一印既落，心意自定。 | CQ12: 【开发试配】主力；器法：镇压·1。数值、被动与词条均待正式平衡；美术沿用占位。
B13: =50000000+INDEX(编号表!$D$2:$D$37,MATCH(G13,编号表!$C$2:$C$37,0))*100000+INDEX(编号表!$F$2:$F$24,MATCH(H13,编号表!$E$2:$E$24,0))*1000+INDEX(编号表!$B$2:$B$7,MATCH(I13,编号表!$A$2:$A$7,0))*100+K13 -> 50001301 | C13: 镇岳印 | D13: 180 | E13: 1-10 | F13: 1 | G13: 炼气 | H13: 印绶 | I13: 玄品 | J13: =COUNTIFS($G$5:G13,G13,$H$5:H13,H13,$I$5:I13,I13)-1 -> 1 | K13: 1 | L13: 0 | M13: 土行 | O13: 5 | R13: 90012 | S13: 15001001 | Y13: 40003 | Z13: 装备 | AA13: 大类_基础装备 | AB13: 小类_A炼气 | AC13: 玄品 | AD13: 3 | AE13: 无 | AF13: 默认 | AG13: TRUE | AH13: FALSE | AI13: 无 | AJ13: 攻击上限 | AK13: 1 | AL13: 生命值 | AM13: 1 | AN13: 物防上限 | AO13: 1 | AP13: 法防上限 | AQ13: 3 | AR13: 灵力值 | AS13: 1 | AT13: 土行增幅 | AU13: 400 | BN13: 11901201 | BO13: 0 | BP13: 50001301 | BQ13: 50001301 | BR13: 50001301 | BS13: 50001301 | BT13: 0 | BU13: 96 | BV13: 1000001 | CI13: 70003 | CK13: 装备 | CL13: 炼气级 | CM13: 主力 | CN13: 散件 | CO13: 镇岳印，印体凝聚灵机，兼顾攻伐与护身，偏重土行伤害。 | CP13: 一印既落，心意自定。 | CQ13: 【开发试配】主力；器法：破势·1。数值、被动与词条均待正式平衡；美术沿用占位。
B14: =50000000+INDEX(编号表!$D$2:$D$37,MATCH(G14,编号表!$C$2:$C$37,0))*100000+INDEX(编号表!$F$2:$F$24,MATCH(H14,编号表!$E$2:$E$24,0))*1000+INDEX(编号表!$B$2:$B$7,MATCH(I14,编号表!$A$2:$A$7,0))*100+K14 -> 50001400 | C14: 伏妖印 | D14: 180 | E14: 1-10 | F14: 1 | G14: 炼气 | H14: 印绶 | I14: 仙品 | J14: =COUNTIFS($G$5:G14,G14,$H$5:H14,H14,$I$5:I14,I14)-1 -> 0 | K14: 0 | L14: 0 | M14: 水行 | O14: 5 | R14: 90012 | S14: 15001001 | Y14: 40004 | Z14: 装备 | AA14: 大类_基础装备 | AB14: 小类_A炼气 | AC14: 仙品 | AD14: 4 | AE14: 无 | AF14: 默认 | AG14: TRUE | AH14: FALSE | AI14: 无 | AJ14: 攻击上限 | AK14: 2 | AL14: 生命值 | AM14: 2 | AN14: 物防上限 | AO14: 2 | AP14: 法防上限 | AQ14: 4 | AR14: 灵力值 | AS14: 1 | AT14: 水行增幅 | AU14: 600 | BN14: 11901102 | BO14: 11901702 | BP14: 50001400 | BQ14: 50001400 | BR14: 50001400 | BS14: 50001400 | BT14: 0 | BU14: 480 | BV14: 1000001 | CI14: 70004 | CK14: 装备 | CL14: 炼气级 | CM14: 常规上限 | CN14: 散件 | CO14: 伏妖印，印体凝聚灵机，兼顾攻伐与护身，偏重水行伤害。 | CP14: 山河有形，道心无界。 | CQ14: 【开发试配】常规上限；器法：镇压·2。数值、被动与词条均待正式平衡；美术沿用占位。
B15: =50000000+INDEX(编号表!$D$2:$D$37,MATCH(G15,编号表!$C$2:$C$37,0))*100000+INDEX(编号表!$F$2:$F$24,MATCH(H15,编号表!$E$2:$E$24,0))*1000+INDEX(编号表!$B$2:$B$7,MATCH(I15,编号表!$A$2:$A$7,0))*100+K15 -> 50003100 | C15: 草履 | D15: 180 | E15: 1-10 | F15: 1 | G15: 炼气 | H15: 鞋履 | I15: 凡品 | J15: =COUNTIFS($G$5:G15,G15,$H$5:H15,H15,$I$5:I15,I15)-1 -> 0 | K15: 0 | L15: 0 | M15: 通用 | O15: 5 | R15: 90013 | S15: 15001001 | Y15: 40001 | Z15: 装备 | AA15: 大类_基础装备 | AB15: 小类_A炼气 | AC15: 凡品 | AD15: 1 | AE15: 无 | AF15: 默认 | AG15: TRUE | AH15: FALSE | AI15: 无 | AJ15: 生命值 | AK15: 1 | AL15: 物防上限 | AM15: 1 | AN15: 法防上限 | AO15: 1 | AP15: 灵力值 | AQ15: 1 | BN15: 0 | BO15: 0 | BP15: 50003100 | BQ15: 50003100 | BR15: 50003100 | BS15: 50003100 | BT15: 0 | BU15: 8 | BV15: 1000001 | CI15: 70001 | CK15: 装备 | CL15: 炼气级 | CM15: 过渡 | CN15: 散件 | CO15: 草履，履底纹理稳固，随行护持周身。 | CP15: 尘路虽长，行者不息。 | CQ15: 【开发试配】过渡；过渡装备无固定器法。数值、被动与词条均待正式平衡；美术沿用占位。
B16: =50000000+INDEX(编号表!$D$2:$D$37,MATCH(G16,编号表!$C$2:$C$37,0))*100000+INDEX(编号表!$F$2:$F$24,MATCH(H16,编号表!$E$2:$E$24,0))*1000+INDEX(编号表!$B$2:$B$7,MATCH(I16,编号表!$A$2:$A$7,0))*100+K16 -> 50003200 | C16: 软底履 | D16: 180 | E16: 1-10 | F16: 1 | G16: 炼气 | H16: 鞋履 | I16: 灵品 | J16: =COUNTIFS($G$5:G16,G16,$H$5:H16,H16,$I$5:I16,I16)-1 -> 0 | K16: 0 | L16: 0 | M16: 通用 | O16: 5 | R16: 90013 | S16: 15001001 | Y16: 40002 | Z16: 装备 | AA16: 大类_基础装备 | AB16: 小类_A炼气 | AC16: 灵品 | AD16: 2 | AE16: 无 | AF16: 默认 | AG16: TRUE | AH16: FALSE | AI16: 无 | AJ16: 生命值 | AK16: 1 | AL16: 物防上限 | AM16: 2 | AN16: 法防上限 | AO16: 1 | AP16: 灵力值 | AQ16: 1 | BN16: 0 | BO16: 0 | BP16: 50003200 | BQ16: 50003200 | BR16: 50003200 | BS16: 50003200 | BT16: 0 | BU16: 24 | BV16: 1000001 | CI16: 70002 | CK16: 装备 | CL16: 炼气级 | CM16: 过渡 | CN16: 散件 | CO16: 软底履，履底纹理稳固，随行护持周身。 | CP16: 尘路虽长，行者不息。 | CQ16: 【开发试配】过渡；过渡装备无固定器法。数值、被动与词条均待正式平衡；美术沿用占位。
B17: =50000000+INDEX(编号表!$D$2:$D$37,MATCH(G17,编号表!$C$2:$C$37,0))*100000+INDEX(编号表!$F$2:$F$24,MATCH(H17,编号表!$E$2:$E$24,0))*1000+INDEX(编号表!$B$2:$B$7,MATCH(I17,编号表!$A$2:$A$7,0))*100+K17 -> 50003300 | C17: 逐风履 | D17: 180 | E17: 1-10 | F17: 1 | G17: 炼气 | H17: 鞋履 | I17: 玄品 | J17: =COUNTIFS($G$5:G17,G17,$H$5:H17,H17,$I$5:I17,I17)-1 -> 0 | K17: 0 | L17: 0 | M17: 通用 | O17: 5 | R17: 90013 | S17: 15001001 | Y17: 40003 | Z17: 装备 | AA17: 大类_基础装备 | AB17: 小类_A炼气 | AC17: 玄品 | AD17: 3 | AE17: 无 | AF17: 默认 | AG17: TRUE | AH17: FALSE | AI17: 无 | AJ17: 生命值 | AK17: 1 | AL17: 物防上限 | AM17: 2 | AN17: 法防上限 | AO17: 1 | AP17: 灵力值 | AQ17: 1 | AR17: 移动速度 | AS17: 5 | BN17: 11900401 | BO17: 0 | BP17: 50003300 | BQ17: 50003300 | BR17: 50003300 | BS17: 50003300 | BT17: 0 | BU17: 96 | BV17: 1000001 | CI17: 70003 | CK17: 装备 | CL17: 炼气级 | CM17: 主力 | CN17: 散件 | CO17: 逐风履，履底纹理稳固，随行护持周身。 | CP17: 风在足下，路在云间。 | CQ17: 【开发试配】主力；器法：疾行·1。数值、被动与词条均待正式平衡；美术沿用占位。
B18: =50000000+INDEX(编号表!$D$2:$D$37,MATCH(G18,编号表!$C$2:$C$37,0))*100000+INDEX(编号表!$F$2:$F$24,MATCH(H18,编号表!$E$2:$E$24,0))*1000+INDEX(编号表!$B$2:$B$7,MATCH(I18,编号表!$A$2:$A$7,0))*100+K18 -> 50003301 | C18: 青冥履 | D18: 180 | E18: 1-10 | F18: 1 | G18: 炼气 | H18: 鞋履 | I18: 玄品 | J18: =COUNTIFS($G$5:G18,G18,$H$5:H18,H18,$I$5:I18,I18)-1 -> 1 | K18: 1 | L18: 1 | M18: 通用 | O18: 5 | R18: 90013 | S18: 15001001 | Y18: 40003 | Z18: 装备 | AA18: 大类_基础装备 | AB18: 小类_A炼气 | AC18: 玄品 | AD18: 3 | AE18: 无 | AF18: 默认 | AG18: TRUE | AH18: FALSE | AI18: 无 | AJ18: 生命值 | AK18: 1 | AL18: 物防上限 | AM18: 3 | AN18: 法防上限 | AO18: 1 | AP18: 灵力值 | AQ18: 1 | AR18: 移动速度 | AS18: 5 | AT18: 闪避 | AU18: 200 | BN18: 11900501 | BO18: 0 | BP18: 50003301 | BQ18: 50003301 | BR18: 50003301 | BS18: 50003301 | BT18: 0 | BU18: 96 | BV18: 1000001 | CI18: 70003 | CK18: 装备 | CL18: 炼气级 | CM18: 主力 | CN18: 套装 | CO18: 青冥履，履底纹理稳固，随行护持周身，步履轻灵，利于闪避。 | CP18: 风在足下，路在云间。 | CQ18: 【开发试配】主力；器法：轻灵·1。数值、被动与词条均待正式平衡；美术沿用占位。
B19: =50000000+INDEX(编号表!$D$2:$D$37,MATCH(G19,编号表!$C$2:$C$37,0))*100000+INDEX(编号表!$F$2:$F$24,MATCH(H19,编号表!$E$2:$E$24,0))*1000+INDEX(编号表!$B$2:$B$7,MATCH(I19,编号表!$A$2:$A$7,0))*100+K19 -> 50003400 | C19: 凌波履 | D19: 180 | E19: 1-10 | F19: 1 | G19: 炼气 | H19: 鞋履 | I19: 仙品 | J19: =COUNTIFS($G$5:G19,G19,$H$5:H19,H19,$I$5:I19,I19)-1 -> 0 | K19: 0 | L19: 0 | M19: 通用 | O19: 5 | R19: 90013 | S19: 15001001 | Y19: 40004 | Z19: 装备 | AA19: 大类_基础装备 | AB19: 小类_A炼气 | AC19: 仙品 | AD19: 4 | AE19: 无 | AF19: 默认 | AG19: TRUE | AH19: FALSE | AI19: 无 | AJ19: 生命值 | AK19: 2 | AL19: 物防上限 | AM19: 2 | AN19: 法防上限 | AO19: 1 | AP19: 灵力值 | AQ19: 1 | AR19: 移动速度 | AS19: 8 | BN19: 11900402 | BO19: 0 | BP19: 50003400 | BQ19: 50003400 | BR19: 50003400 | BS19: 50003400 | BT19: 0 | BU19: 480 | BV19: 1000001 | CI19: 70004 | CK19: 装备 | CL19: 炼气级 | CM19: 常规上限 | CN19: 散件 | CO19: 凌波履，履底纹理稳固，随行护持周身。 | CP19: 去留随意，踏月无声。 | CQ19: 【开发试配】常规上限；器法：疾行·2。数值、被动与词条均待正式平衡；美术沿用占位。
B20: =50000000+INDEX(编号表!$D$2:$D$37,MATCH(G20,编号表!$C$2:$C$37,0))*100000+INDEX(编号表!$F$2:$F$24,MATCH(H20,编号表!$E$2:$E$24,0))*1000+INDEX(编号表!$B$2:$B$7,MATCH(I20,编号表!$A$2:$A$7,0))*100+K20 -> 50005100 | C20: 麻布袍 | D20: 180 | E20: 1-10 | F20: 1 | G20: 炼气 | H20: 法袍 | I20: 凡品 | J20: =COUNTIFS($G$5:G20,G20,$H$5:H20,H20,$I$5:I20,I20)-1 -> 0 | K20: 0 | L20: 0 | M20: 通用 | O20: 5 | R20: 90009 | S20: 15001001 | Y20: 40001 | Z20: 装备 | AA20: 大类_基础装备 | AB20: 小类_A炼气 | AC20: 凡品 | AD20: 1 | AE20: 无 | AF20: 默认 | AG20: TRUE | AH20: FALSE | AI20: 无 | AJ20: 生命值 | AK20: 1 | AL20: 物防上限 | AM20: 2 | AN20: 法防上限 | AO20: 1 | AP20: 灵力值 | AQ20: 1 | BN20: 0 | BO20: 0 | BP20: 50005100 | BQ20: 50005100 | BR20: 50005100 | BS20: 50005100 | BT20: 0 | BU20: 8 | BV20: 1000001 | CI20: 70001 | CK20: 装备 | CL20: 炼气级 | CM20: 过渡 | CN20: 散件 | CO20: 麻布袍，袍内灵纹相连，护持周身气机。 | CP20: 粗衣亦可挡风，初心自能御寒。 | CQ20: 【开发试配】过渡；过渡装备无固定器法。数值、被动与词条均待正式平衡；美术沿用占位。
B21: =50000000+INDEX(编号表!$D$2:$D$37,MATCH(G21,编号表!$C$2:$C$37,0))*100000+INDEX(编号表!$F$2:$F$24,MATCH(H21,编号表!$E$2:$E$24,0))*1000+INDEX(编号表!$B$2:$B$7,MATCH(I21,编号表!$A$2:$A$7,0))*100+K21 -> 50005200 | C21: 青布袍 | D21: 180 | E21: 1-10 | F21: 1 | G21: 炼气 | H21: 法袍 | I21: 灵品 | J21: =COUNTIFS($G$5:G21,G21,$H$5:H21,H21,$I$5:I21,I21)-1 -> 0 | K21: 0 | L21: 0 | M21: 通用 | O21: 5 | R21: 90009 | S21: 15001001 | Y21: 40002 | Z21: 装备 | AA21: 大类_基础装备 | AB21: 小类_A炼气 | AC21: 灵品 | AD21: 2 | AE21: 无 | AF21: 默认 | AG21: TRUE | AH21: FALSE | AI21: 无 | AJ21: 生命值 | AK21: 2 | AL21: 物防上限 | AM21: 2 | AN21: 法防上限 | AO21: 2 | AP21: 灵力值 | AQ21: 1 | BN21: 0 | BO21: 0 | BP21: 50005200 | BQ21: 50005200 | BR21: 50005200 | BS21: 50005200 | BT21: 0 | BU21: 24 | BV21: 1000001 | CI21: 70002 | CK21: 装备 | CL21: 炼气级 | CM21: 过渡 | CN21: 散件 | CO21: 青布袍，袍内灵纹相连，护持周身气机。 | CP21: 粗衣亦可挡风，初心自能御寒。 | CQ21: 【开发试配】过渡；过渡装备无固定器法。数值、被动与词条均待正式平衡；美术沿用占位。
B22: =50000000+INDEX(编号表!$D$2:$D$37,MATCH(G22,编号表!$C$2:$C$37,0))*100000+INDEX(编号表!$F$2:$F$24,MATCH(H22,编号表!$E$2:$E$24,0))*1000+INDEX(编号表!$B$2:$B$7,MATCH(I22,编号表!$A$2:$A$7,0))*100+K22 -> 50005300 | C22: 青冥法袍 | D22: 180 | E22: 1-10 | F22: 1 | G22: 炼气 | H22: 法袍 | I22: 玄品 | J22: =COUNTIFS($G$5:G22,G22,$H$5:H22,H22,$I$5:I22,I22)-1 -> 0 | K22: 0 | L22: 1 | M22: 通用 | O22: 5 | R22: 90009 | S22: 15001001 | Y22: 40003 | Z22: 装备 | AA22: 大类_基础装备 | AB22: 小类_A炼气 | AC22: 玄品 | AD22: 3 | AE22: 无 | AF22: 默认 | AG22: TRUE | AH22: FALSE | AI22: 无 | AJ22: 生命值 | AK22: 2 | AL22: 物防上限 | AM22: 3 | AN22: 法防上限 | AO22: 2 | AP22: 灵力值 | AQ22: 1 | BN22: 11900701 | BO22: 0 | BP22: 50005300 | BQ22: 50005300 | BR22: 50005300 | BS22: 50005300 | BT22: 0 | BU22: 96 | BV22: 1000001 | CI22: 70003 | CK22: 装备 | CL22: 炼气级 | CM22: 主力 | CN22: 套装 | CO22: 青冥法袍，袍内灵纹相连，护持周身气机。 | CP22: 一袭护身，静候风雷。 | CQ22: 【开发试配】主力；器法：厚甲·1。数值、被动与词条均待正式平衡；美术沿用占位。
B23: =50000000+INDEX(编号表!$D$2:$D$37,MATCH(G23,编号表!$C$2:$C$37,0))*100000+INDEX(编号表!$F$2:$F$24,MATCH(H23,编号表!$E$2:$E$24,0))*1000+INDEX(编号表!$B$2:$B$7,MATCH(I23,编号表!$A$2:$A$7,0))*100+K23 -> 50005400 | C23: 流云法袍 | D23: 180 | E23: 1-10 | F23: 1 | G23: 炼气 | H23: 法袍 | I23: 仙品 | J23: =COUNTIFS($G$5:G23,G23,$H$5:H23,H23,$I$5:I23,I23)-1 -> 0 | K23: 0 | L23: 0 | M23: 通用 | O23: 5 | R23: 90009 | S23: 15001001 | Y23: 40004 | Z23: 装备 | AA23: 大类_基础装备 | AB23: 小类_A炼气 | AC23: 仙品 | AD23: 4 | AE23: 无 | AF23: 默认 | AG23: TRUE | AH23: FALSE | AI23: 无 | AJ23: 生命值 | AK23: 3 | AL23: 物防上限 | AM23: 4 | AN23: 法防上限 | AO23: 2 | AP23: 灵力值 | AQ23: 1 | BN23: 11900702 | BO23: 0 | BP23: 50005400 | BQ23: 50005400 | BR23: 50005400 | BS23: 50005400 | BT23: 0 | BU23: 480 | BV23: 1000001 | CI23: 70004 | CK23: 装备 | CL23: 炼气级 | CM23: 常规上限 | CN23: 散件 | CO23: 流云法袍，袍内灵纹相连，护持周身气机。 | CP23: 衣纹如水，心定如山。 | CQ23: 【开发试配】常规上限；器法：厚甲·2。数值、被动与词条均待正式平衡；美术沿用占位。
B24: =50000000+INDEX(编号表!$D$2:$D$37,MATCH(G24,编号表!$C$2:$C$37,0))*100000+INDEX(编号表!$F$2:$F$24,MATCH(H24,编号表!$E$2:$E$24,0))*1000+INDEX(编号表!$B$2:$B$7,MATCH(I24,编号表!$A$2:$A$7,0))*100+K24 -> 50006100 | C24: 布巾 | D24: 180 | E24: 1-10 | F24: 1 | G24: 炼气 | H24: 冠 | I24: 凡品 | J24: =COUNTIFS($G$5:G24,G24,$H$5:H24,H24,$I$5:I24,I24)-1 -> 0 | K24: 0 | L24: 0 | M24: 通用 | O24: 5 | R24: 90008 | S24: 15001001 | Y24: 40001 | Z24: 装备 | AA24: 大类_基础装备 | AB24: 小类_A炼气 | AC24: 凡品 | AD24: 1 | AE24: 无 | AF24: 默认 | AG24: TRUE | AH24: FALSE | AI24: 无 | AJ24: 生命值 | AK24: 1 | AL24: 物防上限 | AM24: 1 | AN24: 法防上限 | AO24: 1 | AP24: 灵力值 | AQ24: 1 | BN24: 0 | BO24: 0 | BP24: 50006100 | BQ24: 50006100 | BR24: 50006100 | BS24: 50006100 | BT24: 0 | BU24: 8 | BV24: 1000001 | CI24: 70001 | CK24: 装备 | CL24: 炼气级 | CM24: 过渡 | CN24: 散件 | CO24: 布巾，冠中灵纹清明，护持修士心神。 | CP24: 束发整衣，自此问道。 | CQ24: 【开发试配】过渡；过渡装备无固定器法。数值、被动与词条均待正式平衡；美术沿用占位。
B25: =50000000+INDEX(编号表!$D$2:$D$37,MATCH(G25,编号表!$C$2:$C$37,0))*100000+INDEX(编号表!$F$2:$F$24,MATCH(H25,编号表!$E$2:$E$24,0))*1000+INDEX(编号表!$B$2:$B$7,MATCH(I25,编号表!$A$2:$A$7,0))*100+K25 -> 50006200 | C25: 束发冠 | D25: 180 | E25: 1-10 | F25: 1 | G25: 炼气 | H25: 冠 | I25: 灵品 | J25: =COUNTIFS($G$5:G25,G25,$H$5:H25,H25,$I$5:I25,I25)-1 -> 0 | K25: 0 | L25: 0 | M25: 通用 | O25: 5 | R25: 90008 | S25: 15001001 | Y25: 40002 | Z25: 装备 | AA25: 大类_基础装备 | AB25: 小类_A炼气 | AC25: 灵品 | AD25: 2 | AE25: 无 | AF25: 默认 | AG25: TRUE | AH25: FALSE | AI25: 无 | AJ25: 生命值 | AK25: 1 | AL25: 物防上限 | AM25: 1 | AN25: 法防上限 | AO25: 2 | AP25: 灵力值 | AQ25: 1 | BN25: 0 | BO25: 0 | BP25: 50006200 | BQ25: 50006200 | BR25: 50006200 | BS25: 50006200 | BT25: 0 | BU25: 24 | BV25: 1000001 | CI25: 70002 | CK25: 装备 | CL25: 炼气级 | CM25: 过渡 | CN25: 散件 | CO25: 束发冠，冠中灵纹清明，护持修士心神。 | CP25: 束发整衣，自此问道。 | CQ25: 【开发试配】过渡；过渡装备无固定器法。数值、被动与词条均待正式平衡；美术沿用占位。
B26: =50000000+INDEX(编号表!$D$2:$D$37,MATCH(G26,编号表!$C$2:$C$37,0))*100000+INDEX(编号表!$F$2:$F$24,MATCH(H26,编号表!$E$2:$E$24,0))*1000+INDEX(编号表!$B$2:$B$7,MATCH(I26,编号表!$A$2:$A$7,0))*100+K26 -> 50006300 | C26: 青冥冠 | D26: 180 | E26: 1-10 | F26: 1 | G26: 炼气 | H26: 冠 | I26: 玄品 | J26: =COUNTIFS($G$5:G26,G26,$H$5:H26,H26,$I$5:I26,I26)-1 -> 0 | K26: 0 | L26: 1 | M26: 通用 | O26: 5 | R26: 90008 | S26: 15001001 | Y26: 40003 | Z26: 装备 | AA26: 大类_基础装备 | AB26: 小类_A炼气 | AC26: 玄品 | AD26: 3 | AE26: 无 | AF26: 默认 | AG26: TRUE | AH26: FALSE | AI26: 无 | AJ26: 生命值 | AK26: 1 | AL26: 物防上限 | AM26: 1 | AN26: 法防上限 | AO26: 2 | AP26: 灵力值 | AQ26: 1 | AR26: 神识 | AS26: 1 | BN26: 11900901 | BO26: 0 | BP26: 50006300 | BQ26: 50006300 | BR26: 50006300 | BS26: 50006300 | BT26: 0 | BU26: 96 | BV26: 1000001 | CI26: 70003 | CK26: 装备 | CL26: 炼气级 | CM26: 主力 | CN26: 套装 | CO26: 青冥冠，冠中灵纹清明，护持修士心神，并有助于凝聚神识。 | CP26: 外物纷纭，一念澄明。 | CQ26: 【开发试配】主力；器法：凝神·1。数值、被动与词条均待正式平衡；美术沿用占位。
B27: =50000000+INDEX(编号表!$D$2:$D$37,MATCH(G27,编号表!$C$2:$C$37,0))*100000+INDEX(编号表!$F$2:$F$24,MATCH(H27,编号表!$E$2:$E$24,0))*1000+INDEX(编号表!$B$2:$B$7,MATCH(I27,编号表!$A$2:$A$7,0))*100+K27 -> 50006400 | C27: 紫霞冠 | D27: 180 | E27: 1-10 | F27: 1 | G27: 炼气 | H27: 冠 | I27: 仙品 | J27: =COUNTIFS($G$5:G27,G27,$H$5:H27,H27,$I$5:I27,I27)-1 -> 0 | K27: 0 | L27: 0 | M27: 通用 | O27: 5 | R27: 90008 | S27: 15001001 | Y27: 40004 | Z27: 装备 | AA27: 大类_基础装备 | AB27: 小类_A炼气 | AC27: 仙品 | AD27: 4 | AE27: 无 | AF27: 默认 | AG27: TRUE | AH27: FALSE | AI27: 无 | AJ27: 生命值 | AK27: 2 | AL27: 物防上限 | AM27: 1 | AN27: 法防上限 | AO27: 2 | AP27: 灵力值 | AQ27: 2 | AR27: 神识 | AS27: 1 | BN27: 11900902 | BO27: 0 | BP27: 50006400 | BQ27: 50006400 | BR27: 50006400 | BS27: 50006400 | BT27: 0 | BU27: 480 | BV27: 1000001 | CI27: 70004 | CK27: 装备 | CL27: 炼气级 | CM27: 常规上限 | CN27: 散件 | CO27: 紫霞冠，冠中灵纹清明，护持修士心神，并有助于凝聚神识。 | CP27: 仰观星斗，静守寸心。 | CQ27: 【开发试配】常规上限；器法：凝神·2。数值、被动与词条均待正式平衡；美术沿用占位。
B28: =50000000+INDEX(编号表!$D$2:$D$37,MATCH(G28,编号表!$C$2:$C$37,0))*100000+INDEX(编号表!$F$2:$F$24,MATCH(H28,编号表!$E$2:$E$24,0))*1000+INDEX(编号表!$B$2:$B$7,MATCH(I28,编号表!$A$2:$A$7,0))*100+K28 -> 50019100 | C28: 木佩 | D28: 180 | E28: 1-10 | F28: 1 | G28: 炼气 | H28: 玉佩 | I28: 凡品 | J28: =COUNTIFS($G$5:G28,G28,$H$5:H28,H28,$I$5:I28,I28)-1 -> 0 | K28: 0 | L28: 0 | M28: 通用 | O28: 5 | R28: 90011 | S28: 15001001 | Y28: 40001 | Z28: 装备 | AA28: 大类_基础装备 | AB28: 小类_A炼气 | AC28: 凡品 | AD28: 1 | AE28: 无 | AF28: 默认 | AG28: TRUE | AH28: FALSE | AI28: 无 | AJ28: 攻击上限 | AK28: 1 | AL28: 生命值 | AM28: 1 | AN28: 物防上限 | AO28: 1 | AP28: 法防上限 | AQ28: 1 | AR28: 灵力值 | AS28: 1 | BN28: 0 | BO28: 0 | BP28: 50019100 | BQ28: 50019100 | BR28: 50019100 | BS28: 50019100 | BT28: 0 | BU28: 8 | BV28: 1000001 | CI28: 70001 | CK28: 装备 | CL28: 炼气级 | CM28: 过渡 | CN28: 散件 | CO28: 木佩，佩中灵机温润，攻守间自成助益。 | CP28: 佩玉无言，与君同行。 | CQ28: 【开发试配】过渡；过渡装备无固定器法。数值、被动与词条均待正式平衡；美术沿用占位。
B29: =50000000+INDEX(编号表!$D$2:$D$37,MATCH(G29,编号表!$C$2:$C$37,0))*100000+INDEX(编号表!$F$2:$F$24,MATCH(H29,编号表!$E$2:$E$24,0))*1000+INDEX(编号表!$B$2:$B$7,MATCH(I29,编号表!$A$2:$A$7,0))*100+K29 -> 50019200 | C29: 青石佩 | D29: 180 | E29: 1-10 | F29: 1 | G29: 炼气 | H29: 玉佩 | I29: 灵品 | J29: =COUNTIFS($G$5:G29,G29,$H$5:H29,H29,$I$5:I29,I29)-1 -> 0 | K29: 0 | L29: 0 | M29: 通用 | O29: 5 | R29: 90011 | S29: 15001001 | Y29: 40002 | Z29: 装备 | AA29: 大类_基础装备 | AB29: 小类_A炼气 | AC29: 灵品 | AD29: 2 | AE29: 无 | AF29: 默认 | AG29: TRUE | AH29: FALSE | AI29: 无 | AJ29: 攻击上限 | AK29: 1 | AL29: 生命值 | AM29: 1 | AN29: 物防上限 | AO29: 1 | AP29: 法防上限 | AQ29: 2 | AR29: 灵力值 | AS29: 1 | BN29: 0 | BO29: 0 | BP29: 50019200 | BQ29: 50019200 | BR29: 50019200 | BS29: 50019200 | BT29: 0 | BU29: 24 | BV29: 1000001 | CI29: 70002 | CK29: 装备 | CL29: 炼气级 | CM29: 过渡 | CN29: 散件 | CO29: 青石佩，佩中灵机温润，攻守间自成助益。 | CP29: 佩玉无言，与君同行。 | CQ29: 【开发试配】过渡；过渡装备无固定器法。数值、被动与词条均待正式平衡；美术沿用占位。
B30: =50000000+INDEX(编号表!$D$2:$D$37,MATCH(G30,编号表!$C$2:$C$37,0))*100000+INDEX(编号表!$F$2:$F$24,MATCH(H30,编号表!$E$2:$E$24,0))*1000+INDEX(编号表!$B$2:$B$7,MATCH(I30,编号表!$A$2:$A$7,0))*100+K30 -> 50019300 | C30: 聚锋佩 | D30: 180 | E30: 1-10 | F30: 1 | G30: 炼气 | H30: 玉佩 | I30: 玄品 | J30: =COUNTIFS($G$5:G30,G30,$H$5:H30,H30,$I$5:I30,I30)-1 -> 0 | K30: 0 | L30: 0 | M30: 金行 | O30: 5 | R30: 90011 | S30: 15001001 | Y30: 40003 | Z30: 装备 | AA30: 大类_基础装备 | AB30: 小类_A炼气 | AC30: 玄品 | AD30: 3 | AE30: 无 | AF30: 默认 | AG30: TRUE | AH30: FALSE | AI30: 无 | AJ30: 攻击上限 | AK30: 1 | AL30: 生命值 | AM30: 1 | AN30: 物防上限 | AO30: 1 | AP30: 法防上限 | AQ30: 2 | AR30: 灵力值 | AS30: 1 | AT30: 金行增幅 | AU30: 400 | BN30: 11901501 | BO30: 0 | BP30: 50019300 | BQ30: 50019300 | BR30: 50019300 | BS30: 50019300 | BT30: 0 | BU30: 96 | BV30: 1000001 | CI30: 70003 | CK30: 装备 | CL30: 炼气级 | CM30: 主力 | CN30: 散件 | CO30: 聚锋佩，佩中灵机温润，攻守间自成助益，偏重金行伤害。 | CP30: 鸣玉在侧，灵意长存。 | CQ30: 【开发试配】主力；器法：金曜·1。数值、被动与词条均待正式平衡；美术沿用占位。
B31: =50000000+INDEX(编号表!$D$2:$D$37,MATCH(G31,编号表!$C$2:$C$37,0))*100000+INDEX(编号表!$F$2:$F$24,MATCH(H31,编号表!$E$2:$E$24,0))*1000+INDEX(编号表!$B$2:$B$7,MATCH(I31,编号表!$A$2:$A$7,0))*100+K31 -> 50019301 | C31: 长青佩 | D31: 180 | E31: 1-10 | F31: 1 | G31: 炼气 | H31: 玉佩 | I31: 玄品 | J31: =COUNTIFS($G$5:G31,G31,$H$5:H31,H31,$I$5:I31,I31)-1 -> 1 | K31: 1 | L31: 0 | M31: 木行 | O31: 5 | R31: 90011 | S31: 15001001 | Y31: 40003 | Z31: 装备 | AA31: 大类_基础装备 | AB31: 小类_A炼气 | AC31: 玄品 | AD31: 3 | AE31: 无 | AF31: 默认 | AG31: TRUE | AH31: FALSE | AI31: 无 | AJ31: 攻击上限 | AK31: 1 | AL31: 生命值 | AM31: 1 | AN31: 物防上限 | AO31: 2 | AP31: 法防上限 | AQ31: 1 | AR31: 灵力值 | AS31: 1 | AT31: 木行增幅 | AU31: 400 | AV31: 暴击率 | AW31: 200 | BN31: 11900301 | BO31: 0 | BP31: 50019301 | BQ31: 50019301 | BR31: 50019301 | BS31: 50019301 | BT31: 0 | BU31: 96 | BV31: 1000001 | CI31: 70003 | CK31: 装备 | CL31: 炼气级 | CM31: 主力 | CN31: 散件 | CO31: 长青佩，佩中灵机温润，攻守间自成助益，偏重木行伤害，有助于把握攻伐时机。 | CP31: 鸣玉在侧，灵意长存。 | CQ31: 【开发试配】主力；器法：破军·1。数值、被动与词条均待正式平衡；美术沿用占位。
B32: =50000000+INDEX(编号表!$D$2:$D$37,MATCH(G32,编号表!$C$2:$C$37,0))*100000+INDEX(编号表!$F$2:$F$24,MATCH(H32,编号表!$E$2:$E$24,0))*1000+INDEX(编号表!$B$2:$B$7,MATCH(I32,编号表!$A$2:$A$7,0))*100+K32 -> 50019302 | C32: 回澜佩 | D32: 180 | E32: 1-10 | F32: 1 | G32: 炼气 | H32: 玉佩 | I32: 玄品 | J32: =COUNTIFS($G$5:G32,G32,$H$5:H32,H32,$I$5:I32,I32)-1 -> 2 | K32: 2 | L32: 0 | M32: 水行 | O32: 5 | R32: 90011 | S32: 15001001 | Y32: 40003 | Z32: 装备 | AA32: 大类_基础装备 | AB32: 小类_A炼气 | AC32: 玄品 | AD32: 3 | AE32: 无 | AF32: 默认 | AG32: TRUE | AH32: FALSE | AI32: 无 | AJ32: 攻击上限 | AK32: 1 | AL32: 生命值 | AM32: 1 | AN32: 物防上限 | AO32: 1 | AP32: 法防上限 | AQ32: 2 | AR32: 灵力值 | AS32: 1 | AT32: 水行增幅 | AU32: 400 | AV32: 神识 | AW32: 1 | BN32: 11901401 | BO32: 0 | BP32: 50019302 | BQ32: 50019302 | BR32: 50019302 | BS32: 50019302 | BT32: 0 | BU32: 96 | BV32: 1000001 | CI32: 70003 | CK32: 装备 | CL32: 炼气级 | CM32: 主力 | CN32: 散件 | CO32: 回澜佩，佩中灵机温润，攻守间自成助益，偏重水行伤害，并有助于凝聚神识。 | CP32: 鸣玉在侧，灵意长存。 | CQ32: 【开发试配】主力；器法：凝元·1。数值、被动与词条均待正式平衡；美术沿用占位。
B33: =50000000+INDEX(编号表!$D$2:$D$37,MATCH(G33,编号表!$C$2:$C$37,0))*100000+INDEX(编号表!$F$2:$F$24,MATCH(H33,编号表!$E$2:$E$24,0))*1000+INDEX(编号表!$B$2:$B$7,MATCH(I33,编号表!$A$2:$A$7,0))*100+K33 -> 50019303 | C33: 青冥玉佩 | D33: 180 | E33: 1-10 | F33: 1 | G33: 炼气 | H33: 玉佩 | I33: 玄品 | J33: =COUNTIFS($G$5:G33,G33,$H$5:H33,H33,$I$5:I33,I33)-1 -> 3 | K33: 3 | L33: 1 | M33: 金行 | O33: 5 | R33: 90011 | S33: 15001001 | Y33: 40003 | Z33: 装备 | AA33: 大类_基础装备 | AB33: 小类_A炼气 | AC33: 玄品 | AD33: 3 | AE33: 无 | AF33: 默认 | AG33: TRUE | AH33: FALSE | AI33: 无 | AJ33: 攻击上限 | AK33: 1 | AL33: 生命值 | AM33: 1 | AN33: 物防上限 | AO33: 1 | AP33: 法防上限 | AQ33: 2 | AR33: 灵力值 | AS33: 1 | AT33: 金行增幅 | AU33: 400 | BN33: 11901501 | BO33: 0 | BP33: 50019303 | BQ33: 50019303 | BR33: 50019303 | BS33: 50019303 | BT33: 0 | BU33: 96 | BV33: 1000001 | CI33: 70003 | CK33: 装备 | CL33: 炼气级 | CM33: 主力 | CN33: 套装 | CO33: 青冥玉佩，佩中灵机温润，攻守间自成助益，偏重金行伤害。 | CP33: 鸣玉在侧，灵意长存。 | CQ33: 【开发试配】主力；器法：金曜·1。数值、被动与词条均待正式平衡；美术沿用占位。
B34: =50000000+INDEX(编号表!$D$2:$D$37,MATCH(G34,编号表!$C$2:$C$37,0))*100000+INDEX(编号表!$F$2:$F$24,MATCH(H34,编号表!$E$2:$E$24,0))*1000+INDEX(编号表!$B$2:$B$7,MATCH(I34,编号表!$A$2:$A$7,0))*100+K34 -> 50019400 | C34: 凝碧佩 | D34: 180 | E34: 1-10 | F34: 1 | G34: 炼气 | H34: 玉佩 | I34: 仙品 | J34: =COUNTIFS($G$5:G34,G34,$H$5:H34,H34,$I$5:I34,I34)-1 -> 0 | K34: 0 | L34: 0 | M34: 木行 | O34: 5 | R34: 90011 | S34: 15001001 | Y34: 40004 | Z34: 装备 | AA34: 大类_基础装备 | AB34: 小类_A炼气 | AC34: 仙品 | AD34: 4 | AE34: 无 | AF34: 默认 | AG34: TRUE | AH34: FALSE | AI34: 无 | AJ34: 攻击上限 | AK34: 1 | AL34: 生命值 | AM34: 1 | AN34: 物防上限 | AO34: 1 | AP34: 法防上限 | AQ34: 2 | AR34: 灵力值 | AS34: 1 | AT34: 木行增幅 | AU34: 600 | BN34: 11901602 | BO34: 0 | BP34: 50019400 | BQ34: 50019400 | BR34: 50019400 | BS34: 50019400 | BT34: 0 | BU34: 480 | BV34: 1000001 | CI34: 70004 | CK34: 装备 | CL34: 炼气级 | CM34: 常规上限 | CN34: 散件 | CO34: 凝碧佩，佩中灵机温润，攻守间自成助益，偏重木行伤害。 | CP34: 一握温凉，照见本心。 | CQ34: 【开发试配】常规上限；器法：青荣·2。数值、被动与词条均待正式平衡；美术沿用占位。
B35: =50000000+INDEX(编号表!$D$2:$D$37,MATCH(G35,编号表!$C$2:$C$37,0))*100000+INDEX(编号表!$F$2:$F$24,MATCH(H35,编号表!$E$2:$E$24,0))*1000+INDEX(编号表!$B$2:$B$7,MATCH(I35,编号表!$A$2:$A$7,0))*100+K35 -> 50500100 | C35: 百锻剑 | D35: 180 | E35: 11-20 | F35: 11 | G35: 筑基 | H35: 武器 | I35: 凡品 | J35: =COUNTIFS($G$5:G35,G35,$H$5:H35,H35,$I$5:I35,I35)-1 -> 0 | K35: 0 | L35: 0 | M35: 剑道 | O35: 5 | R35: 90010 | S35: 15001001 | Y35: 40001 | Z35: 装备 | AA35: 大类_基础装备 | AB35: 小类_B筑基 | AC35: 凡品 | AD35: 1 | AE35: 无 | AF35: 默认 | AG35: TRUE | AH35: FALSE | AI35: 无 | AJ35: 攻击上限 | AK35: 5 | BN35: 0 | BO35: 0 | BP35: 50500100 | BQ35: 50500100 | BR35: 50500100 | BS35: 50500100 | BT35: 0 | BU35: 40 | BV35: 1000001 | CI35: 70001 | CK35: 装备 | CL35: 筑基级 | CM35: 过渡 | CN35: 散件 | CO35: 百锻剑，剑身经反复锻炼，以锋刃承载攻伐之力。 | CP35: 锋芒初露，先问前路。 | CQ35: 【开发试配】过渡；过渡装备无固定器法。数值、被动与词条均待正式平衡；美术沿用占位。
B36: =50000000+INDEX(编号表!$D$2:$D$37,MATCH(G36,编号表!$C$2:$C$37,0))*100000+INDEX(编号表!$F$2:$F$24,MATCH(H36,编号表!$E$2:$E$24,0))*1000+INDEX(编号表!$B$2:$B$7,MATCH(I36,编号表!$A$2:$A$7,0))*100+K36 -> 50500200 | C36: 玄铁剑 | D36: 180 | E36: 11-20 | F36: 11 | G36: 筑基 | H36: 武器 | I36: 灵品 | J36: =COUNTIFS($G$5:G36,G36,$H$5:H36,H36,$I$5:I36,I36)-1 -> 0 | K36: 0 | L36: 0 | M36: 剑道 | O36: 5 | R36: 90010 | S36: 15001001 | Y36: 40002 | Z36: 装备 | AA36: 大类_基础装备 | AB36: 小类_B筑基 | AC36: 灵品 | AD36: 2 | AE36: 无 | AF36: 默认 | AG36: TRUE | AH36: FALSE | AI36: 无 | AJ36: 攻击上限 | AK36: 7 | BN36: 0 | BO36: 0 | BP36: 50500200 | BQ36: 50500200 | BR36: 50500200 | BS36: 50500200 | BT36: 0 | BU36: 120 | BV36: 1000001 | CI36: 70002 | CK36: 装备 | CL36: 筑基级 | CM36: 过渡 | CN36: 散件 | CO36: 玄铁剑，剑身经反复锻炼，以锋刃承载攻伐之力。 | CP36: 锋芒初露，先问前路。 | CQ36: 【开发试配】过渡；过渡装备无固定器法。数值、被动与词条均待正式平衡；美术沿用占位。
B37: =50000000+INDEX(编号表!$D$2:$D$37,MATCH(G37,编号表!$C$2:$C$37,0))*100000+INDEX(编号表!$F$2:$F$24,MATCH(H37,编号表!$E$2:$E$24,0))*1000+INDEX(编号表!$B$2:$B$7,MATCH(I37,编号表!$A$2:$A$7,0))*100+K37 -> 50500300 | C37: 凝霜剑 | D37: 180 | E37: 11-20 | F37: 11 | G37: 筑基 | H37: 武器 | I37: 玄品 | J37: =COUNTIFS($G$5:G37,G37,$H$5:H37,H37,$I$5:I37,I37)-1 -> 0 | K37: 0 | L37: 0 | M37: 剑道 | O37: 5 | R37: 90010 | S37: 15001001 | Y37: 40003 | Z37: 装备 | AA37: 大类_基础装备 | AB37: 小类_B筑基 | AC37: 玄品 | AD37: 3 | AE37: 无 | AF37: 默认 | AG37: TRUE | AH37: FALSE | AI37: 无 | AJ37: 攻击上限 | AK37: 9 | BN37: 11900101 | BO37: 0 | BP37: 50500300 | BQ37: 50500300 | BR37: 50500300 | BS37: 50500300 | BT37: 0 | BU37: 480 | BV37: 1000001 | CI37: 70003 | CK37: 装备 | CL37: 筑基级 | CM37: 主力 | CN37: 散件 | CO37: 凝霜剑，剑身经反复锻炼，以锋刃承载攻伐之力。 | CP37: 剑意藏锋，出鞘见真。 | CQ37: 【开发试配】主力；器法：养锋·1。数值、被动与词条均待正式平衡；美术沿用占位。
B38: =50000000+INDEX(编号表!$D$2:$D$37,MATCH(G38,编号表!$C$2:$C$37,0))*100000+INDEX(编号表!$F$2:$F$24,MATCH(H38,编号表!$E$2:$E$24,0))*1000+INDEX(编号表!$B$2:$B$7,MATCH(I38,编号表!$A$2:$A$7,0))*100+K38 -> 50500301 | C38: 流霞拂尘 | D38: 180 | E38: 11-20 | F38: 11 | G38: 筑基 | H38: 武器 | I38: 玄品 | J38: =COUNTIFS($G$5:G38,G38,$H$5:H38,H38,$I$5:I38,I38)-1 -> 1 | K38: 1 | L38: 0 | M38: 五行 | O38: 5 | R38: 90010 | S38: 15001001 | Y38: 40003 | Z38: 装备 | AA38: 大类_基础装备 | AB38: 小类_B筑基 | AC38: 玄品 | AD38: 3 | AE38: 无 | AF38: 默认 | AG38: TRUE | AH38: FALSE | AI38: 无 | AJ38: 攻击上限 | AK38: 9 | BN38: 11900201 | BO38: 0 | BP38: 50500301 | BQ38: 50500301 | BR38: 50500301 | BS38: 50500301 | BT38: 0 | BU38: 480 | BV38: 1000001 | CI38: 70003 | CK38: 装备 | CL38: 筑基级 | CM38: 主力 | CN38: 散件 | CO38: 流霞拂尘，丝缕聚散随心，以器身引导攻伐之力。 | CP38: 尘丝拂尽，灵机自明。 | CQ38: 【开发试配】主力；器法：引灵·1。数值、被动与词条均待正式平衡；美术沿用占位。
B39: =50000000+INDEX(编号表!$D$2:$D$37,MATCH(G39,编号表!$C$2:$C$37,0))*100000+INDEX(编号表!$F$2:$F$24,MATCH(H39,编号表!$E$2:$E$24,0))*1000+INDEX(编号表!$B$2:$B$7,MATCH(I39,编号表!$A$2:$A$7,0))*100+K39 -> 50500400 | C39: 斩霞剑 | D39: 180 | E39: 11-20 | F39: 11 | G39: 筑基 | H39: 武器 | I39: 仙品 | J39: =COUNTIFS($G$5:G39,G39,$H$5:H39,H39,$I$5:I39,I39)-1 -> 0 | K39: 0 | L39: 0 | M39: 剑道 | O39: 5 | R39: 90010 | S39: 15001001 | Y39: 40004 | Z39: 装备 | AA39: 大类_基础装备 | AB39: 小类_B筑基 | AC39: 仙品 | AD39: 4 | AE39: 无 | AF39: 默认 | AG39: TRUE | AH39: FALSE | AI39: 无 | AJ39: 攻击上限 | AK39: 11 | BN39: 11900102 | BO39: 0 | BP39: 50500400 | BQ39: 50500400 | BR39: 50500400 | BS39: 50500400 | BT39: 0 | BU39: 2400 | BV39: 1000001 | CI39: 70004 | CK39: 装备 | CL39: 筑基级 | CM39: 常规上限 | CN39: 散件 | CO39: 斩霞剑，剑身经反复锻炼，以锋刃承载攻伐之力。 | CP39: 剑意藏锋，出鞘见真。 | CQ39: 【开发试配】常规上限；器法：养锋·2。数值、被动与词条均待正式平衡；美术沿用占位。
B40: =50000000+INDEX(编号表!$D$2:$D$37,MATCH(G40,编号表!$C$2:$C$37,0))*100000+INDEX(编号表!$F$2:$F$24,MATCH(H40,编号表!$E$2:$E$24,0))*1000+INDEX(编号表!$B$2:$B$7,MATCH(I40,编号表!$A$2:$A$7,0))*100+K40 -> 50500401 | C40: 流火羽扇 | D40: 180 | E40: 11-20 | F40: 11 | G40: 筑基 | H40: 武器 | I40: 仙品 | J40: =COUNTIFS($G$5:G40,G40,$H$5:H40,H40,$I$5:I40,I40)-1 -> 1 | K40: 1 | L40: 0 | M40: 五行 | O40: 5 | R40: 90010 | S40: 15001001 | Y40: 40004 | Z40: 装备 | AA40: 大类_基础装备 | AB40: 小类_B筑基 | AC40: 仙品 | AD40: 4 | AE40: 无 | AF40: 默认 | AG40: TRUE | AH40: FALSE | AI40: 无 | AJ40: 攻击上限 | AK40: 11 | BN40: 11900202 | BO40: 0 | BP40: 50500401 | BQ40: 50500401 | BR40: 50500401 | BS40: 50500401 | BT40: 0 | BU40: 2400 | BV40: 1000001 | CI40: 70004 | CK40: 装备 | CL40: 筑基级 | CM40: 常规上限 | CN40: 散件 | CO40: 流火羽扇，扇骨羽纹相合，以灵气催动攻伐之力。 | CP40: 尘丝拂尽，灵机自明。 | CQ40: 【开发试配】常规上限；器法：引灵·2。数值、被动与词条均待正式平衡；美术沿用占位。
B41: =50000000+INDEX(编号表!$D$2:$D$37,MATCH(G41,编号表!$C$2:$C$37,0))*100000+INDEX(编号表!$F$2:$F$24,MATCH(H41,编号表!$E$2:$E$24,0))*1000+INDEX(编号表!$B$2:$B$7,MATCH(I41,编号表!$A$2:$A$7,0))*100+K41 -> 50501100 | C41: 方铜印 | D41: 180 | E41: 11-20 | F41: 11 | G41: 筑基 | H41: 印绶 | I41: 凡品 | J41: =COUNTIFS($G$5:G41,G41,$H$5:H41,H41,$I$5:I41,I41)-1 -> 0 | K41: 0 | L41: 0 | M41: 通用 | O41: 5 | R41: 90012 | S41: 15001001 | Y41: 40001 | Z41: 装备 | AA41: 大类_基础装备 | AB41: 小类_B筑基 | AC41: 凡品 | AD41: 1 | AE41: 无 | AF41: 默认 | AG41: TRUE | AH41: FALSE | AI41: 无 | AJ41: 攻击上限 | AK41: 1 | AL41: 生命值 | AM41: 2 | AN41: 物防上限 | AO41: 2 | AP41: 法防上限 | AQ41: 4 | AR41: 灵力值 | AS41: 1 | BN41: 0 | BO41: 0 | BP41: 50501100 | BQ41: 50501100 | BR41: 50501100 | BS41: 50501100 | BT41: 0 | BU41: 40 | BV41: 1000001 | CI41: 70001 | CK41: 装备 | CL41: 筑基级 | CM41: 过渡 | CN41: 散件 | CO41: 方铜印，印体凝聚灵机，兼顾攻伐与护身。 | CP41: 掌中方寸，亦有沉重。 | CQ41: 【开发试配】过渡；过渡装备无固定器法。数值、被动与词条均待正式平衡；美术沿用占位。
B42: =50000000+INDEX(编号表!$D$2:$D$37,MATCH(G42,编号表!$C$2:$C$37,0))*100000+INDEX(编号表!$F$2:$F$24,MATCH(H42,编号表!$E$2:$E$24,0))*1000+INDEX(编号表!$B$2:$B$7,MATCH(I42,编号表!$A$2:$A$7,0))*100+K42 -> 50501200 | C42: 镇石印 | D42: 180 | E42: 11-20 | F42: 11 | G42: 筑基 | H42: 印绶 | I42: 灵品 | J42: =COUNTIFS($G$5:G42,G42,$H$5:H42,H42,$I$5:I42,I42)-1 -> 0 | K42: 0 | L42: 0 | M42: 通用 | O42: 5 | R42: 90012 | S42: 15001001 | Y42: 40002 | Z42: 装备 | AA42: 大类_基础装备 | AB42: 小类_B筑基 | AC42: 灵品 | AD42: 2 | AE42: 无 | AF42: 默认 | AG42: TRUE | AH42: FALSE | AI42: 无 | AJ42: 攻击上限 | AK42: 2 | AL42: 生命值 | AM42: 2 | AN42: 物防上限 | AO42: 3 | AP42: 法防上限 | AQ42: 5 | AR42: 灵力值 | AS42: 1 | BN42: 0 | BO42: 0 | BP42: 50501200 | BQ42: 50501200 | BR42: 50501200 | BS42: 50501200 | BT42: 0 | BU42: 120 | BV42: 1000001 | CI42: 70002 | CK42: 装备 | CL42: 筑基级 | CM42: 过渡 | CN42: 散件 | CO42: 镇石印，印体凝聚灵机，兼顾攻伐与护身。 | CP42: 掌中方寸，亦有沉重。 | CQ42: 【开发试配】过渡；过渡装备无固定器法。数值、被动与词条均待正式平衡；美术沿用占位。
B43: =50000000+INDEX(编号表!$D$2:$D$37,MATCH(G43,编号表!$C$2:$C$37,0))*100000+INDEX(编号表!$F$2:$F$24,MATCH(H43,编号表!$E$2:$E$24,0))*1000+INDEX(编号表!$B$2:$B$7,MATCH(I43,编号表!$A$2:$A$7,0))*100+K43 -> 50501300 | C43: 燎原印 | D43: 180 | E43: 11-20 | F43: 11 | G43: 筑基 | H43: 印绶 | I43: 玄品 | J43: =COUNTIFS($G$5:G43,G43,$H$5:H43,H43,$I$5:I43,I43)-1 -> 0 | K43: 0 | L43: 0 | M43: 火行 | O43: 5 | R43: 90012 | S43: 15001001 | Y43: 40003 | Z43: 装备 | AA43: 大类_基础装备 | AB43: 小类_B筑基 | AC43: 玄品 | AD43: 3 | AE43: 无 | AF43: 默认 | AG43: TRUE | AH43: FALSE | AI43: 无 | AJ43: 攻击上限 | AK43: 2 | AL43: 生命值 | AM43: 3 | AN43: 物防上限 | AO43: 4 | AP43: 法防上限 | AQ43: 6 | AR43: 灵力值 | AS43: 1 | AT43: 火行增幅 | AU43: 400 | BN43: 11901101 | BO43: 0 | BP43: 50501300 | BQ43: 50501300 | BR43: 50501300 | BS43: 50501300 | BT43: 0 | BU43: 480 | BV43: 1000001 | CI43: 70003 | CK43: 装备 | CL43: 筑基级 | CM43: 主力 | CN43: 散件 | CO43: 燎原印，印体凝聚灵机，兼顾攻伐与护身，偏重火行伤害。 | CP43: 一印既落，心意自定。 | CQ43: 【开发试配】主力；器法：镇压·1。数值、被动与词条均待正式平衡；美术沿用占位。
B44: =50000000+INDEX(编号表!$D$2:$D$37,MATCH(G44,编号表!$C$2:$C$37,0))*100000+INDEX(编号表!$F$2:$F$24,MATCH(H44,编号表!$E$2:$E$24,0))*1000+INDEX(编号表!$B$2:$B$7,MATCH(I44,编号表!$A$2:$A$7,0))*100+K44 -> 50501301 | C44: 磐石印 | D44: 180 | E44: 11-20 | F44: 11 | G44: 筑基 | H44: 印绶 | I44: 玄品 | J44: =COUNTIFS($G$5:G44,G44,$H$5:H44,H44,$I$5:I44,I44)-1 -> 1 | K44: 1 | L44: 0 | M44: 土行 | O44: 5 | R44: 90012 | S44: 15001001 | Y44: 40003 | Z44: 装备 | AA44: 大类_基础装备 | AB44: 小类_B筑基 | AC44: 玄品 | AD44: 3 | AE44: 无 | AF44: 默认 | AG44: TRUE | AH44: FALSE | AI44: 无 | AJ44: 攻击上限 | AK44: 2 | AL44: 生命值 | AM44: 1 | AN44: 物防上限 | AO44: 2 | AP44: 法防上限 | AQ44: 6 | AR44: 灵力值 | AS44: 2 | AT44: 土行增幅 | AU44: 400 | BN44: 11901201 | BO44: 0 | BP44: 50501301 | BQ44: 50501301 | BR44: 50501301 | BS44: 50501301 | BT44: 0 | BU44: 480 | BV44: 1000001 | CI44: 70003 | CK44: 装备 | CL44: 筑基级 | CM44: 主力 | CN44: 散件 | CO44: 磐石印，印体凝聚灵机，兼顾攻伐与护身，偏重土行伤害。 | CP44: 一印既落，心意自定。 | CQ44: 【开发试配】主力；器法：破势·1。数值、被动与词条均待正式平衡；美术沿用占位。
B45: =50000000+INDEX(编号表!$D$2:$D$37,MATCH(G45,编号表!$C$2:$C$37,0))*100000+INDEX(编号表!$F$2:$F$24,MATCH(H45,编号表!$E$2:$E$24,0))*1000+INDEX(编号表!$B$2:$B$7,MATCH(I45,编号表!$A$2:$A$7,0))*100+K45 -> 50501400 | C45: 定风印 | D45: 180 | E45: 11-20 | F45: 11 | G45: 筑基 | H45: 印绶 | I45: 仙品 | J45: =COUNTIFS($G$5:G45,G45,$H$5:H45,H45,$I$5:I45,I45)-1 -> 0 | K45: 0 | L45: 0 | M45: 水行 | O45: 5 | R45: 90012 | S45: 15001001 | Y45: 40004 | Z45: 装备 | AA45: 大类_基础装备 | AB45: 小类_B筑基 | AC45: 仙品 | AD45: 4 | AE45: 无 | AF45: 默认 | AG45: TRUE | AH45: FALSE | AI45: 无 | AJ45: 攻击上限 | AK45: 3 | AL45: 生命值 | AM45: 4 | AN45: 物防上限 | AO45: 5 | AP45: 法防上限 | AQ45: 7 | AR45: 灵力值 | AS45: 1 | AT45: 水行增幅 | AU45: 600 | BN45: 11901102 | BO45: 11901702 | BP45: 50501400 | BQ45: 50501400 | BR45: 50501400 | BS45: 50501400 | BT45: 0 | BU45: 2400 | BV45: 1000001 | CI45: 70004 | CK45: 装备 | CL45: 筑基级 | CM45: 常规上限 | CN45: 散件 | CO45: 定风印，印体凝聚灵机，兼顾攻伐与护身，偏重水行伤害。 | CP45: 山河有形，道心无界。 | CQ45: 【开发试配】常规上限；器法：镇压·2。数值、被动与词条均待正式平衡；美术沿用占位。
B46: =50000000+INDEX(编号表!$D$2:$D$37,MATCH(G46,编号表!$C$2:$C$37,0))*100000+INDEX(编号表!$F$2:$F$24,MATCH(H46,编号表!$E$2:$E$24,0))*1000+INDEX(编号表!$B$2:$B$7,MATCH(I46,编号表!$A$2:$A$7,0))*100+K46 -> 50503100 | C46: 皮履 | D46: 180 | E46: 11-20 | F46: 11 | G46: 筑基 | H46: 鞋履 | I46: 凡品 | J46: =COUNTIFS($G$5:G46,G46,$H$5:H46,H46,$I$5:I46,I46)-1 -> 0 | K46: 0 | L46: 0 | M46: 通用 | O46: 5 | R46: 90013 | S46: 15001001 | Y46: 40001 | Z46: 装备 | AA46: 大类_基础装备 | AB46: 小类_B筑基 | AC46: 凡品 | AD46: 1 | AE46: 无 | AF46: 默认 | AG46: TRUE | AH46: FALSE | AI46: 无 | AJ46: 生命值 | AK46: 2 | AL46: 物防上限 | AM46: 2 | AN46: 法防上限 | AO46: 1 | AP46: 灵力值 | AQ46: 1 | BN46: 0 | BO46: 0 | BP46: 50503100 | BQ46: 50503100 | BR46: 50503100 | BS46: 50503100 | BT46: 0 | BU46: 40 | BV46: 1000001 | CI46: 70001 | CK46: 装备 | CL46: 筑基级 | CM46: 过渡 | CN46: 散件 | CO46: 皮履，履底纹理稳固，随行护持周身。 | CP46: 尘路虽长，行者不息。 | CQ46: 【开发试配】过渡；过渡装备无固定器法。数值、被动与词条均待正式平衡；美术沿用占位。
B47: =50000000+INDEX(编号表!$D$2:$D$37,MATCH(G47,编号表!$C$2:$C$37,0))*100000+INDEX(编号表!$F$2:$F$24,MATCH(H47,编号表!$E$2:$E$24,0))*1000+INDEX(编号表!$B$2:$B$7,MATCH(I47,编号表!$A$2:$A$7,0))*100+K47 -> 50503200 | C47: 云纹履 | D47: 180 | E47: 11-20 | F47: 11 | G47: 筑基 | H47: 鞋履 | I47: 灵品 | J47: =COUNTIFS($G$5:G47,G47,$H$5:H47,H47,$I$5:I47,I47)-1 -> 0 | K47: 0 | L47: 0 | M47: 通用 | O47: 5 | R47: 90013 | S47: 15001001 | Y47: 40002 | Z47: 装备 | AA47: 大类_基础装备 | AB47: 小类_B筑基 | AC47: 灵品 | AD47: 2 | AE47: 无 | AF47: 默认 | AG47: TRUE | AH47: FALSE | AI47: 无 | AJ47: 生命值 | AK47: 2 | AL47: 物防上限 | AM47: 3 | AN47: 法防上限 | AO47: 2 | AP47: 灵力值 | AQ47: 2 | BN47: 0 | BO47: 0 | BP47: 50503200 | BQ47: 50503200 | BR47: 50503200 | BS47: 50503200 | BT47: 0 | BU47: 120 | BV47: 1000001 | CI47: 70002 | CK47: 装备 | CL47: 筑基级 | CM47: 过渡 | CN47: 散件 | CO47: 云纹履，履底纹理稳固，随行护持周身。 | CP47: 尘路虽长，行者不息。 | CQ47: 【开发试配】过渡；过渡装备无固定器法。数值、被动与词条均待正式平衡；美术沿用占位。
B48: =50000000+INDEX(编号表!$D$2:$D$37,MATCH(G48,编号表!$C$2:$C$37,0))*100000+INDEX(编号表!$F$2:$F$24,MATCH(H48,编号表!$E$2:$E$24,0))*1000+INDEX(编号表!$B$2:$B$7,MATCH(I48,编号表!$A$2:$A$7,0))*100+K48 -> 50503300 | C48: 踏云履 | D48: 180 | E48: 11-20 | F48: 11 | G48: 筑基 | H48: 鞋履 | I48: 玄品 | J48: =COUNTIFS($G$5:G48,G48,$H$5:H48,H48,$I$5:I48,I48)-1 -> 0 | K48: 0 | L48: 0 | M48: 通用 | O48: 5 | R48: 90013 | S48: 15001001 | Y48: 40003 | Z48: 装备 | AA48: 大类_基础装备 | AB48: 小类_B筑基 | AC48: 玄品 | AD48: 3 | AE48: 无 | AF48: 默认 | AG48: TRUE | AH48: FALSE | AI48: 无 | AJ48: 生命值 | AK48: 3 | AL48: 物防上限 | AM48: 4 | AN48: 法防上限 | AO48: 2 | AP48: 灵力值 | AQ48: 2 | AR48: 移动速度 | AS48: 5 | BN48: 11900401 | BO48: 0 | BP48: 50503300 | BQ48: 50503300 | BR48: 50503300 | BS48: 50503300 | BT48: 0 | BU48: 480 | BV48: 1000001 | CI48: 70003 | CK48: 装备 | CL48: 筑基级 | CM48: 主力 | CN48: 散件 | CO48: 踏云履，履底纹理稳固，随行护持周身。 | CP48: 风在足下，路在云间。 | CQ48: 【开发试配】主力；器法：疾行·1。数值、被动与词条均待正式平衡；美术沿用占位。
B49: =50000000+INDEX(编号表!$D$2:$D$37,MATCH(G49,编号表!$C$2:$C$37,0))*100000+INDEX(编号表!$F$2:$F$24,MATCH(H49,编号表!$E$2:$E$24,0))*1000+INDEX(编号表!$B$2:$B$7,MATCH(I49,编号表!$A$2:$A$7,0))*100+K49 -> 50503301 | C49: 守真履 | D49: 180 | E49: 11-20 | F49: 11 | G49: 筑基 | H49: 鞋履 | I49: 玄品 | J49: =COUNTIFS($G$5:G49,G49,$H$5:H49,H49,$I$5:I49,I49)-1 -> 1 | K49: 1 | L49: 2 | M49: 通用 | O49: 5 | R49: 90013 | S49: 15001001 | Y49: 40003 | Z49: 装备 | AA49: 大类_基础装备 | AB49: 小类_B筑基 | AC49: 玄品 | AD49: 3 | AE49: 无 | AF49: 默认 | AG49: TRUE | AH49: FALSE | AI49: 无 | AJ49: 生命值 | AK49: 3 | AL49: 物防上限 | AM49: 6 | AN49: 法防上限 | AO49: 2 | AP49: 灵力值 | AQ49: 1 | AR49: 移动速度 | AS49: 5 | AT49: 闪避 | AU49: 200 | BN49: 11900501 | BO49: 0 | BP49: 50503301 | BQ49: 50503301 | BR49: 50503301 | BS49: 50503301 | BT49: 0 | BU49: 480 | BV49: 1000001 | CI49: 70003 | CK49: 装备 | CL49: 筑基级 | CM49: 主力 | CN49: 套装 | CO49: 守真履，履底纹理稳固，随行护持周身，步履轻灵，利于闪避。 | CP49: 风在足下，路在云间。 | CQ49: 【开发试配】主力；器法：轻灵·1。数值、被动与词条均待正式平衡；美术沿用占位。
B50: =50000000+INDEX(编号表!$D$2:$D$37,MATCH(G50,编号表!$C$2:$C$37,0))*100000+INDEX(编号表!$F$2:$F$24,MATCH(H50,编号表!$E$2:$E$24,0))*1000+INDEX(编号表!$B$2:$B$7,MATCH(I50,编号表!$A$2:$A$7,0))*100+K50 -> 50503400 | C50: 追月履 | D50: 180 | E50: 11-20 | F50: 11 | G50: 筑基 | H50: 鞋履 | I50: 仙品 | J50: =COUNTIFS($G$5:G50,G50,$H$5:H50,H50,$I$5:I50,I50)-1 -> 0 | K50: 0 | L50: 0 | M50: 通用 | O50: 5 | R50: 90013 | S50: 15001001 | Y50: 40004 | Z50: 装备 | AA50: 大类_基础装备 | AB50: 小类_B筑基 | AC50: 仙品 | AD50: 4 | AE50: 无 | AF50: 默认 | AG50: TRUE | AH50: FALSE | AI50: 无 | AJ50: 生命值 | AK50: 4 | AL50: 物防上限 | AM50: 5 | AN50: 法防上限 | AO50: 2 | AP50: 灵力值 | AQ50: 2 | AR50: 移动速度 | AS50: 8 | BN50: 11900402 | BO50: 0 | BP50: 50503400 | BQ50: 50503400 | BR50: 50503400 | BS50: 50503400 | BT50: 0 | BU50: 2400 | BV50: 1000001 | CI50: 70004 | CK50: 装备 | CL50: 筑基级 | CM50: 常规上限 | CN50: 散件 | CO50: 追月履，履底纹理稳固，随行护持周身。 | CP50: 去留随意，踏月无声。 | CQ50: 【开发试配】常规上限；器法：疾行·2。数值、被动与词条均待正式平衡；美术沿用占位。
B51: =50000000+INDEX(编号表!$D$2:$D$37,MATCH(G51,编号表!$C$2:$C$37,0))*100000+INDEX(编号表!$F$2:$F$24,MATCH(H51,编号表!$E$2:$E$24,0))*1000+INDEX(编号表!$B$2:$B$7,MATCH(I51,编号表!$A$2:$A$7,0))*100+K51 -> 50505100 | C51: 厚布法衣 | D51: 180 | E51: 11-20 | F51: 11 | G51: 筑基 | H51: 法袍 | I51: 凡品 | J51: =COUNTIFS($G$5:G51,G51,$H$5:H51,H51,$I$5:I51,I51)-1 -> 0 | K51: 0 | L51: 0 | M51: 通用 | O51: 5 | R51: 90009 | S51: 15001001 | Y51: 40001 | Z51: 装备 | AA51: 大类_基础装备 | AB51: 小类_B筑基 | AC51: 凡品 | AD51: 1 | AE51: 无 | AF51: 默认 | AG51: TRUE | AH51: FALSE | AI51: 无 | AJ51: 生命值 | AK51: 3 | AL51: 物防上限 | AM51: 4 | AN51: 法防上限 | AO51: 2 | AP51: 灵力值 | AQ51: 1 | BN51: 0 | BO51: 0 | BP51: 50505100 | BQ51: 50505100 | BR51: 50505100 | BS51: 50505100 | BT51: 0 | BU51: 40 | BV51: 1000001 | CI51: 70001 | CK51: 装备 | CL51: 筑基级 | CM51: 过渡 | CN51: 散件 | CO51: 厚布法衣，袍内灵纹相连，护持周身气机。 | CP51: 粗衣亦可挡风，初心自能御寒。 | CQ51: 【开发试配】过渡；过渡装备无固定器法。数值、被动与词条均待正式平衡；美术沿用占位。
B52: =50000000+INDEX(编号表!$D$2:$D$37,MATCH(G52,编号表!$C$2:$C$37,0))*100000+INDEX(编号表!$F$2:$F$24,MATCH(H52,编号表!$E$2:$E$24,0))*1000+INDEX(编号表!$B$2:$B$7,MATCH(I52,编号表!$A$2:$A$7,0))*100+K52 -> 50505200 | C52: 灵蚕袍 | D52: 180 | E52: 11-20 | F52: 11 | G52: 筑基 | H52: 法袍 | I52: 灵品 | J52: =COUNTIFS($G$5:G52,G52,$H$5:H52,H52,$I$5:I52,I52)-1 -> 0 | K52: 0 | L52: 0 | M52: 通用 | O52: 5 | R52: 90009 | S52: 15001001 | Y52: 40002 | Z52: 装备 | AA52: 大类_基础装备 | AB52: 小类_B筑基 | AC52: 灵品 | AD52: 2 | AE52: 无 | AF52: 默认 | AG52: TRUE | AH52: FALSE | AI52: 无 | AJ52: 生命值 | AK52: 4 | AL52: 物防上限 | AM52: 5 | AN52: 法防上限 | AO52: 3 | AP52: 灵力值 | AQ52: 1 | BN52: 0 | BO52: 0 | BP52: 50505200 | BQ52: 50505200 | BR52: 50505200 | BS52: 50505200 | BT52: 0 | BU52: 120 | BV52: 1000001 | CI52: 70002 | CK52: 装备 | CL52: 筑基级 | CM52: 过渡 | CN52: 散件 | CO52: 灵蚕袍，袍内灵纹相连，护持周身气机。 | CP52: 粗衣亦可挡风，初心自能御寒。 | CQ52: 【开发试配】过渡；过渡装备无固定器法。数值、被动与词条均待正式平衡；美术沿用占位。
B53: =50000000+INDEX(编号表!$D$2:$D$37,MATCH(G53,编号表!$C$2:$C$37,0))*100000+INDEX(编号表!$F$2:$F$24,MATCH(H53,编号表!$E$2:$E$24,0))*1000+INDEX(编号表!$B$2:$B$7,MATCH(I53,编号表!$A$2:$A$7,0))*100+K53 -> 50505300 | C53: 守元袍 | D53: 180 | E53: 11-20 | F53: 11 | G53: 筑基 | H53: 法袍 | I53: 玄品 | J53: =COUNTIFS($G$5:G53,G53,$H$5:H53,H53,$I$5:I53,I53)-1 -> 0 | K53: 0 | L53: 0 | M53: 通用 | O53: 5 | R53: 90009 | S53: 15001001 | Y53: 40003 | Z53: 装备 | AA53: 大类_基础装备 | AB53: 小类_B筑基 | AC53: 玄品 | AD53: 3 | AE53: 无 | AF53: 默认 | AG53: TRUE | AH53: FALSE | AI53: 无 | AJ53: 生命值 | AK53: 4 | AL53: 物防上限 | AM53: 6 | AN53: 法防上限 | AO53: 4 | AP53: 灵力值 | AQ53: 1 | BN53: 11900701 | BO53: 0 | BP53: 50505300 | BQ53: 50505300 | BR53: 50505300 | BS53: 50505300 | BT53: 0 | BU53: 480 | BV53: 1000001 | CI53: 70003 | CK53: 装备 | CL53: 筑基级 | CM53: 主力 | CN53: 散件 | CO53: 守元袍，袍内灵纹相连，护持周身气机。 | CP53: 一袭护身，静候风雷。 | CQ53: 【开发试配】主力；器法：厚甲·1。数值、被动与词条均待正式平衡；美术沿用占位。
B54: =50000000+INDEX(编号表!$D$2:$D$37,MATCH(G54,编号表!$C$2:$C$37,0))*100000+INDEX(编号表!$F$2:$F$24,MATCH(H54,编号表!$E$2:$E$24,0))*1000+INDEX(编号表!$B$2:$B$7,MATCH(I54,编号表!$A$2:$A$7,0))*100+K54 -> 50505301 | C54: 守真法袍 | D54: 180 | E54: 11-20 | F54: 11 | G54: 筑基 | H54: 法袍 | I54: 玄品 | J54: =COUNTIFS($G$5:G54,G54,$H$5:H54,H54,$I$5:I54,I54)-1 -> 1 | K54: 1 | L54: 2 | M54: 通用 | O54: 5 | R54: 90009 | S54: 15001001 | Y54: 40003 | Z54: 装备 | AA54: 大类_基础装备 | AB54: 小类_B筑基 | AC54: 玄品 | AD54: 3 | AE54: 无 | AF54: 默认 | AG54: TRUE | AH54: FALSE | AI54: 无 | AJ54: 生命值 | AK54: 3 | AL54: 物防上限 | AM54: 2 | AN54: 法防上限 | AO54: 6 | AP54: 灵力值 | AQ54: 2 | BN54: 11900801 | BO54: 0 | BP54: 50505301 | BQ54: 50505301 | BR54: 50505301 | BS54: 50505301 | BT54: 0 | BU54: 480 | BV54: 1000001 | CI54: 70003 | CK54: 装备 | CL54: 筑基级 | CM54: 主力 | CN54: 套装 | CO54: 守真法袍，袍内灵纹相连，护持周身气机。 | CP54: 一袭护身，静候风雷。 | CQ54: 【开发试配】主力；器法：御法·1。数值、被动与词条均待正式平衡；美术沿用占位。
B55: =50000000+INDEX(编号表!$D$2:$D$37,MATCH(G55,编号表!$C$2:$C$37,0))*100000+INDEX(编号表!$F$2:$F$24,MATCH(H55,编号表!$E$2:$E$24,0))*1000+INDEX(编号表!$B$2:$B$7,MATCH(I55,编号表!$A$2:$A$7,0))*100+K55 -> 50505400 | C55: 天蚕法衣 | D55: 180 | E55: 11-20 | F55: 11 | G55: 筑基 | H55: 法袍 | I55: 仙品 | J55: =COUNTIFS($G$5:G55,G55,$H$5:H55,H55,$I$5:I55,I55)-1 -> 0 | K55: 0 | L55: 0 | M55: 通用 | O55: 5 | R55: 90009 | S55: 15001001 | Y55: 40004 | Z55: 装备 | AA55: 大类_基础装备 | AB55: 小类_B筑基 | AC55: 仙品 | AD55: 4 | AE55: 无 | AF55: 默认 | AG55: TRUE | AH55: FALSE | AI55: 无 | AJ55: 生命值 | AK55: 5 | AL55: 物防上限 | AM55: 7 | AN55: 法防上限 | AO55: 5 | AP55: 灵力值 | AQ55: 1 | BN55: 11900702 | BO55: 0 | BP55: 50505400 | BQ55: 50505400 | BR55: 50505400 | BS55: 50505400 | BT55: 0 | BU55: 2400 | BV55: 1000001 | CI55: 70004 | CK55: 装备 | CL55: 筑基级 | CM55: 常规上限 | CN55: 散件 | CO55: 天蚕法衣，袍内灵纹相连，护持周身气机。 | CP55: 衣纹如水，心定如山。 | CQ55: 【开发试配】常规上限；器法：厚甲·2。数值、被动与词条均待正式平衡；美术沿用占位。
B56: =50000000+INDEX(编号表!$D$2:$D$37,MATCH(G56,编号表!$C$2:$C$37,0))*100000+INDEX(编号表!$F$2:$F$24,MATCH(H56,编号表!$E$2:$E$24,0))*1000+INDEX(编号表!$B$2:$B$7,MATCH(I56,编号表!$A$2:$A$7,0))*100+K56 -> 50506100 | C56: 青铜冠 | D56: 180 | E56: 11-20 | F56: 11 | G56: 筑基 | H56: 冠 | I56: 凡品 | J56: =COUNTIFS($G$5:G56,G56,$H$5:H56,H56,$I$5:I56,I56)-1 -> 0 | K56: 0 | L56: 0 | M56: 通用 | O56: 5 | R56: 90008 | S56: 15001001 | Y56: 40001 | Z56: 装备 | AA56: 大类_基础装备 | AB56: 小类_B筑基 | AC56: 凡品 | AD56: 1 | AE56: 无 | AF56: 默认 | AG56: TRUE | AH56: FALSE | AI56: 无 | AJ56: 生命值 | AK56: 2 | AL56: 物防上限 | AM56: 1 | AN56: 法防上限 | AO56: 2 | AP56: 灵力值 | AQ56: 2 | BN56: 0 | BO56: 0 | BP56: 50506100 | BQ56: 50506100 | BR56: 50506100 | BS56: 50506100 | BT56: 0 | BU56: 40 | BV56: 1000001 | CI56: 70001 | CK56: 装备 | CL56: 筑基级 | CM56: 过渡 | CN56: 散件 | CO56: 青铜冠，冠中灵纹清明，护持修士心神。 | CP56: 束发整衣，自此问道。 | CQ56: 【开发试配】过渡；过渡装备无固定器法。数值、被动与词条均待正式平衡；美术沿用占位。
B57: =50000000+INDEX(编号表!$D$2:$D$37,MATCH(G57,编号表!$C$2:$C$37,0))*100000+INDEX(编号表!$F$2:$F$24,MATCH(H57,编号表!$E$2:$E$24,0))*1000+INDEX(编号表!$B$2:$B$7,MATCH(I57,编号表!$A$2:$A$7,0))*100+K57 -> 50506200 | C57: 青玉冠 | D57: 180 | E57: 11-20 | F57: 11 | G57: 筑基 | H57: 冠 | I57: 灵品 | J57: =COUNTIFS($G$5:G57,G57,$H$5:H57,H57,$I$5:I57,I57)-1 -> 0 | K57: 0 | L57: 0 | M57: 通用 | O57: 5 | R57: 90008 | S57: 15001001 | Y57: 40002 | Z57: 装备 | AA57: 大类_基础装备 | AB57: 小类_B筑基 | AC57: 灵品 | AD57: 2 | AE57: 无 | AF57: 默认 | AG57: TRUE | AH57: FALSE | AI57: 无 | AJ57: 生命值 | AK57: 2 | AL57: 物防上限 | AM57: 2 | AN57: 法防上限 | AO57: 3 | AP57: 灵力值 | AQ57: 2 | BN57: 0 | BO57: 0 | BP57: 50506200 | BQ57: 50506200 | BR57: 50506200 | BS57: 50506200 | BT57: 0 | BU57: 120 | BV57: 1000001 | CI57: 70002 | CK57: 装备 | CL57: 筑基级 | CM57: 过渡 | CN57: 散件 | CO57: 青玉冠，冠中灵纹清明，护持修士心神。 | CP57: 束发整衣，自此问道。 | CQ57: 【开发试配】过渡；过渡装备无固定器法。数值、被动与词条均待正式平衡；美术沿用占位。
B58: =50000000+INDEX(编号表!$D$2:$D$37,MATCH(G58,编号表!$C$2:$C$37,0))*100000+INDEX(编号表!$F$2:$F$24,MATCH(H58,编号表!$E$2:$E$24,0))*1000+INDEX(编号表!$B$2:$B$7,MATCH(I58,编号表!$A$2:$A$7,0))*100+K58 -> 50506300 | C58: 静心冠 | D58: 180 | E58: 11-20 | F58: 11 | G58: 筑基 | H58: 冠 | I58: 玄品 | J58: =COUNTIFS($G$5:G58,G58,$H$5:H58,H58,$I$5:I58,I58)-1 -> 0 | K58: 0 | L58: 0 | M58: 通用 | O58: 5 | R58: 90008 | S58: 15001001 | Y58: 40003 | Z58: 装备 | AA58: 大类_基础装备 | AB58: 小类_B筑基 | AC58: 玄品 | AD58: 3 | AE58: 无 | AF58: 默认 | AG58: TRUE | AH58: FALSE | AI58: 无 | AJ58: 生命值 | AK58: 3 | AL58: 物防上限 | AM58: 2 | AN58: 法防上限 | AO58: 4 | AP58: 灵力值 | AQ58: 3 | AR58: 神识 | AS58: 1 | BN58: 11900901 | BO58: 0 | BP58: 50506300 | BQ58: 50506300 | BR58: 50506300 | BS58: 50506300 | BT58: 0 | BU58: 480 | BV58: 1000001 | CI58: 70003 | CK58: 装备 | CL58: 筑基级 | CM58: 主力 | CN58: 散件 | CO58: 静心冠，冠中灵纹清明，护持修士心神，并有助于凝聚神识。 | CP58: 外物纷纭，一念澄明。 | CQ58: 【开发试配】主力；器法：凝神·1。数值、被动与词条均待正式平衡；美术沿用占位。
B59: =50000000+INDEX(编号表!$D$2:$D$37,MATCH(G59,编号表!$C$2:$C$37,0))*100000+INDEX(编号表!$F$2:$F$24,MATCH(H59,编号表!$E$2:$E$24,0))*1000+INDEX(编号表!$B$2:$B$7,MATCH(I59,编号表!$A$2:$A$7,0))*100+K59 -> 50506301 | C59: 守真冠 | D59: 180 | E59: 11-20 | F59: 11 | G59: 筑基 | H59: 冠 | I59: 玄品 | J59: =COUNTIFS($G$5:G59,G59,$H$5:H59,H59,$I$5:I59,I59)-1 -> 1 | K59: 1 | L59: 2 | M59: 通用 | O59: 5 | R59: 90008 | S59: 15001001 | Y59: 40003 | Z59: 装备 | AA59: 大类_基础装备 | AB59: 小类_B筑基 | AC59: 玄品 | AD59: 3 | AE59: 无 | AF59: 默认 | AG59: TRUE | AH59: FALSE | AI59: 无 | AJ59: 生命值 | AK59: 3 | AL59: 物防上限 | AM59: 2 | AN59: 法防上限 | AO59: 6 | AP59: 灵力值 | AQ59: 2 | AR59: 神识 | AS59: 1 | BN59: 11901001 | BO59: 0 | BP59: 50506301 | BQ59: 50506301 | BR59: 50506301 | BS59: 50506301 | BT59: 0 | BU59: 480 | BV59: 1000001 | CI59: 70003 | CK59: 装备 | CL59: 筑基级 | CM59: 主力 | CN59: 套装 | CO59: 守真冠，冠中灵纹清明，护持修士心神，并有助于凝聚神识。 | CP59: 外物纷纭，一念澄明。 | CQ59: 【开发试配】主力；器法：护法·1。数值、被动与词条均待正式平衡；美术沿用占位。
B60: =50000000+INDEX(编号表!$D$2:$D$37,MATCH(G60,编号表!$C$2:$C$37,0))*100000+INDEX(编号表!$F$2:$F$24,MATCH(H60,编号表!$E$2:$E$24,0))*1000+INDEX(编号表!$B$2:$B$7,MATCH(I60,编号表!$A$2:$A$7,0))*100+K60 -> 50506400 | C60: 碧霄冠 | D60: 180 | E60: 11-20 | F60: 11 | G60: 筑基 | H60: 冠 | I60: 仙品 | J60: =COUNTIFS($G$5:G60,G60,$H$5:H60,H60,$I$5:I60,I60)-1 -> 0 | K60: 0 | L60: 0 | M60: 通用 | O60: 5 | R60: 90008 | S60: 15001001 | Y60: 40004 | Z60: 装备 | AA60: 大类_基础装备 | AB60: 小类_B筑基 | AC60: 仙品 | AD60: 4 | AE60: 无 | AF60: 默认 | AG60: TRUE | AH60: FALSE | AI60: 无 | AJ60: 生命值 | AK60: 4 | AL60: 物防上限 | AM60: 2 | AN60: 法防上限 | AO60: 5 | AP60: 灵力值 | AQ60: 3 | AR60: 神识 | AS60: 1 | BN60: 11900902 | BO60: 0 | BP60: 50506400 | BQ60: 50506400 | BR60: 50506400 | BS60: 50506400 | BT60: 0 | BU60: 2400 | BV60: 1000001 | CI60: 70004 | CK60: 装备 | CL60: 筑基级 | CM60: 常规上限 | CN60: 散件 | CO60: 碧霄冠，冠中灵纹清明，护持修士心神，并有助于凝聚神识。 | CP60: 仰观星斗，静守寸心。 | CQ60: 【开发试配】常规上限；器法：凝神·2。数值、被动与词条均待正式平衡；美术沿用占位。
B61: =50000000+INDEX(编号表!$D$2:$D$37,MATCH(G61,编号表!$C$2:$C$37,0))*100000+INDEX(编号表!$F$2:$F$24,MATCH(H61,编号表!$E$2:$E$24,0))*1000+INDEX(编号表!$B$2:$B$7,MATCH(I61,编号表!$A$2:$A$7,0))*100+K61 -> 50519100 | C61: 白石佩 | D61: 180 | E61: 11-20 | F61: 11 | G61: 筑基 | H61: 玉佩 | I61: 凡品 | J61: =COUNTIFS($G$5:G61,G61,$H$5:H61,H61,$I$5:I61,I61)-1 -> 0 | K61: 0 | L61: 0 | M61: 通用 | O61: 5 | R61: 90011 | S61: 15001001 | Y61: 40001 | Z61: 装备 | AA61: 大类_基础装备 | AB61: 小类_B筑基 | AC61: 凡品 | AD61: 1 | AE61: 无 | AF61: 默认 | AG61: TRUE | AH61: FALSE | AI61: 无 | AJ61: 攻击上限 | AK61: 1 | AL61: 生命值 | AM61: 1 | AN61: 物防上限 | AO61: 1 | AP61: 法防上限 | AQ61: 2 | AR61: 灵力值 | AS61: 1 | BN61: 0 | BO61: 0 | BP61: 50519100 | BQ61: 50519100 | BR61: 50519100 | BS61: 50519100 | BT61: 0 | BU61: 40 | BV61: 1000001 | CI61: 70001 | CK61: 装备 | CL61: 筑基级 | CM61: 过渡 | CN61: 散件 | CO61: 白石佩，佩中灵机温润，攻守间自成助益。 | CP61: 佩玉无言，与君同行。 | CQ61: 【开发试配】过渡；过渡装备无固定器法。数值、被动与词条均待正式平衡；美术沿用占位。
B62: =50000000+INDEX(编号表!$D$2:$D$37,MATCH(G62,编号表!$C$2:$C$37,0))*100000+INDEX(编号表!$F$2:$F$24,MATCH(H62,编号表!$E$2:$E$24,0))*1000+INDEX(编号表!$B$2:$B$7,MATCH(I62,编号表!$A$2:$A$7,0))*100+K62 -> 50519200 | C62: 温玉佩 | D62: 180 | E62: 11-20 | F62: 11 | G62: 筑基 | H62: 玉佩 | I62: 灵品 | J62: =COUNTIFS($G$5:G62,G62,$H$5:H62,H62,$I$5:I62,I62)-1 -> 0 | K62: 0 | L62: 0 | M62: 通用 | O62: 5 | R62: 90011 | S62: 15001001 | Y62: 40002 | Z62: 装备 | AA62: 大类_基础装备 | AB62: 小类_B筑基 | AC62: 灵品 | AD62: 2 | AE62: 无 | AF62: 默认 | AG62: TRUE | AH62: FALSE | AI62: 无 | AJ62: 攻击上限 | AK62: 1 | AL62: 生命值 | AM62: 1 | AN62: 物防上限 | AO62: 2 | AP62: 法防上限 | AQ62: 3 | AR62: 灵力值 | AS62: 2 | BN62: 0 | BO62: 0 | BP62: 50519200 | BQ62: 50519200 | BR62: 50519200 | BS62: 50519200 | BT62: 0 | BU62: 120 | BV62: 1000001 | CI62: 70002 | CK62: 装备 | CL62: 筑基级 | CM62: 过渡 | CN62: 散件 | CO62: 温玉佩，佩中灵机温润，攻守间自成助益。 | CP62: 佩玉无言，与君同行。 | CQ62: 【开发试配】过渡；过渡装备无固定器法。数值、被动与词条均待正式平衡；美术沿用占位。
B63: =50000000+INDEX(编号表!$D$2:$D$37,MATCH(G63,编号表!$C$2:$C$37,0))*100000+INDEX(编号表!$F$2:$F$24,MATCH(H63,编号表!$E$2:$E$24,0))*1000+INDEX(编号表!$B$2:$B$7,MATCH(I63,编号表!$A$2:$A$7,0))*100+K63 -> 50519300 | C63: 金芒佩 | D63: 180 | E63: 11-20 | F63: 11 | G63: 筑基 | H63: 玉佩 | I63: 玄品 | J63: =COUNTIFS($G$5:G63,G63,$H$5:H63,H63,$I$5:I63,I63)-1 -> 0 | K63: 0 | L63: 0 | M63: 金行 | O63: 5 | R63: 90011 | S63: 15001001 | Y63: 40003 | Z63: 装备 | AA63: 大类_基础装备 | AB63: 小类_B筑基 | AC63: 玄品 | AD63: 3 | AE63: 无 | AF63: 默认 | AG63: TRUE | AH63: FALSE | AI63: 无 | AJ63: 攻击上限 | AK63: 2 | AL63: 生命值 | AM63: 1 | AN63: 物防上限 | AO63: 2 | AP63: 法防上限 | AQ63: 4 | AR63: 灵力值 | AS63: 2 | AT63: 金行增幅 | AU63: 400 | BN63: 11901501 | BO63: 0 | BP63: 50519300 | BQ63: 50519300 | BR63: 50519300 | BS63: 50519300 | BT63: 0 | BU63: 480 | BV63: 1000001 | CI63: 70003 | CK63: 装备 | CL63: 筑基级 | CM63: 主力 | CN63: 散件 | CO63: 金芒佩，佩中灵机温润，攻守间自成助益，偏重金行伤害。 | CP63: 鸣玉在侧，灵意长存。 | CQ63: 【开发试配】主力；器法：金曜·1。数值、被动与词条均待正式平衡；美术沿用占位。
B64: =50000000+INDEX(编号表!$D$2:$D$37,MATCH(G64,编号表!$C$2:$C$37,0))*100000+INDEX(编号表!$F$2:$F$24,MATCH(H64,编号表!$E$2:$E$24,0))*1000+INDEX(编号表!$B$2:$B$7,MATCH(I64,编号表!$A$2:$A$7,0))*100+K64 -> 50519301 | C64: 青藤佩 | D64: 180 | E64: 11-20 | F64: 11 | G64: 筑基 | H64: 玉佩 | I64: 玄品 | J64: =COUNTIFS($G$5:G64,G64,$H$5:H64,H64,$I$5:I64,I64)-1 -> 1 | K64: 1 | L64: 0 | M64: 木行 | O64: 5 | R64: 90011 | S64: 15001001 | Y64: 40003 | Z64: 装备 | AA64: 大类_基础装备 | AB64: 小类_B筑基 | AC64: 玄品 | AD64: 3 | AE64: 无 | AF64: 默认 | AG64: TRUE | AH64: FALSE | AI64: 无 | AJ64: 攻击上限 | AK64: 2 | AL64: 生命值 | AM64: 3 | AN64: 物防上限 | AO64: 4 | AP64: 法防上限 | AQ64: 2 | AR64: 灵力值 | AS64: 1 | AT64: 木行增幅 | AU64: 400 | AV64: 暴击率 | AW64: 200 | BN64: 11900301 | BO64: 0 | BP64: 50519301 | BQ64: 50519301 | BR64: 50519301 | BS64: 50519301 | BT64: 0 | BU64: 480 | BV64: 1000001 | CI64: 70003 | CK64: 装备 | CL64: 筑基级 | CM64: 主力 | CN64: 散件 | CO64: 青藤佩，佩中灵机温润，攻守间自成助益，偏重木行伤害，有助于把握攻伐时机。 | CP64: 鸣玉在侧，灵意长存。 | CQ64: 【开发试配】主力；器法：破军·1。数值、被动与词条均待正式平衡；美术沿用占位。
B65: =50000000+INDEX(编号表!$D$2:$D$37,MATCH(G65,编号表!$C$2:$C$37,0))*100000+INDEX(编号表!$F$2:$F$24,MATCH(H65,编号表!$E$2:$E$24,0))*1000+INDEX(编号表!$B$2:$B$7,MATCH(I65,编号表!$A$2:$A$7,0))*100+K65 -> 50519302 | C65: 听潮佩 | D65: 180 | E65: 11-20 | F65: 11 | G65: 筑基 | H65: 玉佩 | I65: 玄品 | J65: =COUNTIFS($G$5:G65,G65,$H$5:H65,H65,$I$5:I65,I65)-1 -> 2 | K65: 2 | L65: 0 | M65: 水行 | O65: 5 | R65: 90011 | S65: 15001001 | Y65: 40003 | Z65: 装备 | AA65: 大类_基础装备 | AB65: 小类_B筑基 | AC65: 玄品 | AD65: 3 | AE65: 无 | AF65: 默认 | AG65: TRUE | AH65: FALSE | AI65: 无 | AJ65: 攻击上限 | AK65: 2 | AL65: 生命值 | AM65: 1 | AN65: 物防上限 | AO65: 2 | AP65: 法防上限 | AQ65: 4 | AR65: 灵力值 | AS65: 3 | AT65: 水行增幅 | AU65: 400 | AV65: 神识 | AW65: 1 | BN65: 11901401 | BO65: 0 | BP65: 50519302 | BQ65: 50519302 | BR65: 50519302 | BS65: 50519302 | BT65: 0 | BU65: 480 | BV65: 1000001 | CI65: 70003 | CK65: 装备 | CL65: 筑基级 | CM65: 主力 | CN65: 散件 | CO65: 听潮佩，佩中灵机温润，攻守间自成助益，偏重水行伤害，并有助于凝聚神识。 | CP65: 鸣玉在侧，灵意长存。 | CQ65: 【开发试配】主力；器法：凝元·1。数值、被动与词条均待正式平衡；美术沿用占位。
B66: =50000000+INDEX(编号表!$D$2:$D$37,MATCH(G66,编号表!$C$2:$C$37,0))*100000+INDEX(编号表!$F$2:$F$24,MATCH(H66,编号表!$E$2:$E$24,0))*1000+INDEX(编号表!$B$2:$B$7,MATCH(I66,编号表!$A$2:$A$7,0))*100+K66 -> 50519303 | C66: 守真玉佩 | D66: 180 | E66: 11-20 | F66: 11 | G66: 筑基 | H66: 玉佩 | I66: 玄品 | J66: =COUNTIFS($G$5:G66,G66,$H$5:H66,H66,$I$5:I66,I66)-1 -> 3 | K66: 3 | L66: 2 | M66: 金行 | O66: 5 | R66: 90011 | S66: 15001001 | Y66: 40003 | Z66: 装备 | AA66: 大类_基础装备 | AB66: 小类_B筑基 | AC66: 玄品 | AD66: 3 | AE66: 无 | AF66: 默认 | AG66: TRUE | AH66: FALSE | AI66: 无 | AJ66: 攻击上限 | AK66: 2 | AL66: 生命值 | AM66: 1 | AN66: 物防上限 | AO66: 2 | AP66: 法防上限 | AQ66: 4 | AR66: 灵力值 | AS66: 2 | AT66: 金行增幅 | AU66: 400 | BN66: 11901501 | BO66: 0 | BP66: 50519303 | BQ66: 50519303 | BR66: 50519303 | BS66: 50519303 | BT66: 0 | BU66: 480 | BV66: 1000001 | CI66: 70003 | CK66: 装备 | CL66: 筑基级 | CM66: 主力 | CN66: 套装 | CO66: 守真玉佩，佩中灵机温润，攻守间自成助益，偏重金行伤害。 | CP66: 鸣玉在侧，灵意长存。 | CQ66: 【开发试配】主力；器法：金曜·1。数值、被动与词条均待正式平衡；美术沿用占位。
B67: =50000000+INDEX(编号表!$D$2:$D$37,MATCH(G67,编号表!$C$2:$C$37,0))*100000+INDEX(编号表!$F$2:$F$24,MATCH(H67,编号表!$E$2:$E$24,0))*1000+INDEX(编号表!$B$2:$B$7,MATCH(I67,编号表!$A$2:$A$7,0))*100+K67 -> 50519400 | C67: 明心佩 | D67: 180 | E67: 11-20 | F67: 11 | G67: 筑基 | H67: 玉佩 | I67: 仙品 | J67: =COUNTIFS($G$5:G67,G67,$H$5:H67,H67,$I$5:I67,I67)-1 -> 0 | K67: 0 | L67: 0 | M67: 木行 | O67: 5 | R67: 90011 | S67: 15001001 | Y67: 40004 | Z67: 装备 | AA67: 大类_基础装备 | AB67: 小类_B筑基 | AC67: 仙品 | AD67: 4 | AE67: 无 | AF67: 默认 | AG67: TRUE | AH67: FALSE | AI67: 无 | AJ67: 攻击上限 | AK67: 2 | AL67: 生命值 | AM67: 2 | AN67: 物防上限 | AO67: 2 | AP67: 法防上限 | AQ67: 5 | AR67: 灵力值 | AS67: 2 | AT67: 木行增幅 | AU67: 600 | BN67: 11901602 | BO67: 0 | BP67: 50519400 | BQ67: 50519400 | BR67: 50519400 | BS67: 50519400 | BT67: 0 | BU67: 2400 | BV67: 1000001 | CI67: 70004 | CK67: 装备 | CL67: 筑基级 | CM67: 常规上限 | CN67: 散件 | CO67: 明心佩，佩中灵机温润，攻守间自成助益，偏重木行伤害。 | CP67: 一握温凉，照见本心。 | CQ67: 【开发试配】常规上限；器法：青荣·2。数值、被动与词条均待正式平衡；美术沿用占位。
B68: =50000000+INDEX(编号表!$D$2:$D$37,MATCH(G68,编号表!$C$2:$C$37,0))*100000+INDEX(编号表!$F$2:$F$24,MATCH(H68,编号表!$E$2:$E$24,0))*1000+INDEX(编号表!$B$2:$B$7,MATCH(I68,编号表!$A$2:$A$7,0))*100+K68 -> 50519401 | C68: 灵犀佩 | D68: 180 | E68: 11-20 | F68: 11 | G68: 筑基 | H68: 玉佩 | I68: 仙品 | J68: =COUNTIFS($G$5:G68,G68,$H$5:H68,H68,$I$5:I68,I68)-1 -> 1 | K68: 1 | L68: 0 | M68: 火行 | O68: 5 | R68: 90011 | S68: 15001001 | Y68: 40004 | Z68: 装备 | AA68: 大类_基础装备 | AB68: 小类_B筑基 | AC68: 仙品 | AD68: 4 | AE68: 无 | AF68: 默认 | AG68: TRUE | AH68: FALSE | AI68: 无 | AJ68: 攻击上限 | AK68: 2 | AL68: 生命值 | AM68: 4 | AN68: 物防上限 | AO68: 5 | AP68: 法防上限 | AQ68: 2 | AR68: 灵力值 | AS68: 1 | AT68: 火行增幅 | AU68: 600 | AV68: 暴击率 | AW68: 300 | BN68: 11900302 | BO68: 11901802 | BP68: 50519401 | BQ68: 50519401 | BR68: 50519401 | BS68: 50519401 | BT68: 0 | BU68: 2400 | BV68: 1000001 | CI68: 70004 | CK68: 装备 | CL68: 筑基级 | CM68: 常规上限 | CN68: 散件 | CO68: 灵犀佩，佩中灵机温润，攻守间自成助益，偏重火行伤害，有助于把握攻伐时机。 | CP68: 一握温凉，照见本心。 | CQ68: 【开发试配】常规上限；器法：破军·2。数值、被动与词条均待正式平衡；美术沿用占位。
B69: =50000000+INDEX(编号表!$D$2:$D$37,MATCH(G69,编号表!$C$2:$C$37,0))*100000+INDEX(编号表!$F$2:$F$24,MATCH(H69,编号表!$E$2:$E$24,0))*1000+INDEX(编号表!$B$2:$B$7,MATCH(I69,编号表!$A$2:$A$7,0))*100+K69 -> 51000200 | C69: 寒铁剑 | D69: 180 | E69: 21-30 | F69: 21 | G69: 金丹 | H69: 武器 | I69: 灵品 | J69: =COUNTIFS($G$5:G69,G69,$H$5:H69,H69,$I$5:I69,I69)-1 -> 0 | K69: 0 | L69: 0 | M69: 剑道 | O69: 5 | R69: 90010 | S69: 15001001 | Y69: 40002 | Z69: 装备 | AA69: 大类_基础装备 | AB69: 小类_C金丹 | AC69: 灵品 | AD69: 2 | AE69: 无 | AF69: 默认 | AG69: TRUE | AH69: FALSE | AI69: 无 | AJ69: 攻击上限 | AK69: 12 | BN69: 0 | BO69: 0 | BP69: 51000200 | BQ69: 51000200 | BR69: 51000200 | BS69: 51000200 | BT69: 0 | BU69: 600 | BV69: 1000001 | CI69: 70002 | CK69: 装备 | CL69: 金丹级 | CM69: 过渡 | CN69: 散件 | CO69: 寒铁剑，剑身经反复锻炼，以锋刃承载攻伐之力。 | CP69: 锋芒初露，先问前路。 | CQ69: 【开发试配】过渡；过渡装备无固定器法。数值、被动与词条均待正式平衡；美术沿用占位。
B70: =50000000+INDEX(编号表!$D$2:$D$37,MATCH(G70,编号表!$C$2:$C$37,0))*100000+INDEX(编号表!$F$2:$F$24,MATCH(H70,编号表!$E$2:$E$24,0))*1000+INDEX(编号表!$B$2:$B$7,MATCH(I70,编号表!$A$2:$A$7,0))*100+K70 -> 51000300 | C70: 寒晶剑 | D70: 180 | E70: 21-30 | F70: 21 | G70: 金丹 | H70: 武器 | I70: 玄品 | J70: =COUNTIFS($G$5:G70,G70,$H$5:H70,H70,$I$5:I70,I70)-1 -> 0 | K70: 0 | L70: 0 | M70: 剑道 | O70: 5 | R70: 90010 | S70: 15001001 | Y70: 40003 | Z70: 装备 | AA70: 大类_基础装备 | AB70: 小类_C金丹 | AC70: 玄品 | AD70: 3 | AE70: 无 | AF70: 默认 | AG70: TRUE | AH70: FALSE | AI70: 无 | AJ70: 攻击上限 | AK70: 15 | BN70: 0 | BO70: 0 | BP70: 51000300 | BQ70: 51000300 | BR70: 51000300 | BS70: 51000300 | BT70: 0 | BU70: 2400 | BV70: 1000001 | CI70: 70003 | CK70: 装备 | CL70: 金丹级 | CM70: 过渡 | CN70: 散件 | CO70: 寒晶剑，剑身经反复锻炼，以锋刃承载攻伐之力。 | CP70: 锋芒初露，先问前路。 | CQ70: 【开发试配】过渡；过渡装备无固定器法。数值、被动与词条均待正式平衡；美术沿用占位。
B71: =50000000+INDEX(编号表!$D$2:$D$37,MATCH(G71,编号表!$C$2:$C$37,0))*100000+INDEX(编号表!$F$2:$F$24,MATCH(H71,编号表!$E$2:$E$24,0))*1000+INDEX(编号表!$B$2:$B$7,MATCH(I71,编号表!$A$2:$A$7,0))*100+K71 -> 51000400 | C71: 断浪剑 | D71: 180 | E71: 21-30 | F71: 21 | G71: 金丹 | H71: 武器 | I71: 仙品 | J71: =COUNTIFS($G$5:G71,G71,$H$5:H71,H71,$I$5:I71,I71)-1 -> 0 | K71: 0 | L71: 0 | M71: 剑道 | O71: 5 | R71: 90010 | S71: 15001001 | Y71: 40004 | Z71: 装备 | AA71: 大类_基础装备 | AB71: 小类_C金丹 | AC71: 仙品 | AD71: 4 | AE71: 无 | AF71: 默认 | AG71: TRUE | AH71: FALSE | AI71: 无 | AJ71: 攻击上限 | AK71: 18 | BN71: 11900101 | BO71: 0 | BP71: 51000400 | BQ71: 51000400 | BR71: 51000400 | BS71: 51000400 | BT71: 0 | BU71: 12000 | BV71: 1000001 | CI71: 70004 | CK71: 装备 | CL71: 金丹级 | CM71: 主力 | CN71: 散件 | CO71: 断浪剑，剑身经反复锻炼，以锋刃承载攻伐之力。 | CP71: 剑意藏锋，出鞘见真。 | CQ71: 【开发试配】主力；器法：养锋·1。数值、被动与词条均待正式平衡；美术沿用占位。
B72: =50000000+INDEX(编号表!$D$2:$D$37,MATCH(G72,编号表!$C$2:$C$37,0))*100000+INDEX(编号表!$F$2:$F$24,MATCH(H72,编号表!$E$2:$E$24,0))*1000+INDEX(编号表!$B$2:$B$7,MATCH(I72,编号表!$A$2:$A$7,0))*100+K72 -> 51000401 | C72: 五蕴拂尘 | D72: 180 | E72: 21-30 | F72: 21 | G72: 金丹 | H72: 武器 | I72: 仙品 | J72: =COUNTIFS($G$5:G72,G72,$H$5:H72,H72,$I$5:I72,I72)-1 -> 1 | K72: 1 | L72: 0 | M72: 五行 | O72: 5 | R72: 90010 | S72: 15001001 | Y72: 40004 | Z72: 装备 | AA72: 大类_基础装备 | AB72: 小类_C金丹 | AC72: 仙品 | AD72: 4 | AE72: 无 | AF72: 默认 | AG72: TRUE | AH72: FALSE | AI72: 无 | AJ72: 攻击上限 | AK72: 18 | BN72: 11900201 | BO72: 0 | BP72: 51000401 | BQ72: 51000401 | BR72: 51000401 | BS72: 51000401 | BT72: 0 | BU72: 12000 | BV72: 1000001 | CI72: 70004 | CK72: 装备 | CL72: 金丹级 | CM72: 主力 | CN72: 散件 | CO72: 五蕴拂尘，丝缕聚散随心，以器身引导攻伐之力。 | CP72: 尘丝拂尽，灵机自明。 | CQ72: 【开发试配】主力；器法：引灵·1。数值、被动与词条均待正式平衡；美术沿用占位。
B73: =50000000+INDEX(编号表!$D$2:$D$37,MATCH(G73,编号表!$C$2:$C$37,0))*100000+INDEX(编号表!$F$2:$F$24,MATCH(H73,编号表!$E$2:$E$24,0))*1000+INDEX(编号表!$B$2:$B$7,MATCH(I73,编号表!$A$2:$A$7,0))*100+K73 -> 51000402 | C73: 镇山棍 | D73: 180 | E73: 21-30 | F73: 21 | G73: 金丹 | H73: 武器 | I73: 仙品 | J73: =COUNTIFS($G$5:G73,G73,$H$5:H73,H73,$I$5:I73,I73)-1 -> 2 | K73: 2 | L73: 0 | M73: 炼体 | O73: 5 | R73: 90010 | S73: 15001001 | Y73: 40004 | Z73: 装备 | AA73: 大类_基础装备 | AB73: 小类_C金丹 | AC73: 仙品 | AD73: 4 | AE73: 无 | AF73: 默认 | AG73: TRUE | AH73: FALSE | AI73: 无 | AJ73: 攻击上限 | AK73: 18 | BN73: 11900301 | BO73: 0 | BP73: 51000402 | BQ73: 51000402 | BR73: 51000402 | BS73: 51000402 | BT73: 0 | BU73: 12000 | BV73: 1000001 | CI73: 70004 | CK73: 装备 | CL73: 金丹级 | CM73: 主力 | CN73: 散件 | CO73: 镇山棍，器身沉稳坚实，以长兵之势催动攻伐之力。 | CP73: 长兵在手，气贯山河。 | CQ73: 【开发试配】主力；器法：破军·1。数值、被动与词条均待正式平衡；美术沿用占位。
B74: =50000000+INDEX(编号表!$D$2:$D$37,MATCH(G74,编号表!$C$2:$C$37,0))*100000+INDEX(编号表!$F$2:$F$24,MATCH(H74,编号表!$E$2:$E$24,0))*1000+INDEX(编号表!$B$2:$B$7,MATCH(I74,编号表!$A$2:$A$7,0))*100+K74 -> 51000500 | C74: 七星剑 | D74: 180 | E74: 21-30 | F74: 21 | G74: 金丹 | H74: 武器 | I74: 神品 | J74: =COUNTIFS($G$5:G74,G74,$H$5:H74,H74,$I$5:I74,I74)-1 -> 0 | K74: 0 | L74: 0 | M74: 剑道 | O74: 5 | R74: 90010 | S74: 15001001 | Y74: 40005 | Z74: 装备 | AA74: 大类_基础装备 | AB74: 小类_C金丹 | AC74: 神品 | AD74: 4 | AE74: 无 | AF74: 默认 | AG74: TRUE | AH74: FALSE | AI74: 无 | AJ74: 攻击上限 | AK74: 21 | BN74: 11900102 | BO74: 0 | BP74: 51000500 | BQ74: 51000500 | BR74: 51000500 | BS74: 51000500 | BT74: 0 | BU74: 72000 | BV74: 1000001 | CI74: 70005 | CK74: 装备 | CL74: 金丹级 | CM74: 常规上限 | CN74: 散件 | CO74: 七星剑，剑身经反复锻炼，以锋刃承载攻伐之力。 | CP74: 剑意藏锋，出鞘见真。 | CQ74: 【开发试配】常规上限；器法：养锋·2。数值、被动与词条均待正式平衡；美术沿用占位。
B75: =50000000+INDEX(编号表!$D$2:$D$37,MATCH(G75,编号表!$C$2:$C$37,0))*100000+INDEX(编号表!$F$2:$F$24,MATCH(H75,编号表!$E$2:$E$24,0))*1000+INDEX(编号表!$B$2:$B$7,MATCH(I75,编号表!$A$2:$A$7,0))*100+K75 -> 51000501 | C75: 金翎羽扇 | D75: 180 | E75: 21-30 | F75: 21 | G75: 金丹 | H75: 武器 | I75: 神品 | J75: =COUNTIFS($G$5:G75,G75,$H$5:H75,H75,$I$5:I75,I75)-1 -> 1 | K75: 1 | L75: 0 | M75: 五行 | O75: 5 | R75: 90010 | S75: 15001001 | Y75: 40005 | Z75: 装备 | AA75: 大类_基础装备 | AB75: 小类_C金丹 | AC75: 神品 | AD75: 4 | AE75: 无 | AF75: 默认 | AG75: TRUE | AH75: FALSE | AI75: 无 | AJ75: 攻击上限 | AK75: 21 | BN75: 11900202 | BO75: 0 | BP75: 51000501 | BQ75: 51000501 | BR75: 51000501 | BS75: 51000501 | BT75: 0 | BU75: 72000 | BV75: 1000001 | CI75: 70005 | CK75: 装备 | CL75: 金丹级 | CM75: 常规上限 | CN75: 散件 | CO75: 金翎羽扇，扇骨羽纹相合，以灵气催动攻伐之力。 | CP75: 尘丝拂尽，灵机自明。 | CQ75: 【开发试配】常规上限；器法：引灵·2。数值、被动与词条均待正式平衡；美术沿用占位。
B76: =50000000+INDEX(编号表!$D$2:$D$37,MATCH(G76,编号表!$C$2:$C$37,0))*100000+INDEX(编号表!$F$2:$F$24,MATCH(H76,编号表!$E$2:$E$24,0))*1000+INDEX(编号表!$B$2:$B$7,MATCH(I76,编号表!$A$2:$A$7,0))*100+K76 -> 51001200 | C76: 赤铜印 | D76: 180 | E76: 21-30 | F76: 21 | G76: 金丹 | H76: 印绶 | I76: 灵品 | J76: =COUNTIFS($G$5:G76,G76,$H$5:H76,H76,$I$5:I76,I76)-1 -> 0 | K76: 0 | L76: 0 | M76: 通用 | O76: 5 | R76: 90012 | S76: 15001001 | Y76: 40002 | Z76: 装备 | AA76: 大类_基础装备 | AB76: 小类_C金丹 | AC76: 灵品 | AD76: 2 | AE76: 无 | AF76: 默认 | AG76: TRUE | AH76: FALSE | AI76: 无 | AJ76: 攻击上限 | AK76: 3 | AL76: 生命值 | AM76: 3 | AN76: 物防上限 | AO76: 4 | AP76: 法防上限 | AQ76: 6 | AR76: 灵力值 | AS76: 1 | BN76: 0 | BO76: 0 | BP76: 51001200 | BQ76: 51001200 | BR76: 51001200 | BS76: 51001200 | BT76: 0 | BU76: 600 | BV76: 1000001 | CI76: 70002 | CK76: 装备 | CL76: 金丹级 | CM76: 过渡 | CN76: 散件 | CO76: 赤铜印，印体凝聚灵机，兼顾攻伐与护身。 | CP76: 掌中方寸，亦有沉重。 | CQ76: 【开发试配】过渡；过渡装备无固定器法。数值、被动与词条均待正式平衡；美术沿用占位。
B77: =50000000+INDEX(编号表!$D$2:$D$37,MATCH(G77,编号表!$C$2:$C$37,0))*100000+INDEX(编号表!$F$2:$F$24,MATCH(H77,编号表!$E$2:$E$24,0))*1000+INDEX(编号表!$B$2:$B$7,MATCH(I77,编号表!$A$2:$A$7,0))*100+K77 -> 51001300 | C77: 重玄印 | D77: 180 | E77: 21-30 | F77: 21 | G77: 金丹 | H77: 印绶 | I77: 玄品 | J77: =COUNTIFS($G$5:G77,G77,$H$5:H77,H77,$I$5:I77,I77)-1 -> 0 | K77: 0 | L77: 0 | M77: 通用 | O77: 5 | R77: 90012 | S77: 15001001 | Y77: 40003 | Z77: 装备 | AA77: 大类_基础装备 | AB77: 小类_C金丹 | AC77: 玄品 | AD77: 3 | AE77: 无 | AF77: 默认 | AG77: TRUE | AH77: FALSE | AI77: 无 | AJ77: 攻击上限 | AK77: 4 | AL77: 生命值 | AM77: 4 | AN77: 物防上限 | AO77: 5 | AP77: 法防上限 | AQ77: 8 | AR77: 灵力值 | AS77: 1 | BN77: 0 | BO77: 0 | BP77: 51001300 | BQ77: 51001300 | BR77: 51001300 | BS77: 51001300 | BT77: 0 | BU77: 2400 | BV77: 1000001 | CI77: 70003 | CK77: 装备 | CL77: 金丹级 | CM77: 过渡 | CN77: 散件 | CO77: 重玄印，印体凝聚灵机，兼顾攻伐与护身。 | CP77: 掌中方寸，亦有沉重。 | CQ77: 【开发试配】过渡；过渡装备无固定器法。数值、被动与词条均待正式平衡；美术沿用占位。
B78: =50000000+INDEX(编号表!$D$2:$D$37,MATCH(G78,编号表!$C$2:$C$37,0))*100000+INDEX(编号表!$F$2:$F$24,MATCH(H78,编号表!$E$2:$E$24,0))*1000+INDEX(编号表!$B$2:$B$7,MATCH(I78,编号表!$A$2:$A$7,0))*100+K78 -> 51001400 | C78: 焚心印 | D78: 180 | E78: 21-30 | F78: 21 | G78: 金丹 | H78: 印绶 | I78: 仙品 | J78: =COUNTIFS($G$5:G78,G78,$H$5:H78,H78,$I$5:I78,I78)-1 -> 0 | K78: 0 | L78: 0 | M78: 火行 | O78: 5 | R78: 90012 | S78: 15001001 | Y78: 40004 | Z78: 装备 | AA78: 大类_基础装备 | AB78: 小类_C金丹 | AC78: 仙品 | AD78: 4 | AE78: 无 | AF78: 默认 | AG78: TRUE | AH78: FALSE | AI78: 无 | AJ78: 攻击上限 | AK78: 5 | AL78: 生命值 | AM78: 5 | AN78: 物防上限 | AO78: 6 | AP78: 法防上限 | AQ78: 9 | AR78: 灵力值 | AS78: 2 | AT78: 火行增幅 | AU78: 400 | BN78: 11901101 | BO78: 0 | BP78: 51001400 | BQ78: 51001400 | BR78: 51001400 | BS78: 51001400 | BT78: 0 | BU78: 12000 | BV78: 1000001 | CI78: 70004 | CK78: 装备 | CL78: 金丹级 | CM78: 主力 | CN78: 散件 | CO78: 焚心印，印体凝聚灵机，兼顾攻伐与护身，偏重火行伤害。 | CP78: 一印既落，心意自定。 | CQ78: 【开发试配】主力；器法：镇压·1。数值、被动与词条均待正式平衡；美术沿用占位。
B79: =50000000+INDEX(编号表!$D$2:$D$37,MATCH(G79,编号表!$C$2:$C$37,0))*100000+INDEX(编号表!$F$2:$F$24,MATCH(H79,编号表!$E$2:$E$24,0))*1000+INDEX(编号表!$B$2:$B$7,MATCH(I79,编号表!$A$2:$A$7,0))*100+K79 -> 51001401 | C79: 玄岳印 | D79: 180 | E79: 21-30 | F79: 21 | G79: 金丹 | H79: 印绶 | I79: 仙品 | J79: =COUNTIFS($G$5:G79,G79,$H$5:H79,H79,$I$5:I79,I79)-1 -> 1 | K79: 1 | L79: 0 | M79: 土行 | O79: 5 | R79: 90012 | S79: 15001001 | Y79: 40004 | Z79: 装备 | AA79: 大类_基础装备 | AB79: 小类_C金丹 | AC79: 仙品 | AD79: 4 | AE79: 无 | AF79: 默认 | AG79: TRUE | AH79: FALSE | AI79: 无 | AJ79: 攻击上限 | AK79: 5 | AL79: 生命值 | AM79: 2 | AN79: 物防上限 | AO79: 3 | AP79: 法防上限 | AQ79: 9 | AR79: 灵力值 | AS79: 3 | AT79: 土行增幅 | AU79: 400 | BN79: 11901201 | BO79: 0 | BP79: 51001401 | BQ79: 51001401 | BR79: 51001401 | BS79: 51001401 | BT79: 0 | BU79: 12000 | BV79: 1000001 | CI79: 70004 | CK79: 装备 | CL79: 金丹级 | CM79: 主力 | CN79: 散件 | CO79: 玄岳印，印体凝聚灵机，兼顾攻伐与护身，偏重土行伤害。 | CP79: 一印既落，心意自定。 | CQ79: 【开发试配】主力；器法：破势·1。数值、被动与词条均待正式平衡；美术沿用占位。
B80: =50000000+INDEX(编号表!$D$2:$D$37,MATCH(G80,编号表!$C$2:$C$37,0))*100000+INDEX(编号表!$F$2:$F$24,MATCH(H80,编号表!$E$2:$E$24,0))*1000+INDEX(编号表!$B$2:$B$7,MATCH(I80,编号表!$A$2:$A$7,0))*100+K80 -> 51001402 | C80: 缚灵印 | D80: 180 | E80: 21-30 | F80: 21 | G80: 金丹 | H80: 印绶 | I80: 仙品 | J80: =COUNTIFS($G$5:G80,G80,$H$5:H80,H80,$I$5:I80,I80)-1 -> 2 | K80: 2 | L80: 0 | M80: 金行 | O80: 5 | R80: 90012 | S80: 15001001 | Y80: 40004 | Z80: 装备 | AA80: 大类_基础装备 | AB80: 小类_C金丹 | AC80: 仙品 | AD80: 4 | AE80: 无 | AF80: 默认 | AG80: TRUE | AH80: FALSE | AI80: 无 | AJ80: 攻击上限 | AK80: 5 | AL80: 生命值 | AM80: 7 | AN80: 物防上限 | AO80: 6 | AP80: 法防上限 | AQ80: 3 | AR80: 灵力值 | AS80: 2 | AT80: 金行增幅 | AU80: 400 | BN80: 11901301 | BO80: 0 | BP80: 51001402 | BQ80: 51001402 | BR80: 51001402 | BS80: 51001402 | BT80: 0 | BU80: 12000 | BV80: 1000001 | CI80: 70004 | CK80: 装备 | CL80: 金丹级 | CM80: 主力 | CN80: 散件 | CO80: 缚灵印，印体凝聚灵机，兼顾攻伐与护身，偏重金行伤害。 | CP80: 一印既落，心意自定。 | CQ80: 【开发试配】主力；器法：护身·1。数值、被动与词条均待正式平衡；美术沿用占位。
B81: =50000000+INDEX(编号表!$D$2:$D$37,MATCH(G81,编号表!$C$2:$C$37,0))*100000+INDEX(编号表!$F$2:$F$24,MATCH(H81,编号表!$E$2:$E$24,0))*1000+INDEX(编号表!$B$2:$B$7,MATCH(I81,编号表!$A$2:$A$7,0))*100+K81 -> 51001403 | C81: 天罡印 | D81: 180 | E81: 21-30 | F81: 21 | G81: 金丹 | H81: 印绶 | I81: 仙品 | J81: =COUNTIFS($G$5:G81,G81,$H$5:H81,H81,$I$5:I81,I81)-1 -> 3 | K81: 3 | L81: 3 | M81: 木行 | O81: 5 | R81: 90012 | S81: 15001001 | Y81: 40004 | Z81: 装备 | AA81: 大类_基础装备 | AB81: 小类_C金丹 | AC81: 仙品 | AD81: 4 | AE81: 无 | AF81: 默认 | AG81: TRUE | AH81: FALSE | AI81: 无 | AJ81: 攻击上限 | AK81: 5 | AL81: 生命值 | AM81: 5 | AN81: 物防上限 | AO81: 6 | AP81: 法防上限 | AQ81: 9 | AR81: 灵力值 | AS81: 2 | AT81: 木行增幅 | AU81: 400 | BN81: 11901101 | BO81: 0 | BP81: 51001403 | BQ81: 51001403 | BR81: 51001403 | BS81: 51001403 | BT81: 0 | BU81: 12000 | BV81: 1000001 | CI81: 70004 | CK81: 装备 | CL81: 金丹级 | CM81: 主力 | CN81: 套装 | CO81: 天罡印，印体凝聚灵机，兼顾攻伐与护身，偏重木行伤害。 | CP81: 一印既落，心意自定。 | CQ81: 【开发试配】主力；器法：镇压·1。数值、被动与词条均待正式平衡；美术沿用占位。
B82: =50000000+INDEX(编号表!$D$2:$D$37,MATCH(G82,编号表!$C$2:$C$37,0))*100000+INDEX(编号表!$F$2:$F$24,MATCH(H82,编号表!$E$2:$E$24,0))*1000+INDEX(编号表!$B$2:$B$7,MATCH(I82,编号表!$A$2:$A$7,0))*100+K82 -> 51001500 | C82: 镇海印 | D82: 180 | E82: 21-30 | F82: 21 | G82: 金丹 | H82: 印绶 | I82: 神品 | J82: =COUNTIFS($G$5:G82,G82,$H$5:H82,H82,$I$5:I82,I82)-1 -> 0 | K82: 0 | L82: 0 | M82: 火行 | O82: 5 | R82: 90012 | S82: 15001001 | Y82: 40005 | Z82: 装备 | AA82: 大类_基础装备 | AB82: 小类_C金丹 | AC82: 神品 | AD82: 4 | AE82: 无 | AF82: 默认 | AG82: TRUE | AH82: FALSE | AI82: 无 | AJ82: 攻击上限 | AK82: 5 | AL82: 生命值 | AM82: 6 | AN82: 物防上限 | AO82: 7 | AP82: 法防上限 | AQ82: 11 | AR82: 灵力值 | AS82: 2 | AT82: 火行增幅 | AU82: 600 | BN82: 11901102 | BO82: 11901802 | BP82: 51001500 | BQ82: 51001500 | BR82: 51001500 | BS82: 51001500 | BT82: 0 | BU82: 72000 | BV82: 1000001 | CI82: 70005 | CK82: 装备 | CL82: 金丹级 | CM82: 常规上限 | CN82: 散件 | CO82: 镇海印，印体凝聚灵机，兼顾攻伐与护身，偏重火行伤害。 | CP82: 山河有形，道心无界。 | CQ82: 【开发试配】常规上限；器法：镇压·2。数值、被动与词条均待正式平衡；美术沿用占位。
B83: =50000000+INDEX(编号表!$D$2:$D$37,MATCH(G83,编号表!$C$2:$C$37,0))*100000+INDEX(编号表!$F$2:$F$24,MATCH(H83,编号表!$E$2:$E$24,0))*1000+INDEX(编号表!$B$2:$B$7,MATCH(I83,编号表!$A$2:$A$7,0))*100+K83 -> 51001501 | C83: 摄魂印 | D83: 180 | E83: 21-30 | F83: 21 | G83: 金丹 | H83: 印绶 | I83: 神品 | J83: =COUNTIFS($G$5:G83,G83,$H$5:H83,H83,$I$5:I83,I83)-1 -> 1 | K83: 1 | L83: 0 | M83: 金行 | O83: 5 | R83: 90012 | S83: 15001001 | Y83: 40005 | Z83: 装备 | AA83: 大类_基础装备 | AB83: 小类_C金丹 | AC83: 神品 | AD83: 4 | AE83: 无 | AF83: 默认 | AG83: TRUE | AH83: FALSE | AI83: 无 | AJ83: 攻击上限 | AK83: 5 | AL83: 生命值 | AM83: 3 | AN83: 物防上限 | AO83: 4 | AP83: 法防上限 | AQ83: 11 | AR83: 灵力值 | AS83: 4 | AT83: 金行增幅 | AU83: 600 | BN83: 11901202 | BO83: 11901502 | BP83: 51001501 | BQ83: 51001501 | BR83: 51001501 | BS83: 51001501 | BT83: 0 | BU83: 72000 | BV83: 1000001 | CI83: 70005 | CK83: 装备 | CL83: 金丹级 | CM83: 常规上限 | CN83: 散件 | CO83: 摄魂印，印体凝聚灵机，兼顾攻伐与护身，偏重金行伤害。 | CP83: 山河有形，道心无界。 | CQ83: 【开发试配】常规上限；器法：破势·2。数值、被动与词条均待正式平衡；美术沿用占位。
B84: =50000000+INDEX(编号表!$D$2:$D$37,MATCH(G84,编号表!$C$2:$C$37,0))*100000+INDEX(编号表!$F$2:$F$24,MATCH(H84,编号表!$E$2:$E$24,0))*1000+INDEX(编号表!$B$2:$B$7,MATCH(I84,编号表!$A$2:$A$7,0))*100+K84 -> 51003200 | C84: 锦云履 | D84: 180 | E84: 21-30 | F84: 21 | G84: 金丹 | H84: 鞋履 | I84: 灵品 | J84: =COUNTIFS($G$5:G84,G84,$H$5:H84,H84,$I$5:I84,I84)-1 -> 0 | K84: 0 | L84: 0 | M84: 通用 | O84: 5 | R84: 90013 | S84: 15001001 | Y84: 40002 | Z84: 装备 | AA84: 大类_基础装备 | AB84: 小类_C金丹 | AC84: 灵品 | AD84: 2 | AE84: 无 | AF84: 默认 | AG84: TRUE | AH84: FALSE | AI84: 无 | AJ84: 生命值 | AK84: 3 | AL84: 物防上限 | AM84: 4 | AN84: 法防上限 | AO84: 2 | AP84: 灵力值 | AQ84: 2 | BN84: 0 | BO84: 0 | BP84: 51003200 | BQ84: 51003200 | BR84: 51003200 | BS84: 51003200 | BT84: 0 | BU84: 600 | BV84: 1000001 | CI84: 70002 | CK84: 装备 | CL84: 金丹级 | CM84: 过渡 | CN84: 散件 | CO84: 锦云履，履底纹理稳固，随行护持周身。 | CP84: 尘路虽长，行者不息。 | CQ84: 【开发试配】过渡；过渡装备无固定器法。数值、被动与词条均待正式平衡；美术沿用占位。
B85: =50000000+INDEX(编号表!$D$2:$D$37,MATCH(G85,编号表!$C$2:$C$37,0))*100000+INDEX(编号表!$F$2:$F$24,MATCH(H85,编号表!$E$2:$E$24,0))*1000+INDEX(编号表!$B$2:$B$7,MATCH(I85,编号表!$A$2:$A$7,0))*100+K85 -> 51003300 | C85: 飞羽履 | D85: 180 | E85: 21-30 | F85: 21 | G85: 金丹 | H85: 鞋履 | I85: 玄品 | J85: =COUNTIFS($G$5:G85,G85,$H$5:H85,H85,$I$5:I85,I85)-1 -> 0 | K85: 0 | L85: 0 | M85: 通用 | O85: 5 | R85: 90013 | S85: 15001001 | Y85: 40003 | Z85: 装备 | AA85: 大类_基础装备 | AB85: 小类_C金丹 | AC85: 玄品 | AD85: 3 | AE85: 无 | AF85: 默认 | AG85: TRUE | AH85: FALSE | AI85: 无 | AJ85: 生命值 | AK85: 4 | AL85: 物防上限 | AM85: 5 | AN85: 法防上限 | AO85: 3 | AP85: 灵力值 | AQ85: 3 | BN85: 0 | BO85: 0 | BP85: 51003300 | BQ85: 51003300 | BR85: 51003300 | BS85: 51003300 | BT85: 0 | BU85: 2400 | BV85: 1000001 | CI85: 70003 | CK85: 装备 | CL85: 金丹级 | CM85: 过渡 | CN85: 散件 | CO85: 飞羽履，履底纹理稳固，随行护持周身。 | CP85: 尘路虽长，行者不息。 | CQ85: 【开发试配】过渡；过渡装备无固定器法。数值、被动与词条均待正式平衡；美术沿用占位。
B86: =50000000+INDEX(编号表!$D$2:$D$37,MATCH(G86,编号表!$C$2:$C$37,0))*100000+INDEX(编号表!$F$2:$F$24,MATCH(H86,编号表!$E$2:$E$24,0))*1000+INDEX(编号表!$B$2:$B$7,MATCH(I86,编号表!$A$2:$A$7,0))*100+K86 -> 51003400 | C86: 流光履 | D86: 180 | E86: 21-30 | F86: 21 | G86: 金丹 | H86: 鞋履 | I86: 仙品 | J86: =COUNTIFS($G$5:G86,G86,$H$5:H86,H86,$I$5:I86,I86)-1 -> 0 | K86: 0 | L86: 0 | M86: 通用 | O86: 5 | R86: 90013 | S86: 15001001 | Y86: 40004 | Z86: 装备 | AA86: 大类_基础装备 | AB86: 小类_C金丹 | AC86: 仙品 | AD86: 4 | AE86: 无 | AF86: 默认 | AG86: TRUE | AH86: FALSE | AI86: 无 | AJ86: 生命值 | AK86: 5 | AL86: 物防上限 | AM86: 6 | AN86: 法防上限 | AO86: 3 | AP86: 灵力值 | AQ86: 3 | AR86: 移动速度 | AS86: 5 | BN86: 11900401 | BO86: 0 | BP86: 51003400 | BQ86: 51003400 | BR86: 51003400 | BS86: 51003400 | BT86: 0 | BU86: 12000 | BV86: 1000001 | CI86: 70004 | CK86: 装备 | CL86: 金丹级 | CM86: 主力 | CN86: 散件 | CO86: 流光履，履底纹理稳固，随行护持周身。 | CP86: 风在足下，路在云间。 | CQ86: 【开发试配】主力；器法：疾行·1。数值、被动与词条均待正式平衡；美术沿用占位。
B87: =50000000+INDEX(编号表!$D$2:$D$37,MATCH(G87,编号表!$C$2:$C$37,0))*100000+INDEX(编号表!$F$2:$F$24,MATCH(H87,编号表!$E$2:$E$24,0))*1000+INDEX(编号表!$B$2:$B$7,MATCH(I87,编号表!$A$2:$A$7,0))*100+K87 -> 51003401 | C87: 天罡履 | D87: 180 | E87: 21-30 | F87: 21 | G87: 金丹 | H87: 鞋履 | I87: 仙品 | J87: =COUNTIFS($G$5:G87,G87,$H$5:H87,H87,$I$5:I87,I87)-1 -> 1 | K87: 1 | L87: 3 | M87: 通用 | O87: 5 | R87: 90013 | S87: 15001001 | Y87: 40004 | Z87: 装备 | AA87: 大类_基础装备 | AB87: 小类_C金丹 | AC87: 仙品 | AD87: 4 | AE87: 无 | AF87: 默认 | AG87: TRUE | AH87: FALSE | AI87: 无 | AJ87: 生命值 | AK87: 5 | AL87: 物防上限 | AM87: 9 | AN87: 法防上限 | AO87: 3 | AP87: 灵力值 | AQ87: 2 | AR87: 移动速度 | AS87: 5 | AT87: 闪避 | AU87: 200 | BN87: 11900501 | BO87: 0 | BP87: 51003401 | BQ87: 51003401 | BR87: 51003401 | BS87: 51003401 | BT87: 0 | BU87: 12000 | BV87: 1000001 | CI87: 70004 | CK87: 装备 | CL87: 金丹级 | CM87: 主力 | CN87: 套装 | CO87: 天罡履，履底纹理稳固，随行护持周身，步履轻灵，利于闪避。 | CP87: 风在足下，路在云间。 | CQ87: 【开发试配】主力；器法：轻灵·1。数值、被动与词条均待正式平衡；美术沿用占位。
B88: =50000000+INDEX(编号表!$D$2:$D$37,MATCH(G88,编号表!$C$2:$C$37,0))*100000+INDEX(编号表!$F$2:$F$24,MATCH(H88,编号表!$E$2:$E$24,0))*1000+INDEX(编号表!$B$2:$B$7,MATCH(I88,编号表!$A$2:$A$7,0))*100+K88 -> 51003500 | C88: 惊鸿履 | D88: 180 | E88: 21-30 | F88: 21 | G88: 金丹 | H88: 鞋履 | I88: 神品 | J88: =COUNTIFS($G$5:G88,G88,$H$5:H88,H88,$I$5:I88,I88)-1 -> 0 | K88: 0 | L88: 0 | M88: 通用 | O88: 5 | R88: 90013 | S88: 15001001 | Y88: 40005 | Z88: 装备 | AA88: 大类_基础装备 | AB88: 小类_C金丹 | AC88: 神品 | AD88: 4 | AE88: 无 | AF88: 默认 | AG88: TRUE | AH88: FALSE | AI88: 无 | AJ88: 生命值 | AK88: 6 | AL88: 物防上限 | AM88: 7 | AN88: 法防上限 | AO88: 4 | AP88: 灵力值 | AQ88: 4 | AR88: 移动速度 | AS88: 8 | BN88: 11900402 | BO88: 0 | BP88: 51003500 | BQ88: 51003500 | BR88: 51003500 | BS88: 51003500 | BT88: 0 | BU88: 72000 | BV88: 1000001 | CI88: 70005 | CK88: 装备 | CL88: 金丹级 | CM88: 常规上限 | CN88: 散件 | CO88: 惊鸿履，履底纹理稳固，随行护持周身。 | CP88: 去留随意，踏月无声。 | CQ88: 【开发试配】常规上限；器法：疾行·2。数值、被动与词条均待正式平衡；美术沿用占位。
B89: =50000000+INDEX(编号表!$D$2:$D$37,MATCH(G89,编号表!$C$2:$C$37,0))*100000+INDEX(编号表!$F$2:$F$24,MATCH(H89,编号表!$E$2:$E$24,0))*1000+INDEX(编号表!$B$2:$B$7,MATCH(I89,编号表!$A$2:$A$7,0))*100+K89 -> 51003501 | C89: 乘风履 | D89: 180 | E89: 21-30 | F89: 21 | G89: 金丹 | H89: 鞋履 | I89: 神品 | J89: =COUNTIFS($G$5:G89,G89,$H$5:H89,H89,$I$5:I89,I89)-1 -> 1 | K89: 1 | L89: 0 | M89: 通用 | O89: 5 | R89: 90013 | S89: 15001001 | Y89: 40005 | Z89: 装备 | AA89: 大类_基础装备 | AB89: 小类_C金丹 | AC89: 神品 | AD89: 4 | AE89: 无 | AF89: 默认 | AG89: TRUE | AH89: FALSE | AI89: 无 | AJ89: 生命值 | AK89: 6 | AL89: 物防上限 | AM89: 11 | AN89: 法防上限 | AO89: 4 | AP89: 灵力值 | AQ89: 2 | AR89: 移动速度 | AS89: 8 | AT89: 闪避 | AU89: 300 | BN89: 11900502 | BO89: 0 | BP89: 51003501 | BQ89: 51003501 | BR89: 51003501 | BS89: 51003501 | BT89: 0 | BU89: 72000 | BV89: 1000001 | CI89: 70005 | CK89: 装备 | CL89: 金丹级 | CM89: 常规上限 | CN89: 散件 | CO89: 乘风履，履底纹理稳固，随行护持周身，步履轻灵，利于闪避。 | CP89: 去留随意，踏月无声。 | CQ89: 【开发试配】常规上限；器法：轻灵·2。数值、被动与词条均待正式平衡；美术沿用占位。
B90: =50000000+INDEX(编号表!$D$2:$D$37,MATCH(G90,编号表!$C$2:$C$37,0))*100000+INDEX(编号表!$F$2:$F$24,MATCH(H90,编号表!$E$2:$E$24,0))*1000+INDEX(编号表!$B$2:$B$7,MATCH(I90,编号表!$A$2:$A$7,0))*100+K90 -> 51005200 | C90: 织金袍 | D90: 180 | E90: 21-30 | F90: 21 | G90: 金丹 | H90: 法袍 | I90: 灵品 | J90: =COUNTIFS($G$5:G90,G90,$H$5:H90,H90,$I$5:I90,I90)-1 -> 0 | K90: 0 | L90: 0 | M90: 通用 | O90: 5 | R90: 90009 | S90: 15001001 | Y90: 40002 | Z90: 装备 | AA90: 大类_基础装备 | AB90: 小类_C金丹 | AC90: 灵品 | AD90: 2 | AE90: 无 | AF90: 默认 | AG90: TRUE | AH90: FALSE | AI90: 无 | AJ90: 生命值 | AK90: 5 | AL90: 物防上限 | AM90: 6 | AN90: 法防上限 | AO90: 4 | AP90: 灵力值 | AQ90: 1 | BN90: 0 | BO90: 0 | BP90: 51005200 | BQ90: 51005200 | BR90: 51005200 | BS90: 51005200 | BT90: 0 | BU90: 600 | BV90: 1000001 | CI90: 70002 | CK90: 装备 | CL90: 金丹级 | CM90: 过渡 | CN90: 散件 | CO90: 织金袍，袍内灵纹相连，护持周身气机。 | CP90: 粗衣亦可挡风，初心自能御寒。 | CQ90: 【开发试配】过渡；过渡装备无固定器法。数值、被动与词条均待正式平衡；美术沿用占位。
B91: =50000000+INDEX(编号表!$D$2:$D$37,MATCH(G91,编号表!$C$2:$C$37,0))*100000+INDEX(编号表!$F$2:$F$24,MATCH(H91,编号表!$E$2:$E$24,0))*1000+INDEX(编号表!$B$2:$B$7,MATCH(I91,编号表!$A$2:$A$7,0))*100+K91 -> 51005300 | C91: 玄鳞法袍 | D91: 180 | E91: 21-30 | F91: 21 | G91: 金丹 | H91: 法袍 | I91: 玄品 | J91: =COUNTIFS($G$5:G91,G91,$H$5:H91,H91,$I$5:I91,I91)-1 -> 0 | K91: 0 | L91: 0 | M91: 通用 | O91: 5 | R91: 90009 | S91: 15001001 | Y91: 40003 | Z91: 装备 | AA91: 大类_基础装备 | AB91: 小类_C金丹 | AC91: 玄品 | AD91: 3 | AE91: 无 | AF91: 默认 | AG91: TRUE | AH91: FALSE | AI91: 无 | AJ91: 生命值 | AK91: 6 | AL91: 物防上限 | AM91: 8 | AN91: 法防上限 | AO91: 5 | AP91: 灵力值 | AQ91: 1 | BN91: 0 | BO91: 0 | BP91: 51005300 | BQ91: 51005300 | BR91: 51005300 | BS91: 51005300 | BT91: 0 | BU91: 2400 | BV91: 1000001 | CI91: 70003 | CK91: 装备 | CL91: 金丹级 | CM91: 过渡 | CN91: 散件 | CO91: 玄鳞法袍，袍内灵纹相连，护持周身气机。 | CP91: 粗衣亦可挡风，初心自能御寒。 | CQ91: 【开发试配】过渡；过渡装备无固定器法。数值、被动与词条均待正式平衡；美术沿用占位。
B92: =50000000+INDEX(编号表!$D$2:$D$37,MATCH(G92,编号表!$C$2:$C$37,0))*100000+INDEX(编号表!$F$2:$F$24,MATCH(H92,编号表!$E$2:$E$24,0))*1000+INDEX(编号表!$B$2:$B$7,MATCH(I92,编号表!$A$2:$A$7,0))*100+K92 -> 51005400 | C92: 金霞袍 | D92: 180 | E92: 21-30 | F92: 21 | G92: 金丹 | H92: 法袍 | I92: 仙品 | J92: =COUNTIFS($G$5:G92,G92,$H$5:H92,H92,$I$5:I92,I92)-1 -> 0 | K92: 0 | L92: 0 | M92: 通用 | O92: 5 | R92: 90009 | S92: 15001001 | Y92: 40004 | Z92: 装备 | AA92: 大类_基础装备 | AB92: 小类_C金丹 | AC92: 仙品 | AD92: 4 | AE92: 无 | AF92: 默认 | AG92: TRUE | AH92: FALSE | AI92: 无 | AJ92: 生命值 | AK92: 7 | AL92: 物防上限 | AM92: 9 | AN92: 法防上限 | AO92: 6 | AP92: 灵力值 | AQ92: 2 | BN92: 11900701 | BO92: 0 | BP92: 51005400 | BQ92: 51005400 | BR92: 51005400 | BS92: 51005400 | BT92: 0 | BU92: 12000 | BV92: 1000001 | CI92: 70004 | CK92: 装备 | CL92: 金丹级 | CM92: 主力 | CN92: 散件 | CO92: 金霞袍，袍内灵纹相连，护持周身气机。 | CP92: 一袭护身，静候风雷。 | CQ92: 【开发试配】主力；器法：厚甲·1。数值、被动与词条均待正式平衡；美术沿用占位。
B93: =50000000+INDEX(编号表!$D$2:$D$37,MATCH(G93,编号表!$C$2:$C$37,0))*100000+INDEX(编号表!$F$2:$F$24,MATCH(H93,编号表!$E$2:$E$24,0))*1000+INDEX(编号表!$B$2:$B$7,MATCH(I93,编号表!$A$2:$A$7,0))*100+K93 -> 51005401 | C93: 天罡法袍 | D93: 180 | E93: 21-30 | F93: 21 | G93: 金丹 | H93: 法袍 | I93: 仙品 | J93: =COUNTIFS($G$5:G93,G93,$H$5:H93,H93,$I$5:I93,I93)-1 -> 1 | K93: 1 | L93: 3 | M93: 通用 | O93: 5 | R93: 90009 | S93: 15001001 | Y93: 40004 | Z93: 装备 | AA93: 大类_基础装备 | AB93: 小类_C金丹 | AC93: 仙品 | AD93: 4 | AE93: 无 | AF93: 默认 | AG93: TRUE | AH93: FALSE | AI93: 无 | AJ93: 生命值 | AK93: 5 | AL93: 物防上限 | AM93: 3 | AN93: 法防上限 | AO93: 9 | AP93: 灵力值 | AQ93: 3 | BN93: 11900801 | BO93: 0 | BP93: 51005401 | BQ93: 51005401 | BR93: 51005401 | BS93: 51005401 | BT93: 0 | BU93: 12000 | BV93: 1000001 | CI93: 70004 | CK93: 装备 | CL93: 金丹级 | CM93: 主力 | CN93: 套装 | CO93: 天罡法袍，袍内灵纹相连，护持周身气机。 | CP93: 一袭护身，静候风雷。 | CQ93: 【开发试配】主力；器法：御法·1。数值、被动与词条均待正式平衡；美术沿用占位。
B94: =50000000+INDEX(编号表!$D$2:$D$37,MATCH(G94,编号表!$C$2:$C$37,0))*100000+INDEX(编号表!$F$2:$F$24,MATCH(H94,编号表!$E$2:$E$24,0))*1000+INDEX(编号表!$B$2:$B$7,MATCH(I94,编号表!$A$2:$A$7,0))*100+K94 -> 51005500 | C94: 紫绶法袍 | D94: 180 | E94: 21-30 | F94: 21 | G94: 金丹 | H94: 法袍 | I94: 神品 | J94: =COUNTIFS($G$5:G94,G94,$H$5:H94,H94,$I$5:I94,I94)-1 -> 0 | K94: 0 | L94: 0 | M94: 通用 | O94: 5 | R94: 90009 | S94: 15001001 | Y94: 40005 | Z94: 装备 | AA94: 大类_基础装备 | AB94: 小类_C金丹 | AC94: 神品 | AD94: 4 | AE94: 无 | AF94: 默认 | AG94: TRUE | AH94: FALSE | AI94: 无 | AJ94: 生命值 | AK94: 9 | AL94: 物防上限 | AM94: 11 | AN94: 法防上限 | AO94: 7 | AP94: 灵力值 | AQ94: 2 | BN94: 11900702 | BO94: 0 | BP94: 51005500 | BQ94: 51005500 | BR94: 51005500 | BS94: 51005500 | BT94: 0 | BU94: 72000 | BV94: 1000001 | CI94: 70005 | CK94: 装备 | CL94: 金丹级 | CM94: 常规上限 | CN94: 散件 | CO94: 紫绶法袍，袍内灵纹相连，护持周身气机。 | CP94: 衣纹如水，心定如山。 | CQ94: 【开发试配】常规上限；器法：厚甲·2。数值、被动与词条均待正式平衡；美术沿用占位。
B95: =50000000+INDEX(编号表!$D$2:$D$37,MATCH(G95,编号表!$C$2:$C$37,0))*100000+INDEX(编号表!$F$2:$F$24,MATCH(H95,编号表!$E$2:$E$24,0))*1000+INDEX(编号表!$B$2:$B$7,MATCH(I95,编号表!$A$2:$A$7,0))*100+K95 -> 51006200 | C95: 黄玉冠 | D95: 180 | E95: 21-30 | F95: 21 | G95: 金丹 | H95: 冠 | I95: 灵品 | J95: =COUNTIFS($G$5:G95,G95,$H$5:H95,H95,$I$5:I95,I95)-1 -> 0 | K95: 0 | L95: 0 | M95: 通用 | O95: 5 | R95: 90008 | S95: 15001001 | Y95: 40002 | Z95: 装备 | AA95: 大类_基础装备 | AB95: 小类_C金丹 | AC95: 灵品 | AD95: 2 | AE95: 无 | AF95: 默认 | AG95: TRUE | AH95: FALSE | AI95: 无 | AJ95: 生命值 | AK95: 3 | AL95: 物防上限 | AM95: 2 | AN95: 法防上限 | AO95: 4 | AP95: 灵力值 | AQ95: 3 | BN95: 0 | BO95: 0 | BP95: 51006200 | BQ95: 51006200 | BR95: 51006200 | BS95: 51006200 | BT95: 0 | BU95: 600 | BV95: 1000001 | CI95: 70002 | CK95: 装备 | CL95: 金丹级 | CM95: 过渡 | CN95: 散件 | CO95: 黄玉冠，冠中灵纹清明，护持修士心神。 | CP95: 束发整衣，自此问道。 | CQ95: 【开发试配】过渡；过渡装备无固定器法。数值、被动与词条均待正式平衡；美术沿用占位。
B96: =50000000+INDEX(编号表!$D$2:$D$37,MATCH(G96,编号表!$C$2:$C$37,0))*100000+INDEX(编号表!$F$2:$F$24,MATCH(H96,编号表!$E$2:$E$24,0))*1000+INDEX(编号表!$B$2:$B$7,MATCH(I96,编号表!$A$2:$A$7,0))*100+K96 -> 51006300 | C96: 赤霞冠 | D96: 180 | E96: 21-30 | F96: 21 | G96: 金丹 | H96: 冠 | I96: 玄品 | J96: =COUNTIFS($G$5:G96,G96,$H$5:H96,H96,$I$5:I96,I96)-1 -> 0 | K96: 0 | L96: 0 | M96: 通用 | O96: 5 | R96: 90008 | S96: 15001001 | Y96: 40003 | Z96: 装备 | AA96: 大类_基础装备 | AB96: 小类_C金丹 | AC96: 玄品 | AD96: 3 | AE96: 无 | AF96: 默认 | AG96: TRUE | AH96: FALSE | AI96: 无 | AJ96: 生命值 | AK96: 4 | AL96: 物防上限 | AM96: 3 | AN96: 法防上限 | AO96: 5 | AP96: 灵力值 | AQ96: 4 | BN96: 0 | BO96: 0 | BP96: 51006300 | BQ96: 51006300 | BR96: 51006300 | BS96: 51006300 | BT96: 0 | BU96: 2400 | BV96: 1000001 | CI96: 70003 | CK96: 装备 | CL96: 金丹级 | CM96: 过渡 | CN96: 散件 | CO96: 赤霞冠，冠中灵纹清明，护持修士心神。 | CP96: 束发整衣，自此问道。 | CQ96: 【开发试配】过渡；过渡装备无固定器法。数值、被动与词条均待正式平衡；美术沿用占位。
B97: =50000000+INDEX(编号表!$D$2:$D$37,MATCH(G97,编号表!$C$2:$C$37,0))*100000+INDEX(编号表!$F$2:$F$24,MATCH(H97,编号表!$E$2:$E$24,0))*1000+INDEX(编号表!$B$2:$B$7,MATCH(I97,编号表!$A$2:$A$7,0))*100+K97 -> 51006400 | C97: 观微冠 | D97: 180 | E97: 21-30 | F97: 21 | G97: 金丹 | H97: 冠 | I97: 仙品 | J97: =COUNTIFS($G$5:G97,G97,$H$5:H97,H97,$I$5:I97,I97)-1 -> 0 | K97: 0 | L97: 0 | M97: 通用 | O97: 5 | R97: 90008 | S97: 15001001 | Y97: 40004 | Z97: 装备 | AA97: 大类_基础装备 | AB97: 小类_C金丹 | AC97: 仙品 | AD97: 4 | AE97: 无 | AF97: 默认 | AG97: TRUE | AH97: FALSE | AI97: 无 | AJ97: 生命值 | AK97: 5 | AL97: 物防上限 | AM97: 3 | AN97: 法防上限 | AO97: 6 | AP97: 灵力值 | AQ97: 5 | AR97: 神识 | AS97: 1 | BN97: 11900901 | BO97: 0 | BP97: 51006400 | BQ97: 51006400 | BR97: 51006400 | BS97: 51006400 | BT97: 0 | BU97: 12000 | BV97: 1000001 | CI97: 70004 | CK97: 装备 | CL97: 金丹级 | CM97: 主力 | CN97: 散件 | CO97: 观微冠，冠中灵纹清明，护持修士心神，并有助于凝聚神识。 | CP97: 外物纷纭，一念澄明。 | CQ97: 【开发试配】主力；器法：凝神·1。数值、被动与词条均待正式平衡；美术沿用占位。
B98: =50000000+INDEX(编号表!$D$2:$D$37,MATCH(G98,编号表!$C$2:$C$37,0))*100000+INDEX(编号表!$F$2:$F$24,MATCH(H98,编号表!$E$2:$E$24,0))*1000+INDEX(编号表!$B$2:$B$7,MATCH(I98,编号表!$A$2:$A$7,0))*100+K98 -> 51006401 | C98: 天罡冠 | D98: 180 | E98: 21-30 | F98: 21 | G98: 金丹 | H98: 冠 | I98: 仙品 | J98: =COUNTIFS($G$5:G98,G98,$H$5:H98,H98,$I$5:I98,I98)-1 -> 1 | K98: 1 | L98: 3 | M98: 通用 | O98: 5 | R98: 90008 | S98: 15001001 | Y98: 40004 | Z98: 装备 | AA98: 大类_基础装备 | AB98: 小类_C金丹 | AC98: 仙品 | AD98: 4 | AE98: 无 | AF98: 默认 | AG98: TRUE | AH98: FALSE | AI98: 无 | AJ98: 生命值 | AK98: 5 | AL98: 物防上限 | AM98: 3 | AN98: 法防上限 | AO98: 9 | AP98: 灵力值 | AQ98: 3 | AR98: 神识 | AS98: 1 | BN98: 11901001 | BO98: 0 | BP98: 51006401 | BQ98: 51006401 | BR98: 51006401 | BS98: 51006401 | BT98: 0 | BU98: 12000 | BV98: 1000001 | CI98: 70004 | CK98: 装备 | CL98: 金丹级 | CM98: 主力 | CN98: 套装 | CO98: 天罡冠，冠中灵纹清明，护持修士心神，并有助于凝聚神识。 | CP98: 外物纷纭，一念澄明。 | CQ98: 【开发试配】主力；器法：护法·1。数值、被动与词条均待正式平衡；美术沿用占位。
B99: =50000000+INDEX(编号表!$D$2:$D$37,MATCH(G99,编号表!$C$2:$C$37,0))*100000+INDEX(编号表!$F$2:$F$24,MATCH(H99,编号表!$E$2:$E$24,0))*1000+INDEX(编号表!$B$2:$B$7,MATCH(I99,编号表!$A$2:$A$7,0))*100+K99 -> 51006500 | C99: 九曜冠 | D99: 180 | E99: 21-30 | F99: 21 | G99: 金丹 | H99: 冠 | I99: 神品 | J99: =COUNTIFS($G$5:G99,G99,$H$5:H99,H99,$I$5:I99,I99)-1 -> 0 | K99: 0 | L99: 0 | M99: 通用 | O99: 5 | R99: 90008 | S99: 15001001 | Y99: 40005 | Z99: 装备 | AA99: 大类_基础装备 | AB99: 小类_C金丹 | AC99: 神品 | AD99: 4 | AE99: 无 | AF99: 默认 | AG99: TRUE | AH99: FALSE | AI99: 无 | AJ99: 生命值 | AK99: 6 | AL99: 物防上限 | AM99: 4 | AN99: 法防上限 | AO99: 7 | AP99: 灵力值 | AQ99: 6 | AR99: 神识 | AS99: 2 | BN99: 11900902 | BO99: 0 | BP99: 51006500 | BQ99: 51006500 | BR99: 51006500 | BS99: 51006500 | BT99: 0 | BU99: 72000 | BV99: 1000001 | CI99: 70005 | CK99: 装备 | CL99: 金丹级 | CM99: 常规上限 | CN99: 散件 | CO99: 九曜冠，冠中灵纹清明，护持修士心神，并有助于凝聚神识。 | CP99: 仰观星斗，静守寸心。 | CQ99: 【开发试配】常规上限；器法：凝神·2。数值、被动与词条均待正式平衡；美术沿用占位。
B100: =50000000+INDEX(编号表!$D$2:$D$37,MATCH(G100,编号表!$C$2:$C$37,0))*100000+INDEX(编号表!$F$2:$F$24,MATCH(H100,编号表!$E$2:$E$24,0))*1000+INDEX(编号表!$B$2:$B$7,MATCH(I100,编号表!$A$2:$A$7,0))*100+K100 -> 51019200 | C100: 暖玉佩 | D100: 180 | E100: 21-30 | F100: 21 | G100: 金丹 | H100: 玉佩 | I100: 灵品 | J100: =COUNTIFS($G$5:G100,G100,$H$5:H100,H100,$I$5:I100,I100)-1 -> 0 | K100: 0 | L100: 0 | M100: 通用 | O100: 5 | R100: 90011 | S100: 15001001 | Y100: 40002 | Z100: 装备 | AA100: 大类_基础装备 | AB100: 小类_C金丹 | AC100: 灵品 | AD100: 2 | AE100: 无 | AF100: 默认 | AG100: TRUE | AH100: FALSE | AI100: 无 | AJ100: 攻击上限 | AK100: 2 | AL100: 生命值 | AM100: 2 | AN100: 物防上限 | AO100: 2 | AP100: 法防上限 | AQ100: 4 | AR100: 灵力值 | AS100: 2 | BN100: 0 | BO100: 0 | BP100: 51019200 | BQ100: 51019200 | BR100: 51019200 | BS100: 51019200 | BT100: 0 | BU100: 600 | BV100: 1000001 | CI100: 70002 | CK100: 装备 | CL100: 金丹级 | CM100: 过渡 | CN100: 散件 | CO100: 暖玉佩，佩中灵机温润，攻守间自成助益。 | CP100: 佩玉无言，与君同行。 | CQ100: 【开发试配】过渡；过渡装备无固定器法。数值、被动与词条均待正式平衡；美术沿用占位。
...

Sheet 强化
A1: ##var | B1: reinforcement_id | G1: level_max | H1: upgrades
A2: ##type | B2: int | G2: int | H2: array,EquipUpgrade
A3: ##group
A4: ## | B4: 强化ID | C4: 装备名 | D4: 装备位 | E4: 推荐等级 | F4: 推荐品质 | G4: 最高强化等级 | H4: 升级1材料ID1 | I4: 升级1材料数量1 | J4: 升级1材料ID2 | K4: 升级1材料数量2 | L4: 升级1材料ID3 | M4: 升级1材料数量3 | N4: 分隔符 | O4: 升级1属性名 | P4: 升级1属性值 | Q4: 升级1成功率 | R4: 升级2材料ID1 | S4: 升级2材料数量1 | T4: 升级2材料ID2 | U4: 升级2材料数量2 | V4: 升级2材料ID3 | W4: 升级2材料数量3 | X4: 分隔符 | Y4: 升级2属性名 | Z4: 升级2属性值 | AA4: 升级2成功率 | AB4: 升级3材料ID1 | AC4: 升级3材料数量1 | AD4: 升级3材料ID2 | AE4: 升级3材料数量2 | AF4: 升级3材料ID3 | AG4: 升级3材料数量3 | AH4: 分隔符 | AI4: 升级3属性名 | AJ4: 升级3属性值 | AK4: 升级3成功率 | AL4: 升级4材料ID1 | AM4: 升级4材料数量1 | AN4: 升级4材料ID2 | AO4: 升级4材料数量2 | AP4: 升级4材料ID3 | AQ4: 升级4材料数量3 | AR4: 分隔符 | AS4: 升级4属性名 | AT4: 升级4属性值 | AU4: 升级4成功率 | AV4: 升级5材料ID1 | AW4: 升级5材料数量1 | AX4: 升级5材料ID2 | AY4: 升级5材料数量2 | AZ4: 升级5材料ID3 | BA4: 升级5材料数量3 | BB4: 分隔符 | BC4: 升级5属性名 | BD4: 升级5属性值 | BE4: 升级5成功率 | BF4: 升级6材料ID1 | BG4: 升级6材料数量1 | BH4: 升级6材料ID2 | BI4: 升级6材料数量2 | BJ4: 升级6材料ID3 | BK4: 升级6材料数量3 | BL4: 分隔符 | BM4: 升级6属性名 | BN4: 升级6属性值 | BO4: 升级6成功率 | BP4: 升级7材料ID1 | BQ4: 升级7材料数量1 | BR4: 升级7材料ID2 | BS4: 升级7材料数量2 | BT4: 升级7材料ID3 | BU4: 升级7材料数量3 | BV4: 分隔符 | BW4: 升级7属性名 | BX4: 升级7属性值 | BY4: 升级7成功率 | BZ4: 强化灵材名称（辅助） | CA4: 高阶补充灵材（辅助） | CB4: 试配说明（不导出）
B5: 50000100 | C5: 粗铁剑 | D5: 武器 | E5: 炼气 | F5: 凡品 | G5: 7 | H5: 12321013 | I5: 5 | J5: 12821010 | K5: 5 | L5: 1000001 | M5: 20 | N5: } | O5: 攻击上限 | P5: 1 | Q5: 8000 | R5: 12321013 | S5: 5 | T5: 12821010 | U5: 5 | V5: 1000001 | W5: 20 | X5: } | Y5: 攻击上限 | Z5: 1 | AA5: 7000 | AB5: 12321013 | AC5: 10 | AD5: 12821010 | AE5: 5 | AF5: 1000001 | AG5: 40 | AH5: } | AI5: 攻击上限 | AJ5: 1 | AK5: 6000 | AL5: 12322013 | AM5: 10 | AN5: 12522012 | AO5: 10 | AP5: 1000001 | AQ5: 40 | AR5: } | AS5: 攻击上限 | AT5: 1 | AU5: 5000 | AV5: 12322013 | AW5: 15 | AX5: 12522012 | AY5: 10 | AZ5: 1000001 | BA5: 60 | BB5: } | BC5: 攻击上限 | BD5: 1 | BE5: 4000 | BF5: 12322013 | BG5: 20 | BH5: 12522012 | BI5: 10 | BJ5: 1000001 | BK5: 80 | BL5: } | BM5: 攻击上限 | BN5: 2 | BO5: 3000 | BP5: 12322013 | BQ5: 25 | BR5: 12522012 | BS5: 15 | BT5: 1000001 | BU5: 100 | BV5: } | BW5: 攻击上限 | BX5: 2 | BY5: 2000 | BZ5: 玄铁 | CA5: 分阶段材料2：足年灵兽骨、足年灵兽獠牙 | CB5: 【开发试配】每级增量；失败同额扣费、不掉级；灵石按货币余额扣。
B6: 50000200 | C6: 精铁剑 | D6: 武器 | E6: 炼气 | F6: 灵品 | G6: 7 | H6: 12321013 | I6: 5 | J6: 12821010 | K6: 5 | L6: 1000001 | M6: 20 | N6: } | O6: 攻击上限 | P6: 1 | Q6: 8000 | R6: 12321013 | S6: 5 | T6: 12821010 | U6: 5 | V6: 1000001 | W6: 20 | X6: } | Y6: 攻击上限 | Z6: 1 | AA6: 7000 | AB6: 12321013 | AC6: 10 | AD6: 12821010 | AE6: 5 | AF6: 1000001 | AG6: 40 | AH6: } | AI6: 攻击上限 | AJ6: 1 | AK6: 6000 | AL6: 12322013 | AM6: 10 | AN6: 12522012 | AO6: 10 | AP6: 1000001 | AQ6: 40 | AR6: } | AS6: 攻击上限 | AT6: 1 | AU6: 5000 | AV6: 12322013 | AW6: 15 | AX6: 12522012 | AY6: 10 | AZ6: 1000001 | BA6: 60 | BB6: } | BC6: 攻击上限 | BD6: 1 | BE6: 4000 | BF6: 12322013 | BG6: 20 | BH6: 12522012 | BI6: 10 | BJ6: 1000001 | BK6: 80 | BL6: } | BM6: 攻击上限 | BN6: 2 | BO6: 3000 | BP6: 12322013 | BQ6: 25 | BR6: 12522012 | BS6: 15 | BT6: 1000001 | BU6: 100 | BV6: } | BW6: 攻击上限 | BX6: 2 | BY6: 2000 | BZ6: 玄铁 | CA6: 分阶段材料2：足年灵兽骨、足年灵兽獠牙 | CB6: 【开发试配】每级增量；失败同额扣费、不掉级；灵石按货币余额扣。
B7: 50000300 | C7: 清风剑 | D7: 武器 | E7: 炼气 | F7: 玄品 | G7: 7 | H7: 12321013 | I7: 5 | J7: 12821010 | K7: 5 | L7: 1000001 | M7: 40 | N7: } | O7: 攻击上限 | P7: 1 | Q7: 8000 | R7: 12321013 | S7: 5 | T7: 12821010 | U7: 5 | V7: 1000001 | W7: 40 | X7: } | Y7: 攻击上限 | Z7: 1 | AA7: 7000 | AB7: 12321013 | AC7: 10 | AD7: 12821010 | AE7: 5 | AF7: 1000001 | AG7: 80 | AH7: } | AI7: 攻击上限 | AJ7: 1 | AK7: 6000 | AL7: 12322013 | AM7: 10 | AN7: 12522012 | AO7: 10 | AP7: 1000001 | AQ7: 80 | AR7: } | AS7: 攻击上限 | AT7: 1 | AU7: 5000 | AV7: 12322013 | AW7: 15 | AX7: 12522012 | AY7: 10 | AZ7: 1000001 | BA7: 120 | BB7: } | BC7: 攻击上限 | BD7: 1 | BE7: 4000 | BF7: 12322013 | BG7: 20 | BH7: 12522012 | BI7: 10 | BJ7: 1000001 | BK7: 160 | BL7: } | BM7: 攻击上限 | BN7: 2 | BO7: 3000 | BP7: 12322013 | BQ7: 25 | BR7: 12522012 | BS7: 15 | BT7: 1000001 | BU7: 200 | BV7: } | BW7: 攻击上限 | BX7: 2 | BY7: 2000 | BZ7: 玄铁 | CA7: 分阶段材料2：足年灵兽骨、足年灵兽獠牙 | CB7: 【开发试配】每级增量；失败同额扣费、不掉级；灵石按货币余额扣。
B8: 50000301 | C8: 五气拂尘 | D8: 武器 | E8: 炼气 | F8: 玄品 | G8: 7 | H8: 12321013 | I8: 5 | J8: 12821010 | K8: 5 | L8: 1000001 | M8: 40 | N8: } | O8: 攻击上限 | P8: 1 | Q8: 8000 | R8: 12321013 | S8: 5 | T8: 12821010 | U8: 5 | V8: 1000001 | W8: 40 | X8: } | Y8: 攻击上限 | Z8: 1 | AA8: 7000 | AB8: 12321013 | AC8: 10 | AD8: 12821010 | AE8: 5 | AF8: 1000001 | AG8: 80 | AH8: } | AI8: 攻击上限 | AJ8: 1 | AK8: 6000 | AL8: 12322013 | AM8: 10 | AN8: 12522012 | AO8: 10 | AP8: 1000001 | AQ8: 80 | AR8: } | AS8: 攻击上限 | AT8: 1 | AU8: 5000 | AV8: 12322013 | AW8: 15 | AX8: 12522012 | AY8: 10 | AZ8: 1000001 | BA8: 120 | BB8: } | BC8: 攻击上限 | BD8: 1 | BE8: 4000 | BF8: 12322013 | BG8: 20 | BH8: 12522012 | BI8: 10 | BJ8: 1000001 | BK8: 160 | BL8: } | BM8: 攻击上限 | BN8: 2 | BO8: 3000 | BP8: 12322013 | BQ8: 25 | BR8: 12522012 | BS8: 15 | BT8: 1000001 | BU8: 200 | BV8: } | BW8: 攻击上限 | BX8: 2 | BY8: 2000 | BZ8: 玄铁 | CA8: 分阶段材料2：足年灵兽骨、足年灵兽獠牙 | CB8: 【开发试配】每级增量；失败同额扣费、不掉级；灵石按货币余额扣。
B9: 50000400 | C9: 寒星剑 | D9: 武器 | E9: 炼气 | F9: 仙品 | G9: 7 | H9: 12321013 | I9: 5 | J9: 12821010 | K9: 5 | L9: 1000001 | M9: 60 | N9: } | O9: 攻击上限 | P9: 1 | Q9: 8000 | R9: 12321013 | S9: 5 | T9: 12821010 | U9: 5 | V9: 1000001 | W9: 60 | X9: } | Y9: 攻击上限 | Z9: 1 | AA9: 7000 | AB9: 12321013 | AC9: 10 | AD9: 12821010 | AE9: 5 | AF9: 1000001 | AG9: 120 | AH9: } | AI9: 攻击上限 | AJ9: 1 | AK9: 6000 | AL9: 12322013 | AM9: 10 | AN9: 12522012 | AO9: 10 | AP9: 1000001 | AQ9: 120 | AR9: } | AS9: 攻击上限 | AT9: 1 | AU9: 5000 | AV9: 12322013 | AW9: 15 | AX9: 12522012 | AY9: 10 | AZ9: 1000001 | BA9: 180 | BB9: } | BC9: 攻击上限 | BD9: 1 | BE9: 4000 | BF9: 12322013 | BG9: 20 | BH9: 12522012 | BI9: 10 | BJ9: 1000001 | BK9: 240 | BL9: } | BM9: 攻击上限 | BN9: 2 | BO9: 3000 | BP9: 12322013 | BQ9: 25 | BR9: 12522012 | BS9: 15 | BT9: 1000001 | BU9: 300 | BV9: } | BW9: 攻击上限 | BX9: 2 | BY9: 2000 | BZ9: 玄铁 | CA9: 分阶段材料2：足年灵兽骨、足年灵兽獠牙 | CB9: 【开发试配】每级增量；失败同额扣费、不掉级；灵石按货币余额扣。
B10: 50001100 | C10: 铜印 | D10: 印绶 | E10: 炼气 | F10: 凡品 | G10: 7 | H10: 12321013 | I10: 5 | J10: 12821010 | K10: 5 | L10: 1000001 | M10: 20 | N10: } | O10: 攻击上限 | P10: 1 | Q10: 8000 | R10: 12321013 | S10: 5 | T10: 12821010 | U10: 5 | V10: 1000001 | W10: 20 | X10: } | Y10: 攻击上限 | Z10: 1 | AA10: 7000 | AB10: 12321013 | AC10: 10 | AD10: 12821010 | AE10: 5 | AF10: 1000001 | AG10: 40 | AH10: } | AI10: 攻击上限 | AJ10: 1 | AK10: 6000 | AL10: 12322013 | AM10: 10 | AN10: 12822010 | AO10: 10 | AP10: 1000001 | AQ10: 40 | AR10: } | AS10: 攻击上限 | AT10: 1 | AU10: 5000 | AV10: 12322013 | AW10: 15 | AX10: 12822010 | AY10: 10 | AZ10: 1000001 | BA10: 60 | BB10: } | BC10: 攻击上限 | BD10: 1 | BE10: 4000 | BF10: 12322013 | BG10: 20 | BH10: 12822010 | BI10: 10 | BJ10: 1000001 | BK10: 80 | BL10: } | BM10: 攻击上限 | BN10: 2 | BO10: 3000 | BP10: 12322013 | BQ10: 25 | BR10: 12822010 | BS10: 15 | BT10: 1000001 | BU10: 100 | BV10: } | BW10: 攻击上限 | BX10: 2 | BY10: 2000 | BZ10: 玄铁 | CA10: 分阶段材料2：足年灵兽骨 | CB10: 【开发试配】每级增量；失败同额扣费、不掉级；灵石按货币余额扣。
B11: 50001200 | C11: 玄铁印 | D11: 印绶 | E11: 炼气 | F11: 灵品 | G11: 7 | H11: 12321013 | I11: 5 | J11: 12821010 | K11: 5 | L11: 1000001 | M11: 20 | N11: } | O11: 攻击上限 | P11: 1 | Q11: 8000 | R11: 12321013 | S11: 5 | T11: 12821010 | U11: 5 | V11: 1000001 | W11: 20 | X11: } | Y11: 攻击上限 | Z11: 1 | AA11: 7000 | AB11: 12321013 | AC11: 10 | AD11: 12821010 | AE11: 5 | AF11: 1000001 | AG11: 40 | AH11: } | AI11: 攻击上限 | AJ11: 1 | AK11: 6000 | AL11: 12322013 | AM11: 10 | AN11: 12822010 | AO11: 10 | AP11: 1000001 | AQ11: 40 | AR11: } | AS11: 攻击上限 | AT11: 1 | AU11: 5000 | AV11: 12322013 | AW11: 15 | AX11: 12822010 | AY11: 10 | AZ11: 1000001 | BA11: 60 | BB11: } | BC11: 攻击上限 | BD11: 1 | BE11: 4000 | BF11: 12322013 | BG11: 20 | BH11: 12822010 | BI11: 10 | BJ11: 1000001 | BK11: 80 | BL11: } | BM11: 攻击上限 | BN11: 2 | BO11: 3000 | BP11: 12322013 | BQ11: 25 | BR11: 12822010 | BS11: 15 | BT11: 1000001 | BU11: 100 | BV11: } | BW11: 攻击上限 | BX11: 2 | BY11: 2000 | BZ11: 玄铁 | CA11: 分阶段材料2：足年灵兽骨 | CB11: 【开发试配】每级增量；失败同额扣费、不掉级；灵石按货币余额扣。
B12: 50001300 | C12: 赤焰印 | D12: 印绶 | E12: 炼气 | F12: 玄品 | G12: 7 | H12: 12321013 | I12: 5 | J12: 12821010 | K12: 5 | L12: 1000001 | M12: 40 | N12: } | O12: 攻击上限 | P12: 1 | Q12: 8000 | R12: 12321013 | S12: 5 | T12: 12821010 | U12: 5 | V12: 1000001 | W12: 40 | X12: } | Y12: 攻击上限 | Z12: 1 | AA12: 7000 | AB12: 12321013 | AC12: 10 | AD12: 12821010 | AE12: 5 | AF12: 1000001 | AG12: 80 | AH12: } | AI12: 攻击上限 | AJ12: 1 | AK12: 6000 | AL12: 12322013 | AM12: 10 | AN12: 12822010 | AO12: 10 | AP12: 1000001 | AQ12: 80 | AR12: } | AS12: 攻击上限 | AT12: 1 | AU12: 5000 | AV12: 12322013 | AW12: 15 | AX12: 12822010 | AY12: 10 | AZ12: 1000001 | BA12: 120 | BB12: } | BC12: 攻击上限 | BD12: 1 | BE12: 4000 | BF12: 12322013 | BG12: 20 | BH12: 12822010 | BI12: 10 | BJ12: 1000001 | BK12: 160 | BL12: } | BM12: 攻击上限 | BN12: 2 | BO12: 3000 | BP12: 12322013 | BQ12: 25 | BR12: 12822010 | BS12: 15 | BT12: 1000001 | BU12: 200 | BV12: } | BW12: 攻击上限 | BX12: 2 | BY12: 2000 | BZ12: 玄铁 | CA12: 分阶段材料2：足年灵兽骨 | CB12: 【开发试配】每级增量；失败同额扣费、不掉级；灵石按货币余额扣。
B13: 50001301 | C13: 镇岳印 | D13: 印绶 | E13: 炼气 | F13: 玄品 | G13: 7 | H13: 12321013 | I13: 5 | J13: 12821010 | K13: 5 | L13: 1000001 | M13: 40 | N13: } | O13: 攻击上限 | P13: 1 | Q13: 8000 | R13: 12321013 | S13: 5 | T13: 12821010 | U13: 5 | V13: 1000001 | W13: 40 | X13: } | Y13: 攻击上限 | Z13: 1 | AA13: 7000 | AB13: 12321013 | AC13: 10 | AD13: 12821010 | AE13: 5 | AF13: 1000001 | AG13: 80 | AH13: } | AI13: 攻击上限 | AJ13: 1 | AK13: 6000 | AL13: 12322013 | AM13: 10 | AN13: 12822010 | AO13: 10 | AP13: 1000001 | AQ13: 80 | AR13: } | AS13: 攻击上限 | AT13: 1 | AU13: 5000 | AV13: 12322013 | AW13: 15 | AX13: 12822010 | AY13: 10 | AZ13: 1000001 | BA13: 120 | BB13: } | BC13: 攻击上限 | BD13: 1 | BE13: 4000 | BF13: 12322013 | BG13: 20 | BH13: 12822010 | BI13: 10 | BJ13: 1000001 | BK13: 160 | BL13: } | BM13: 攻击上限 | BN13: 2 | BO13: 3000 | BP13: 12322013 | BQ13: 25 | BR13: 12822010 | BS13: 15 | BT13: 1000001 | BU13: 200 | BV13: } | BW13: 攻击上限 | BX13: 2 | BY13: 2000 | BZ13: 玄铁 | CA13: 分阶段材料2：足年灵兽骨 | CB13: 【开发试配】每级增量；失败同额扣费、不掉级；灵石按货币余额扣。
B14: 50001400 | C14: 伏妖印 | D14: 印绶 | E14: 炼气 | F14: 仙品 | G14: 7 | H14: 12321013 | I14: 5 | J14: 12821010 | K14: 5 | L14: 1000001 | M14: 60 | N14: } | O14: 攻击上限 | P14: 1 | Q14: 8000 | R14: 12321013 | S14: 5 | T14: 12821010 | U14: 5 | V14: 1000001 | W14: 60 | X14: } | Y14: 攻击上限 | Z14: 1 | AA14: 7000 | AB14: 12321013 | AC14: 10 | AD14: 12821010 | AE14: 5 | AF14: 1000001 | AG14: 120 | AH14: } | AI14: 攻击上限 | AJ14: 1 | AK14: 6000 | AL14: 12322013 | AM14: 10 | AN14: 12822010 | AO14: 10 | AP14: 1000001 | AQ14: 120 | AR14: } | AS14: 攻击上限 | AT14: 1 | AU14: 5000 | AV14: 12322013 | AW14: 15 | AX14: 12822010 | AY14: 10 | AZ14: 1000001 | BA14: 180 | BB14: } | BC14: 攻击上限 | BD14: 1 | BE14: 4000 | BF14: 12322013 | BG14: 20 | BH14: 12822010 | BI14: 10 | BJ14: 1000001 | BK14: 240 | BL14: } | BM14: 攻击上限 | BN14: 2 | BO14: 3000 | BP14: 12322013 | BQ14: 25 | BR14: 12822010 | BS14: 15 | BT14: 1000001 | BU14: 300 | BV14: } | BW14: 攻击上限 | BX14: 2 | BY14: 2000 | BZ14: 玄铁 | CA14: 分阶段材料2：足年灵兽骨 | CB14: 【开发试配】每级增量；失败同额扣费、不掉级；灵石按货币余额扣。
B15: 50003100 | C15: 草履 | D15: 鞋履 | E15: 炼气 | F15: 凡品 | G15: 7 | H15: 12321011 | I15: 5 | J15: 12521019 | K15: 5 | L15: 1000001 | M15: 20 | N15: } | O15: 物防上限 | P15: 1 | Q15: 8000 | R15: 12321011 | S15: 5 | T15: 12521019 | U15: 5 | V15: 1000001 | W15: 20 | X15: } | Y15: 物防上限 | Z15: 1 | AA15: 7000 | AB15: 12321011 | AC15: 10 | AD15: 12521019 | AE15: 5 | AF15: 1000001 | AG15: 40 | AH15: } | AI15: 物防上限 | AJ15: 1 | AK15: 6000 | AL15: 12322011 | AM15: 10 | AN15: 12522002 | AO15: 10 | AP15: 1000001 | AQ15: 40 | AR15: } | AS15: 物防上限 | AT15: 1 | AU15: 5000 | AV15: 12322011 | AW15: 15 | AX15: 12522002 | AY15: 10 | AZ15: 1000001 | BA15: 60 | BB15: } | BC15: 物防上限 | BD15: 1 | BE15: 4000 | BF15: 12322011 | BG15: 20 | BH15: 12522002 | BI15: 10 | BJ15: 1000001 | BK15: 80 | BL15: } | BM15: 物防上限 | BN15: 2 | BO15: 3000 | BP15: 12322011 | BQ15: 25 | BR15: 12522002 | BS15: 15 | BT15: 1000001 | BU15: 100 | BV15: } | BW15: 物防上限 | BX15: 2 | BY15: 2000 | BZ15: 足年灵兽皮 | CA15: 分阶段材料2：足年灵木树脂、足年灵禽翎羽 | CB15: 【开发试配】每级增量；失败同额扣费、不掉级；灵石按货币余额扣。
B16: 50003200 | C16: 软底履 | D16: 鞋履 | E16: 炼气 | F16: 灵品 | G16: 7 | H16: 12321011 | I16: 5 | J16: 12521019 | K16: 5 | L16: 1000001 | M16: 20 | N16: } | O16: 物防上限 | P16: 1 | Q16: 8000 | R16: 12321011 | S16: 5 | T16: 12521019 | U16: 5 | V16: 1000001 | W16: 20 | X16: } | Y16: 物防上限 | Z16: 1 | AA16: 7000 | AB16: 12321011 | AC16: 10 | AD16: 12521019 | AE16: 5 | AF16: 1000001 | AG16: 40 | AH16: } | AI16: 物防上限 | AJ16: 1 | AK16: 6000 | AL16: 12322011 | AM16: 10 | AN16: 12522002 | AO16: 10 | AP16: 1000001 | AQ16: 40 | AR16: } | AS16: 物防上限 | AT16: 1 | AU16: 5000 | AV16: 12322011 | AW16: 15 | AX16: 12522002 | AY16: 10 | AZ16: 1000001 | BA16: 60 | BB16: } | BC16: 物防上限 | BD16: 1 | BE16: 4000 | BF16: 12322011 | BG16: 20 | BH16: 12522002 | BI16: 10 | BJ16: 1000001 | BK16: 80 | BL16: } | BM16: 物防上限 | BN16: 2 | BO16: 3000 | BP16: 12322011 | BQ16: 25 | BR16: 12522002 | BS16: 15 | BT16: 1000001 | BU16: 100 | BV16: } | BW16: 物防上限 | BX16: 2 | BY16: 2000 | BZ16: 足年灵兽皮 | CA16: 分阶段材料2：足年灵木树脂、足年灵禽翎羽 | CB16: 【开发试配】每级增量；失败同额扣费、不掉级；灵石按货币余额扣。
... B332: 53519600 | C332: 两忘佩 | D332: 玉佩 | E332: 大乘 | F332: 道品 | G332: 7 | H332: 12382027 | I332: 5 | J332: 12382029 | K332: 5 | L332: 1000001 | M332: 10240 | N332: } | O332: 攻击上限 | P332: 3 | Q332: 8000 | R332: 12382027 | S332: 5 | T332: 12382029 | U332: 5 | V332: 1000001 | W332: 10240 | X332: } | Y332: 攻击上限 | Z332: 3 | AA332: 7000 | AB332: 12382027 | AC332: 10 | AD332: 12382029 | AE332: 5 | AF332: 1000001 | AG332: 20480 | AH332: } | AI332: 攻击上限 | AJ332: 3 | AK332: 6000 | AL332: 12382027 | AM332: 10 | AN332: 12582034 | AO332: 10 | AP332: 1000001 | AQ332: 20480 | AR332: } | AS332: 攻击上限 | AT332: 3 | AU332: 5000 | AV332: 12382027 | AW332: 15 | AX332: 12582034 | AY332: 10 | AZ332: 1000001 | BA332: 30720 | BB332: } | BC332: 攻击上限 | BD332: 3 | BE332: 4000 | BF332: 12382027 | BG332: 20 | BH332: 12582035 | BI332: 10 | BJ332: 1000001 | BK332: 40960 | BL332: } | BM332: 攻击上限 | BN332: 6 | BO332: 3000 | BP332: 12382027 | BQ332: 25 | BR332: 12582035 | BS332: 15 | BT332: 1000001 | BU332: 51200 | BV332: } | BW332: 攻击上限 | BX332: 6 | BY332: 2000 | BZ332: 太玄玉母 | CA332: 分阶段材料2：百万载灵木芯、百万载地脉灵液、百万载石乳 | CB332: 【开发试配】每级增量；失败同额扣费、不掉级；灵石按货币余额扣。

Sheet 灵蕴
A1: ##var | B1: hidden_attribute | G1: prob | H1: attr_drops
A2: ##type | B2: int | G2: int | H2: array,EquipAttrDrop
A3: ##group
A4: ## | B4: 灵蕴方案ID | C4: 装备名 | D4: 装备位 | E4: 阶级 | F4: 颜色 | G4: 掉落概率 | H4: 属性1类型 | I4: 属性1数值下限 | J4: 属性1数值上限 | K4: 属性1掉落权重 | L4: 属性2类型 | M4: 属性2数值下限 | N4: 属性2数值上限 | O4: 属性2掉落权重 | P4: 属性3类型 | Q4: 属性3数值下限 | R4: 属性3数值上限 | S4: 属性3掉落权重 | T4: 属性4类型 | U4: 属性4数值下限 | V4: 属性4数值上限 | W4: 属性4掉落权重 | X4: 属性5类型 | Y4: 属性5数值下限 | Z4: 属性5数值上限 | AA4: 属性5掉落权重 | AB4: 属性6类型 | AC4: 属性6数值下限 | AD4: 属性6数值上限 | AE4: 属性6掉落权重 | AF4: 属性7类型 | AG4: 属性7数值下限 | AH4: 属性7数值上限 | AI4: 属性7掉落权重 | AJ4: 属性8类型 | AK4: 属性8数值下限 | AL4: 属性8数值上限 | AM4: 属性8掉落权重 | AN4: 试配说明（不导出）
B5: 50000100 | C5: 粗铁剑 | D5: 武器 | E5: 炼气 | F5: 凡品 | G5: 2000 | H5: 攻击上限 | I5: 1 | J5: 2 | K5: 6000 | L5: 攻击上限 | M5: 2 | N5: 3 | O5: 2000 | P5: 攻击上限 | Q5: 3 | R5: 4 | S5: 1000 | T5: 攻击上限 | U5: 4 | V5: 5 | W5: 500 | X5: 暴击率 | Y5: 50 | Z5: 150 | AA5: 250 | AB5: 攻击速度 | AC5: 1 | AD5: 2 | AE5: 150 | AF5: 金行增幅 | AG5: 100 | AH5: 300 | AI5: 75 | AJ5: 攻击上限 | AK5: 7 | AL5: 8 | AM5: 25 | AN5: 【开发试配】先判出现，再抽一个候选；末位为稀有顶档；仅生成时抽取。
B6: 50000200 | C6: 精铁剑 | D6: 武器 | E6: 炼气 | F6: 灵品 | G6: 2000 | H6: 攻击上限 | I6: 1 | J6: 2 | K6: 6000 | L6: 攻击上限 | M6: 2 | N6: 3 | O6: 2000 | P6: 攻击上限 | Q6: 3 | R6: 4 | S6: 1000 | T6: 攻击上限 | U6: 4 | V6: 5 | W6: 500 | X6: 暴击率 | Y6: 50 | Z6: 150 | AA6: 250 | AB6: 攻击速度 | AC6: 1 | AD6: 2 | AE6: 150 | AF6: 金行增幅 | AG6: 100 | AH6: 300 | AI6: 75 | AJ6: 攻击上限 | AK6: 7 | AL6: 8 | AM6: 25 | AN6: 【开发试配】先判出现，再抽一个候选；末位为稀有顶档；仅生成时抽取。
B7: 50000300 | C7: 清风剑 | D7: 武器 | E7: 炼气 | F7: 玄品 | G7: 3500 | H7: 攻击上限 | I7: 1 | J7: 2 | K7: 6000 | L7: 攻击上限 | M7: 2 | N7: 3 | O7: 2000 | P7: 攻击上限 | Q7: 3 | R7: 4 | S7: 1000 | T7: 攻击上限 | U7: 4 | V7: 5 | W7: 500 | X7: 暴击率 | Y7: 50 | Z7: 150 | AA7: 250 | AB7: 攻击速度 | AC7: 1 | AD7: 2 | AE7: 150 | AF7: 金行增幅 | AG7: 100 | AH7: 300 | AI7: 75 | AJ7: 攻击上限 | AK7: 7 | AL7: 8 | AM7: 25 | AN7: 【开发试配】先判出现，再抽一个候选；末位为稀有顶档；仅生成时抽取。
B8: 50000301 | C8: 五气拂尘 | D8: 武器 | E8: 炼气 | F8: 玄品 | G8: 3500 | H8: 攻击上限 | I8: 1 | J8: 2 | K8: 6000 | L8: 攻击上限 | M8: 2 | N8: 3 | O8: 2000 | P8: 攻击上限 | Q8: 3 | R8: 4 | S8: 1000 | T8: 攻击上限 | U8: 4 | V8: 5 | W8: 500 | X8: 暴击率 | Y8: 50 | Z8: 150 | AA8: 250 | AB8: 攻击速度 | AC8: 1 | AD8: 2 | AE8: 150 | AF8: 金行增幅 | AG8: 100 | AH8: 300 | AI8: 75 | AJ8: 攻击上限 | AK8: 7 | AL8: 8 | AM8: 25 | AN8: 【开发试配】先判出现，再抽一个候选；末位为稀有顶档；仅生成时抽取。
B9: 50000400 | C9: 寒星剑 | D9: 武器 | E9: 炼气 | F9: 仙品 | G9: 5000 | H9: 攻击上限 | I9: 1 | J9: 2 | K9: 6000 | L9: 攻击上限 | M9: 2 | N9: 3 | O9: 2000 | P9: 攻击上限 | Q9: 3 | R9: 4 | S9: 1000 | T9: 攻击上限 | U9: 4 | V9: 5 | W9: 500 | X9: 暴击率 | Y9: 50 | Z9: 150 | AA9: 250 | AB9: 攻击速度 | AC9: 1 | AD9: 2 | AE9: 150 | AF9: 金行增幅 | AG9: 100 | AH9: 300 | AI9: 75 | AJ9: 攻击上限 | AK9: 7 | AL9: 8 | AM9: 25 | AN9: 【开发试配】先判出现，再抽一个候选；末位为稀有顶档；仅生成时抽取。
B10: 50001100 | C10: 铜印 | D10: 印绶 | E10: 炼气 | F10: 凡品 | G10: 2000 | H10: 攻击上限 | I10: 1 | J10: 2 | K10: 6000 | L10: 攻击上限 | M10: 2 | N10: 3 | O10: 2000 | P10: 攻击上限 | Q10: 3 | R10: 4 | S10: 1000 | T10: 攻击上限 | U10: 4 | V10: 5 | W10: 500 | X10: 神识 | Y10: 1 | Z10: 2 | AA10: 250 | AB10: 法防上限 | AC10: 1 | AD10: 2 | AE10: 150 | AF10: 金行增幅 | AG10: 100 | AH10: 300 | AI10: 75 | AJ10: 攻击上限 | AK10: 7 | AL10: 8 | AM10: 25 | AN10: 【开发试配】先判出现，再抽一个候选；末位为稀有顶档；仅生成时抽取。
B11: 50001200 | C11: 玄铁印 | D11: 印绶 | E11: 炼气 | F11: 灵品 | G11: 2000 | H11: 攻击上限 | I11: 1 | J11: 2 | K11: 6000 | L11: 攻击上限 | M11: 2 | N11: 3 | O11: 2000 | P11: 攻击上限 | Q11: 3 | R11: 4 | S11: 1000 | T11: 攻击上限 | U11: 4 | V11: 5 | W11: 500 | X11: 神识 | Y11: 1 | Z11: 2 | AA11: 250 | AB11: 法防上限 | AC11: 1 | AD11: 2 | AE11: 150 | AF11: 金行增幅 | AG11: 100 | AH11: 300 | AI11: 75 | AJ11: 攻击上限 | AK11: 7 | AL11: 8 | AM11: 25 | AN11: 【开发试配】先判出现，再抽一个候选；末位为稀有顶档；仅生成时抽取。
B12: 50001300 | C12: 赤焰印 | D12: 印绶 | E12: 炼气 | F12: 玄品 | G12: 3500 | H12: 攻击上限 | I12: 1 | J12: 2 | K12: 6000 | L12: 攻击上限 | M12: 2 | N12: 3 | O12: 2000 | P12: 攻击上限 | Q12: 3 | R12: 4 | S12: 1000 | T12: 攻击上限 | U12: 4 | V12: 5 | W12: 500 | X12: 神识 | Y12: 1 | Z12: 2 | AA12: 250 | AB12: 法防上限 | AC12: 1 | AD12: 2 | AE12: 150 | AF12: 火行增幅 | AG12: 100 | AH12: 300 | AI12: 75 | AJ12: 攻击上限 | AK12: 7 | AL12: 8 | AM12: 25 | AN12: 【开发试配】先判出现，再抽一个候选；末位为稀有顶档；仅生成时抽取。
B13: 50001301 | C13: 镇岳印 | D13: 印绶 | E13: 炼气 | F13: 玄品 | G13: 3500 | H13: 攻击上限 | I13: 1 | J13: 2 | K13: 6000 | L13: 攻击上限 | M13: 2 | N13: 3 | O13: 2000 | P13: 攻击上限 | Q13: 3 | R13: 4 | S13: 1000 | T13: 攻击上限 | U13: 4 | V13: 5 | W13: 500 | X13: 神识 | Y13: 1 | Z13: 2 | AA13: 250 | AB13: 法防上限 | AC13: 1 | AD13: 2 | AE13: 150 | AF13: 土行增幅 | AG13: 100 | AH13: 300 | AI13: 75 | AJ13: 攻击上限 | AK13: 7 | AL13: 8 | AM13: 25 | AN13: 【开发试配】先判出现，再抽一个候选；末位为稀有顶档；仅生成时抽取。
B14: 50001400 | C14: 伏妖印 | D14: 印绶 | E14: 炼气 | F14: 仙品 | G14: 5000 | H14: 攻击上限 | I14: 1 | J14: 2 | K14: 6000 | L14: 攻击上限 | M14: 2 | N14: 3 | O14: 2000 | P14: 攻击上限 | Q14: 3 | R14: 4 | S14: 1000 | T14: 攻击上限 | U14: 4 | V14: 5 | W14: 500 | X14: 神识 | Y14: 1 | Z14: 2 | AA14: 250 | AB14: 法防上限 | AC14: 1 | AD14: 2 | AE14: 150 | AF14: 水行增幅 | AG14: 100 | AH14: 300 | AI14: 75 | AJ14: 攻击上限 | AK14: 7 | AL14: 8 | AM14: 25 | AN14: 【开发试配】先判出现，再抽一个候选；末位为稀有顶档；仅生成时抽取。
B15: 50003100 | C15: 草履 | D15: 鞋履 | E15: 炼气 | F15: 凡品 | G15: 2000 | H15: 物防上限 | I15: 1 | J15: 2 | K15: 6000 | L15: 物防上限 | M15: 2 | N15: 3 | O15: 2000 | P15: 物防上限 | Q15: 3 | R15: 4 | S15: 1000 | T15: 物防上限 | U15: 4 | V15: 5 | W15: 500 | X15: 闪避 | Y15: 50 | Z15: 150 | AA15: 250 | AB15: 法防上限 | AC15: 1 | AD15: 2 | AE15: 150 | AF15: 金行增幅 | AG15: 100 | AH15: 300 | AI15: 75 | AJ15: 物防上限 | AK15: 7 | AL15: 8 | AM15: 25 | AN15: 【开发试配】先判出现，再抽一个候选；末位为稀有顶档；仅生成时抽取。
B16: 50003200 | C16: 软底履 | D16: 鞋履 | E16: 炼气 | F16: 灵品 | G16: 2000 | H16: 物防上限 | I16: 1 | J16: 2 | K16: 6000 | L16: 物防上限 | M16: 2 | N16: 3 | O16: 2000 | P16: 物防上限 | Q16: 3 | R16: 4 | S16: 1000 | T16: 物防上限 | U16: 4 | V16: 5 | W16: 500 | X16: 闪避 | Y16: 50 | Z16: 150 | AA16: 250 | AB16: 法防上限 | AC16: 1 | AD16: 2 | AE16: 150 | AF16: 金行增幅 | AG16: 100 | AH16: 300 | AI16: 75 | AJ16: 物防上限 | AK16: 7 | AL16: 8 | AM16: 25 | AN16: 【开发试配】先判出现，再抽一个候选；末位为稀有顶档；仅生成时抽取。
... B332: 53519600 | C332: 两忘佩 | D332: 玉佩 | E332: 大乘 | F332: 道品 | G332: 6500 | H332: 攻击上限 | I332: 3 | J332: 6 | K332: 6000 | L332: 攻击上限 | M332: 6 | N332: 9 | O332: 2000 | P332: 攻击上限 | Q332: 9 | R332: 12 | S332: 1000 | T332: 攻击上限 | U332: 12 | V332: 15 | W332: 500 | X332: 神识 | Y332: 1 | Z332: 2 | AA332: 250 | AB332: 法防上限 | AC332: 3 | AD332: 6 | AE332: 150 | AF332: 土行增幅 | AG332: 100 | AH332: 300 | AI332: 75 | AJ332: 攻击上限 | AK332: 21 | AL332: 24 | AM332: 25 | AN332: 【开发试配】先判出现，再抽一个候选；末位为稀有顶档；仅生成时抽取。

Sheet 炼化
A1: ##var | B1: refine_id | G1: refine_items | M1: affix_drops
A2: ##type | B2: int | G2: array,RecMaterial | M2: array,AffixDrop
A3: ##group
A4: ## | B4: 炼化方案ID | C4: 装备名 | D4: 装备位 | E4: 阶级 | F4: 颜色 | G4: 炼化材料1 | H4: 材料1数量 | I4: 炼化材料2 | J4: 材料2数量 | K4: 炼化材料3 | L4: 材料3数量 | M4: 效果词条1 | N4: 词条1掉落权重 | O4: 效果词条2 | P4: 词条2掉落权重 | Q4: 效果词条3 | R4: 词条3掉落权重 | S4: 效果词条4 | T4: 词条4掉落权重 | U4: 效果词条5 | V4: 词条5掉落权重 | W4: 效果词条6 | X4: 词条6掉落权重 | Y4: 效果词条7 | Z4: 词条7掉落权重 | AA4: 效果词条8 | AB4: 词条8掉落权重 | AC4: 效果词条9 | AD4: 词条9掉落权重 | AE4: 效果词条10 | AF4: 词条10掉落权重 | AG4: 炼化灵材名称（辅助） | AH4: 补充灵材名称（辅助） | AI4: 试配说明（不导出）
B5: 50000100 | C5: 粗铁剑 | D5: 武器 | E5: 炼气 | F5: 凡品 | G5: 12623003 | H5: 2 | I5: 12623005 | J5: 1 | K5: 1000001 | L5: 40 | M5: 60001 | N5: 4000 | O5: 60002 | P5: 2500 | Q5: 60005 | R5: 1500 | S5: 60006 | T5: 1000 | U5: 60007 | V5: 500 | W5: 60008 | X5: 300 | AG5: 足年灵兽毒囊 | AH5: 一转金精 | AI5: 【开发试配】扣费必出一个候选；保留不退费，采用不再扣费；费用含灵石。
B6: 50000200 | C6: 精铁剑 | D6: 武器 | E6: 炼气 | F6: 灵品 | G6: 12623003 | H6: 2 | I6: 12623005 | J6: 1 | K6: 1000001 | L6: 40 | M6: 60001 | N6: 4000 | O6: 60002 | P6: 2500 | Q6: 60005 | R6: 1500 | S6: 60006 | T6: 1000 | U6: 60007 | V6: 500 | W6: 60008 | X6: 300 | AG6: 足年灵兽毒囊 | AH6: 一转金精 | AI6: 【开发试配】扣费必出一个候选；保留不退费，采用不再扣费；费用含灵石。
B7: 50000300 | C7: 清风剑 | D7: 武器 | E7: 炼气 | F7: 玄品 | G7: 12623003 | H7: 2 | I7: 12623005 | J7: 1 | K7: 1000001 | L7: 80 | M7: 60101 | N7: 4000 | O7: 60001 | P7: 2500 | Q7: 60002 | R7: 1500 | S7: 60005 | T7: 1000 | U7: 60006 | V7: 500 | W7: 60007 | X7: 300 | Y7: 60008 | Z7: 150 | AG7: 足年灵兽毒囊 | AH7: 一转金精 | AI7: 【开发试配】扣费必出一个候选；保留不退费，采用不再扣费；费用含灵石。
B8: 50000301 | C8: 五气拂尘 | D8: 武器 | E8: 炼气 | F8: 玄品 | G8: 12623003 | H8: 2 | I8: 12623005 | J8: 1 | K8: 1000001 | L8: 80 | M8: 60102 | N8: 4000 | O8: 60005 | P8: 2500 | Q8: 60006 | R8: 1500 | S8: 60007 | T8: 1000 | U8: 60009 | V8: 500 | W8: 60011 | X8: 300 | Y8: 60013 | Z8: 150 | AA8: 60015 | AB8: 50 | AG8: 足年灵兽毒囊 | AH8: 一转金精 | AI8: 【开发试配】扣费必出一个候选；保留不退费，采用不再扣费；费用含灵石。
B9: 50000400 | C9: 寒星剑 | D9: 武器 | E9: 炼气 | F9: 仙品 | G9: 12623003 | H9: 2 | I9: 12623005 | J9: 1 | K9: 1000001 | L9: 120 | M9: 60101 | N9: 4000 | O9: 60001 | P9: 2500 | Q9: 60002 | R9: 1500 | S9: 60005 | T9: 1000 | U9: 60006 | V9: 500 | W9: 60007 | X9: 300 | Y9: 60008 | Z9: 150 | AG9: 足年灵兽毒囊 | AH9: 一转金精 | AI9: 【开发试配】扣费必出一个候选；保留不退费，采用不再扣费；费用含灵石。
B10: 50001100 | C10: 铜印 | D10: 印绶 | E10: 炼气 | F10: 凡品 | G10: 12623001 | H10: 2 | I10: 12623009 | J10: 1 | K10: 1000001 | L10: 40 | M10: 60007 | N10: 4000 | O10: 60008 | P10: 2500 | Q10: 60005 | R10: 1500 | S10: 60006 | T10: 1000 | AG10: 足年灵兽妖丹 | AH10: 一转土元珠 | AI10: 【开发试配】扣费必出一个候选；保留不退费，采用不再扣费；费用含灵石。
B11: 50001200 | C11: 玄铁印 | D11: 印绶 | E11: 炼气 | F11: 灵品 | G11: 12623001 | H11: 2 | I11: 12623009 | J11: 1 | K11: 1000001 | L11: 40 | M11: 60007 | N11: 4000 | O11: 60008 | P11: 2500 | Q11: 60005 | R11: 1500 | S11: 60006 | T11: 1000 | AG11: 足年灵兽妖丹 | AH11: 一转土元珠 | AI11: 【开发试配】扣费必出一个候选；保留不退费，采用不再扣费；费用含灵石。
B12: 50001300 | C12: 赤焰印 | D12: 印绶 | E12: 炼气 | F12: 玄品 | G12: 12623001 | H12: 2 | I12: 12623009 | J12: 1 | K12: 1000001 | L12: 80 | M12: 60111 | N12: 4000 | O12: 60013 | P12: 2500 | Q12: 60014 | R12: 1500 | S12: 60005 | T12: 1000 | U12: 60006 | V12: 500 | AG12: 足年灵兽妖丹 | AH12: 一转土元珠 | AI12: 【开发试配】扣费必出一个候选；保留不退费，采用不再扣费；费用含灵石。
B13: 50001301 | C13: 镇岳印 | D13: 印绶 | E13: 炼气 | F13: 玄品 | G13: 12623001 | H13: 2 | I13: 12623009 | J13: 1 | K13: 1000001 | L13: 80 | M13: 60112 | N13: 4000 | O13: 60015 | P13: 2500 | Q13: 60016 | R13: 1500 | S13: 60005 | T13: 1000 | U13: 60006 | V13: 500 | AG13: 足年灵兽妖丹 | AH13: 一转土元珠 | AI13: 【开发试配】扣费必出一个候选；保留不退费，采用不再扣费；费用含灵石。
B14: 50001400 | C14: 伏妖印 | D14: 印绶 | E14: 炼气 | F14: 仙品 | G14: 12623001 | H14: 2 | I14: 12623009 | J14: 1 | K14: 1000001 | L14: 120 | M14: 60111 | N14: 4000 | O14: 60011 | P14: 2500 | Q14: 60012 | R14: 1500 | S14: 60005 | T14: 1000 | U14: 60006 | V14: 500 | W14: 60117 | X14: 300 | AG14: 足年灵兽妖丹 | AH14: 一转土元珠 | AI14: 【开发试配】扣费必出一个候选；保留不退费，采用不再扣费；费用含灵石。
B15: 50003100 | C15: 草履 | D15: 鞋履 | E15: 炼气 | F15: 凡品 | G15: 12523002 | H15: 2 | I15: 12623008 | J15: 1 | K15: 1000001 | L15: 40 | M15: 60007 | N15: 4000 | O15: 60008 | P15: 2500 | Q15: 60005 | R15: 1500 | S15: 60006 | T15: 1000 | AG15: 足年灵禽翎羽 | AH15: 一转水凝珠 | AI15: 【开发试配】扣费必出一个候选；保留不退费，采用不再扣费；费用含灵石。
B16: 50003200 | C16: 软底履 | D16: 鞋履 | E16: 炼气 | F16: 灵品 | G16: 12523002 | H16: 2 | I16: 12623008 | J16: 1 | K16: 1000001 | L16: 40 | M16: 60007 | N16: 4000 | O16: 60008 | P16: 2500 | Q16: 60005 | R16: 1500 | S16: 60006 | T16: 1000 | AG16: 足年灵禽翎羽 | AH16: 一转水凝珠 | AI16: 【开发试配】扣费必出一个候选；保留不退费，采用不再扣费；费用含灵石。
B17: 50003300 | C17: 逐风履 | D17: 鞋履 | E17: 炼气 | F17: 玄品 | G17: 12523002 | H17: 2 | I17: 12623008 | J17: 1 | K17: 1000001 | L17: 80 | M17: 60104 | N17: 4000 | O17: 60007 | P17: 2500 | Q17: 60008 | R17: 1500 | S17: 60005 | T17: 1000 | U17: 60006 | V17: 500 | AG17: 足年灵禽翎羽 | AH17: 一转水凝珠 | AI17: 【开发试配】扣费必出一个候选；保留不退费，采用不再扣费；费用含灵石。
B18: 50003301 | C18: 青冥履 | D18: 鞋履 | E18: 炼气 | F18: 玄品 | G18: 12523002 | H18: 2 | I18: 12623008 | J18: 1 | K18: 1000001 | L18: 80 | M18: 60105 | N18: 4000 | O18: 60007 | P18: 2500 | Q18: 60008 | R18: 1500 | S18: 60005 | T18: 1000 | U18: 60006 | V18: 500 | AG18: 足年灵禽翎羽 | AH18: 一转水凝珠 | AI18: 【开发试配】扣费必出一个候选；保留不退费，采用不再扣费；费用含灵石。
B19: 50003400 | C19: 凌波履 | D19: 鞋履 | E19: 炼气 | F19: 仙品 | G19: 12523002 | H19: 2 | I19: 12623008 | J19: 1 | K19: 1000001 | L19: 120 | M19: 60104 | N19: 4000 | O19: 60007 | P19: 2500 | Q19: 60008 | R19: 1500 | S19: 60005 | T19: 1000 | U19: 60006 | V19: 500 | AG19: 足年灵禽翎羽 | AH19: 一转水凝珠 | AI19: 【开发试配】扣费必出一个候选；保留不退费，采用不再扣费；费用含灵石。
B20: 50005100 | C20: 麻布袍 | D20: 法袍 | E20: 炼气 | F20: 凡品 | G20: 12623009 | H20: 2 | I20: 12523000 | J20: 1 | K20: 1000001 | L20: 40 | M20: 60007 | N20: 4000 | O20: 60008 | P20: 2500 | Q20: 60005 | R20: 1500 | S20: 60006 | T20: 1000 | AG20: 一转土元珠 | AH20: 足年灵兽精血 | AI20: 【开发试配】扣费必出一个候选；保留不退费，采用不再扣费；费用含灵石。
B21: 50005200 | C21: 青布袍 | D21: 法袍 | E21: 炼气 | F21: 灵品 | G21: 12623009 | H21: 2 | I21: 12523000 | J21: 1 | K21: 1000001 | L21: 40 | M21: 60007 | N21: 4000 | O21: 60008 | P21: 2500 | Q21: 60005 | R21: 1500 | S21: 60006 | T21: 1000 | AG21: 一转土元珠 | AH21: 足年灵兽精血 | AI21: 【开发试配】扣费必出一个候选；保留不退费，采用不再扣费；费用含灵石。
B22: 50005300 | C22: 青冥法袍 | D22: 法袍 | E22: 炼气 | F22: 玄品 | G22: 12623009 | H22: 2 | I22: 12523000 | J22: 1 | K22: 1000001 | L22: 80 | M22: 60107 | N22: 4000 | O22: 60007 | P22: 2500 | Q22: 60008 | R22: 1500 | S22: 60005 | T22: 1000 | U22: 60006 | V22: 500 | AG22: 一转土元珠 | AH22: 足年灵兽精血 | AI22: 【开发试配】扣费必出一个候选；保留不退费，采用不再扣费；费用含灵石。
B23: 50005400 | C23: 流云法袍 | D23: 法袍 | E23: 炼气 | F23: 仙品 | G23: 12623009 | H23: 2 | I23: 12523000 | J23: 1 | K23: 1000001 | L23: 120 | M23: 60107 | N23: 4000 | O23: 60007 | P23: 2500 | Q23: 60008 | R23: 1500 | S23: 60005 | T23: 1000 | U23: 60006 | V23: 500 | AG23: 一转土元珠 | AH23: 足年灵兽精血 | AI23: 【开发试配】扣费必出一个候选；保留不退费，采用不再扣费；费用含灵石。
B24: 50006100 | C24: 布巾 | D24: 冠 | E24: 炼气 | F24: 凡品 | G24: 12323014 | H24: 1 | I24: 12623004 | J24: 1 | K24: 1000001 | L24: 40 | M24: 60007 | N24: 4000 | O24: 60008 | P24: 2500 | Q24: 60005 | R24: 1500 | S24: 60006 | T24: 1000 | AG24: 照夜玉 | AH24: 足年灵兽残识 | AI24: 【开发试配】扣费必出一个候选；保留不退费，采用不再扣费；费用含灵石。
B25: 50006200 | C25: 束发冠 | D25: 冠 | E25: 炼气 | F25: 灵品 | G25: 12323014 | H25: 1 | I25: 12623004 | J25: 1 | K25: 1000001 | L25: 40 | M25: 60007 | N25: 4000 | O25: 60008 | P25: 2500 | Q25: 60005 | R25: 1500 | S25: 60006 | T25: 1000 | AG25: 照夜玉 | AH25: 足年灵兽残识 | AI25: 【开发试配】扣费必出一个候选；保留不退费，采用不再扣费；费用含灵石。
B26: 50006300 | C26: 青冥冠 | D26: 冠 | E26: 炼气 | F26: 玄品 | G26: 12323014 | H26: 1 | I26: 12623004 | J26: 1 | K26: 1000001 | L26: 80 | M26: 60109 | N26: 4000 | O26: 60007 | P26: 2500 | Q26: 60008 | R26: 1500 | S26: 60005 | T26: 1000 | U26: 60006 | V26: 500 | AG26: 照夜玉 | AH26: 足年灵兽残识 | AI26: 【开发试配】扣费必出一个候选；保留不退费，采用不再扣费；费用含灵石。
B27: 50006400 | C27: 紫霞冠 | D27: 冠 | E27: 炼气 | F27: 仙品 | G27: 12323014 | H27: 1 | I27: 12623004 | J27: 1 | K27: 1000001 | L27: 120 | M27: 60109 | N27: 4000 | O27: 60007 | P27: 2500 | Q27: 60008 | R27: 1500 | S27: 60005 | T27: 1000 | U27: 60006 | V27: 500 | AG27: 照夜玉 | AH27: 足年灵兽残识 | AI27: 【开发试配】扣费必出一个候选；保留不退费，采用不再扣费；费用含灵石。
B28: 50019100 | C28: 木佩 | D28: 玉佩 | E28: 炼气 | F28: 凡品 | G28: 12523000 | H28: 2 | I28: 12623006 | J28: 1 | K28: 1000001 | L28: 40 | M28: 60007 | N28: 4000 | O28: 60008 | P28: 2500 | Q28: 60005 | R28: 1500 | S28: 60006 | T28: 1000 | AG28: 足年灵兽精血 | AH28: 一转木华 | AI28: 【开发试配】扣费必出一个候选；保留不退费，采用不再扣费；费用含灵石。
B29: 50019200 | C29: 青石佩 | D29: 玉佩 | E29: 炼气 | F29: 灵品 | G29: 12523000 | H29: 2 | I29: 12623006 | J29: 1 | K29: 1000001 | L29: 40 | M29: 60007 | N29: 4000 | O29: 60008 | P29: 2500 | Q29: 60005 | R29: 1500 | S29: 60006 | T29: 1000 | AG29: 足年灵兽精血 | AH29: 一转木华 | AI29: 【开发试配】扣费必出一个候选；保留不退费，采用不再扣费；费用含灵石。
B30: 50019300 | C30: 聚锋佩 | D30: 玉佩 | E30: 炼气 | F30: 玄品 | G30: 12523000 | H30: 2 | I30: 12623006 | J30: 1 | K30: 1000001 | L30: 80 | M30: 60115 | N30: 4000 | O30: 60007 | P30: 2500 | Q30: 60008 | R30: 1500 | S30: 60005 | T30: 1000 | U30: 60006 | V30: 500 | AG30: 足年灵兽精血 | AH30: 一转木华 | AI30: 【开发试配】扣费必出一个候选；保留不退费，采用不再扣费；费用含灵石。
B31: 50019301 | C31: 长青佩 | D31: 玉佩 | E31: 炼气 | F31: 玄品 | G31: 12523000 | H31: 2 | I31: 12623006 | J31: 1 | K31: 1000001 | L31: 80 | M31: 60103 | N31: 4000 | O31: 60009 | P31: 2500 | Q31: 60010 | R31: 1500 | S31: 60005 | T31: 1000 | U31: 60006 | V31: 500 | AG31: 足年灵兽精血 | AH31: 一转木华 | AI31: 【开发试配】扣费必出一个候选；保留不退费，采用不再扣费；费用含灵石。
B32: 50019302 | C32: 回澜佩 | D32: 玉佩 | E32: 炼气 | F32: 玄品 | G32: 12523000 | H32: 2 | I32: 12623006 | J32: 1 | K32: 1000001 | L32: 80 | M32: 60114 | N32: 4000 | O32: 60011 | P32: 2500 | Q32: 60012 | R32: 1500 | S32: 60005 | T32: 1000 | U32: 60006 | V32: 500 | AG32: 足年灵兽精血 | AH32: 一转木华 | AI32: 【开发试配】扣费必出一个候选；保留不退费，采用不再扣费；费用含灵石。
B33: 50019303 | C33: 青冥玉佩 | D33: 玉佩 | E33: 炼气 | F33: 玄品 | G33: 12523000 | H33: 2 | I33: 12623006 | J33: 1 | K33: 1000001 | L33: 80 | M33: 60115 | N33: 4000 | O33: 60007 | P33: 2500 | Q33: 60008 | R33: 1500 | S33: 60005 | T33: 1000 | U33: 60006 | V33: 500 | AG33: 足年灵兽精血 | AH33: 一转木华 | AI33: 【开发试配】扣费必出一个候选；保留不退费，采用不再扣费；费用含灵石。
B34: 50019400 | C34: 凝碧佩 | D34: 玉佩 | E34: 炼气 | F34: 仙品 | G34: 12523000 | H34: 2 | I34: 12623006 | J34: 1 | K34: 1000001 | L34: 120 | M34: 60116 | N34: 4000 | O34: 60009 | P34: 2500 | Q34: 60010 | R34: 1500 | S34: 60005 | T34: 1000 | U34: 60006 | V34: 500 | AG34: 足年灵兽精血 | AH34: 一转木华 | AI34: 【开发试配】扣费必出一个候选；保留不退费，采用不再扣费；费用含灵石。
B35: 50500100 | C35: 百锻剑 | D35: 武器 | E35: 筑基 | F35: 凡品 | G35: 12623003 | H35: 2 | I35: 12623005 | J35: 1 | K35: 1000001 | L35: 80 | M35: 60001 | N35: 4000 | O35: 60002 | P35: 2500 | Q35: 60005 | R35: 1500 | S35: 60006 | T35: 1000 | U35: 60009 | V35: 500 | W35: 60010 | X35: 300 | AG35: 足年灵兽毒囊 | AH35: 一转金精 | AI35: 【开发试配】扣费必出一个候选；保留不退费，采用不再扣费；费用含灵石。
B36: 50500200 | C36: 玄铁剑 | D36: 武器 | E36: 筑基 | F36: 灵品 | G36: 12623003 | H36: 2 | I36: 12623005 | J36: 1 | K36: 1000001 | L36: 80 | M36: 60001 | N36: 4000 | O36: 60002 | P36: 2500 | Q36: 60005 | R36: 1500 | S36: 60006 | T36: 1000 | U36: 60009 | V36: 500 | W36: 60010 | X36: 300 | AG36: 足年灵兽毒囊 | AH36: 一转金精 | AI36: 【开发试配】扣费必出一个候选；保留不退费，采用不再扣费；费用含灵石。
B37: 50500300 | C37: 凝霜剑 | D37: 武器 | E37: 筑基 | F37: 玄品 | G37: 12623003 | H37: 2 | I37: 12623005 | J37: 1 | K37: 1000001 | L37: 160 | M37: 60101 | N37: 4000 | O37: 60001 | P37: 2500 | Q37: 60002 | R37: 1500 | S37: 60005 | T37: 1000 | U37: 60006 | V37: 500 | W37: 60009 | X37: 300 | Y37: 60010 | Z37: 150 | AG37: 足年灵兽毒囊 | AH37: 一转金精 | AI37: 【开发试配】扣费必出一个候选；保留不退费，采用不再扣费；费用含灵石。
B38: 50500301 | C38: 流霞拂尘 | D38: 武器 | E38: 筑基 | F38: 玄品 | G38: 12623003 | H38: 2 | I38: 12623005 | J38: 1 | K38: 1000001 | L38: 160 | M38: 60102 | N38: 4000 | O38: 60005 | P38: 2500 | Q38: 60006 | R38: 1500 | S38: 60007 | T38: 1000 | U38: 60009 | V38: 500 | W38: 60011 | X38: 300 | Y38: 60013 | Z38: 150 | AA38: 60015 | AB38: 50 | AG38: 足年灵兽毒囊 | AH38: 一转金精 | AI38: 【开发试配】扣费必出一个候选；保留不退费，采用不再扣费；费用含灵石。
B39: 50500400 | C39: 斩霞剑 | D39: 武器 | E39: 筑基 | F39: 仙品 | G39: 12623003 | H39: 2 | I39: 12623005 | J39: 1 | K39: 1000001 | L39: 240 | M39: 60101 | N39: 4000 | O39: 60001 | P39: 2500 | Q39: 60002 | R39: 1500 | S39: 60005 | T39: 1000 | U39: 60006 | V39: 500 | W39: 60009 | X39: 300 | Y39: 60010 | Z39: 150 | AG39: 足年灵兽毒囊 | AH39: 一转金精 | AI39: 【开发试配】扣费必出一个候选；保留不退费，采用不再扣费；费用含灵石。
B40: 50500401 | C40: 流火羽扇 | D40: 武器 | E40: 筑基 | F40: 仙品 | G40: 12623003 | H40: 2 | I40: 12623005 | J40: 1 | K40: 1000001 | L40: 240 | M40: 60102 | N40: 4000 | O40: 60005 | P40: 2500 | Q40: 60006 | R40: 1500 | S40: 60007 | T40: 1000 | U40: 60009 | V40: 500 | W40: 60011 | X40: 300 | Y40: 60013 | Z40: 150 | AA40: 60015 | AB40: 50 | AG40: 足年灵兽毒囊 | AH40: 一转金精 | AI40: 【开发试配】扣费必出一个候选；保留不退费，采用不再扣费；费用含灵石。
B41: 50501100 | C41: 方铜印 | D41: 印绶 | E41: 筑基 | F41: 凡品 | G41: 12623001 | H41: 2 | I41: 12623009 | J41: 1 | K41: 1000001 | L41: 80 | M41: 60009 | N41: 4000 | O41: 60010 | P41: 2500 | Q41: 60005 | R41: 1500 | S41: 60006 | T41: 1000 | AG41: 足年灵兽妖丹 | AH41: 一转土元珠 | AI41: 【开发试配】扣费必出一个候选；保留不退费，采用不再扣费；费用含灵石。
B42: 50501200 | C42: 镇石印 | D42: 印绶 | E42: 筑基 | F42: 灵品 | G42: 12623001 | H42: 2 | I42: 12623009 | J42: 1 | K42: 1000001 | L42: 80 | M42: 60009 | N42: 4000 | O42: 60010 | P42: 2500 | Q42: 60005 | R42: 1500 | S42: 60006 | T42: 1000 | AG42: 足年灵兽妖丹 | AH42: 一转土元珠 | AI42: 【开发试配】扣费必出一个候选；保留不退费，采用不再扣费；费用含灵石。
B43: 50501300 | C43: 燎原印 | D43: 印绶 | E43: 筑基 | F43: 玄品 | G43: 12623001 | H43: 2 | I43: 12623009 | J43: 1 | K43: 1000001 | L43: 160 | M43: 60111 | N43: 4000 | O43: 60013 | P43: 2500 | Q43: 60014 | R43: 1500 | S43: 60005 | T43: 1000 | U43: 60006 | V43: 500 | AG43: 足年灵兽妖丹 | AH43: 一转土元珠 | AI43: 【开发试配】扣费必出一个候选；保留不退费，采用不再扣费；费用含灵石。
B44: 50501301 | C44: 磐石印 | D44: 印绶 | E44: 筑基 | F44: 玄品 | G44: 12623001 | H44: 2 | I44: 12623009 | J44: 1 | K44: 1000001 | L44: 160 | M44: 60112 | N44: 4000 | O44: 60015 | P44: 2500 | Q44: 60016 | R44: 1500 | S44: 60005 | T44: 1000 | U44: 60006 | V44: 500 | AG44: 足年灵兽妖丹 | AH44: 一转土元珠 | AI44: 【开发试配】扣费必出一个候选；保留不退费，采用不再扣费；费用含灵石。
B45: 50501400 | C45: 定风印 | D45: 印绶 | E45: 筑基 | F45: 仙品 | G45: 12623001 | H45: 2 | I45: 12623009 | J45: 1 | K45: 1000001 | L45: 240 | M45: 60111 | N45: 4000 | O45: 60011 | P45: 2500 | Q45: 60012 | R45: 1500 | S45: 60005 | T45: 1000 | U45: 60006 | V45: 500 | W45: 60117 | X45: 300 | AG45: 足年灵兽妖丹 | AH45: 一转土元珠 | AI45: 【开发试配】扣费必出一个候选；保留不退费，采用不再扣费；费用含灵石。
B46: 50503100 | C46: 皮履 | D46: 鞋履 | E46: 筑基 | F46: 凡品 | G46: 12523002 | H46: 2 | I46: 12623008 | J46: 1 | K46: 1000001 | L46: 80 | M46: 60009 | N46: 4000 | O46: 60010 | P46: 2500 | Q46: 60005 | R46: 1500 | S46: 60006 | T46: 1000 | AG46: 足年灵禽翎羽 | AH46: 一转水凝珠 | AI46: 【开发试配】扣费必出一个候选；保留不退费，采用不再扣费；费用含灵石。
B47: 50503200 | C47: 云纹履 | D47: 鞋履 | E47: 筑基 | F47: 灵品 | G47: 12523002 | H47: 2 | I47: 12623008 | J47: 1 | K47: 1000001 | L47: 80 | M47: 60009 | N47: 4000 | O47: 60010 | P47: 2500 | Q47: 60005 | R47: 1500 | S47: 60006 | T47: 1000 | AG47: 足年灵禽翎羽 | AH47: 一转水凝珠 | AI47: 【开发试配】扣费必出一个候选；保留不退费，采用不再扣费；费用含灵石。
B48: 50503300 | C48: 踏云履 | D48: 鞋履 | E48: 筑基 | F48: 玄品 | G48: 12523002 | H48: 2 | I48: 12623008 | J48: 1 | K48: 1000001 | L48: 160 | M48: 60104 | N48: 4000 | O48: 60009 | P48: 2500 | Q48: 60010 | R48: 1500 | S48: 60005 | T48: 1000 | U48: 60006 | V48: 500 | AG48: 足年灵禽翎羽 | AH48: 一转水凝珠 | AI48: 【开发试配】扣费必出一个候选；保留不退费，采用不再扣费；费用含灵石。
B49: 50503301 | C49: 守真履 | D49: 鞋履 | E49: 筑基 | F49: 玄品 | G49: 12523002 | H49: 2 | I49: 12623008 | J49: 1 | K49: 1000001 | L49: 160 | M49: 60105 | N49: 4000 | O49: 60009 | P49: 2500 | Q49: 60010 | R49: 1500 | S49: 60005 | T49: 1000 | U49: 60006 | V49: 500 | AG49: 足年灵禽翎羽 | AH49: 一转水凝珠 | AI49: 【开发试配】扣费必出一个候选；保留不退费，采用不再扣费；费用含灵石。
B50: 50503400 | C50: 追月履 | D50: 鞋履 | E50: 筑基 | F50: 仙品 | G50: 12523002 | H50: 2 | I50: 12623008 | J50: 1 | K50: 1000001 | L50: 240 | M50: 60104 | N50: 4000 | O50: 60009 | P50: 2500 | Q50: 60010 | R50: 1500 | S50: 60005 | T50: 1000 | U50: 60006 | V50: 500 | AG50: 足年灵禽翎羽 | AH50: 一转水凝珠 | AI50: 【开发试配】扣费必出一个候选；保留不退费，采用不再扣费；费用含灵石。
B51: 50505100 | C51: 厚布法衣 | D51: 法袍 | E51: 筑基 | F51: 凡品 | G51: 12623009 | H51: 2 | I51: 12523000 | J51: 1 | K51: 1000001 | L51: 80 | M51: 60009 | N51: 4000 | O51: 60010 | P51: 2500 | Q51: 60005 | R51: 1500 | S51: 60006 | T51: 1000 | AG51: 一转土元珠 | AH51: 足年灵兽精血 | AI51: 【开发试配】扣费必出一个候选；保留不退费，采用不再扣费；费用含灵石。
B52: 50505200 | C52: 灵蚕袍 | D52: 法袍 | E52: 筑基 | F52: 灵品 | G52: 12623009 | H52: 2 | I52: 12523000 | J52: 1 | K52: 1000001 | L52: 80 | M52: 60009 | N52: 4000 | O52: 60010 | P52: 2500 | Q52: 60005 | R52: 1500 | S52: 60006 | T52: 1000 | AG52: 一转土元珠 | AH52: 足年灵兽精血 | AI52: 【开发试配】扣费必出一个候选；保留不退费，采用不再扣费；费用含灵石。
B53: 50505300 | C53: 守元袍 | D53: 法袍 | E53: 筑基 | F53: 玄品 | G53: 12623009 | H53: 2 | I53: 12523000 | J53: 1 | K53: 1000001 | L53: 160 | M53: 60107 | N53: 4000 | O53: 60009 | P53: 2500 | Q53: 60010 | R53: 1500 | S53: 60005 | T53: 1000 | U53: 60006 | V53: 500 | AG53: 一转土元珠 | AH53: 足年灵兽精血 | AI53: 【开发试配】扣费必出一个候选；保留不退费，采用不再扣费；费用含灵石。
B54: 50505301 | C54: 守真法袍 | D54: 法袍 | E54: 筑基 | F54: 玄品 | G54: 12623009 | H54: 2 | I54: 12523000 | J54: 1 | K54: 1000001 | L54: 160 | M54: 60108 | N54: 4000 | O54: 60009 | P54: 2500 | Q54: 60010 | R54: 1500 | S54: 60005 | T54: 1000 | U54: 60006 | V54: 500 | AG54: 一转土元珠 | AH54: 足年灵兽精血 | AI54: 【开发试配】扣费必出一个候选；保留不退费，采用不再扣费；费用含灵石。
B55: 50505400 | C55: 天蚕法衣 | D55: 法袍 | E55: 筑基 | F55: 仙品 | G55: 12623009 | H55: 2 | I55: 12523000 | J55: 1 | K55: 1000001 | L55: 240 | M55: 60107 | N55: 4000 | O55: 60009 | P55: 2500 | Q55: 60010 | R55: 1500 | S55: 60005 | T55: 1000 | U55: 60006 | V55: 500 | AG55: 一转土元珠 | AH55: 足年灵兽精血 | AI55: 【开发试配】扣费必出一个候选；保留不退费，采用不再扣费；费用含灵石。
B56: 50506100 | C56: 青铜冠 | D56: 冠 | E56: 筑基 | F56: 凡品 | G56: 12323014 | H56: 1 | I56: 12623004 | J56: 1 | K56: 1000001 | L56: 80 | M56: 60009 | N56: 4000 | O56: 60010 | P56: 2500 | Q56: 60005 | R56: 1500 | S56: 60006 | T56: 1000 | AG56: 照夜玉 | AH56: 足年灵兽残识 | AI56: 【开发试配】扣费必出一个候选；保留不退费，采用不再扣费；费用含灵石。
B57: 50506200 | C57: 青玉冠 | D57: 冠 | E57: 筑基 | F57: 灵品 | G57: 12323014 | H57: 1 | I57: 12623004 | J57: 1 | K57: 1000001 | L57: 80 | M57: 60009 | N57: 4000 | O57: 60010 | P57: 2500 | Q57: 60005 | R57: 1500 | S57: 60006 | T57: 1000 | AG57: 照夜玉 | AH57: 足年灵兽残识 | AI57: 【开发试配】扣费必出一个候选；保留不退费，采用不再扣费；费用含灵石。
B58: 50506300 | C58: 静心冠 | D58: 冠 | E58: 筑基 | F58: 玄品 | G58: 12323014 | H58: 1 | I58: 12623004 | J58: 1 | K58: 1000001 | L58: 160 | M58: 60109 | N58: 4000 | O58: 60009 | P58: 2500 | Q58: 60010 | R58: 1500 | S58: 60005 | T58: 1000 | U58: 60006 | V58: 500 | AG58: 照夜玉 | AH58: 足年灵兽残识 | AI58: 【开发试配】扣费必出一个候选；保留不退费，采用不再扣费；费用含灵石。
B59: 50506301 | C59: 守真冠 | D59: 冠 | E59: 筑基 | F59: 玄品 | G59: 12323014 | H59: 1 | I59: 12623004 | J59: 1 | K59: 1000001 | L59: 160 | M59: 60110 | N59: 4000 | O59: 60009 | P59: 2500 | Q59: 60010 | R59: 1500 | S59: 60005 | T59: 1000 | U59: 60006 | V59: 500 | AG59: 照夜玉 | AH59: 足年灵兽残识 | AI59: 【开发试配】扣费必出一个候选；保留不退费，采用不再扣费；费用含灵石。
B60: 50506400 | C60: 碧霄冠 | D60: 冠 | E60: 筑基 | F60: 仙品 | G60: 12323014 | H60: 1 | I60: 12623004 | J60: 1 | K60: 1000001 | L60: 240 | M60: 60109 | N60: 4000 | O60: 60009 | P60: 2500 | Q60: 60010 | R60: 1500 | S60: 60005 | T60: 1000 | U60: 60006 | V60: 500 | AG60: 照夜玉 | AH60: 足年灵兽残识 | AI60: 【开发试配】扣费必出一个候选；保留不退费，采用不再扣费；费用含灵石。
B61: 50519100 | C61: 白石佩 | D61: 玉佩 | E61: 筑基 | F61: 凡品 | G61: 12523000 | H61: 2 | I61: 12623006 | J61: 1 | K61: 1000001 | L61: 80 | M61: 60009 | N61: 4000 | O61: 60010 | P61: 2500 | Q61: 60005 | R61: 1500 | S61: 60006 | T61: 1000 | AG61: 足年灵兽精血 | AH61: 一转木华 | AI61: 【开发试配】扣费必出一个候选；保留不退费，采用不再扣费；费用含灵石。
B62: 50519200 | C62: 温玉佩 | D62: 玉佩 | E62: 筑基 | F62: 灵品 | G62: 12523000 | H62: 2 | I62: 12623006 | J62: 1 | K62: 1000001 | L62: 80 | M62: 60009 | N62: 4000 | O62: 60010 | P62: 2500 | Q62: 60005 | R62: 1500 | S62: 60006 | T62: 1000 | AG62: 足年灵兽精血 | AH62: 一转木华 | AI62: 【开发试配】扣费必出一个候选；保留不退费，采用不再扣费；费用含灵石。
B63: 50519300 | C63: 金芒佩 | D63: 玉佩 | E63: 筑基 | F63: 玄品 | G63: 12523000 | H63: 2 | I63: 12623006 | J63: 1 | K63: 1000001 | L63: 160 | M63: 60115 | N63: 4000 | O63: 60007 | P63: 2500 | Q63: 60008 | R63: 1500 | S63: 60005 | T63: 1000 | U63: 60006 | V63: 500 | AG63: 足年灵兽精血 | AH63: 一转木华 | AI63: 【开发试配】扣费必出一个候选；保留不退费，采用不再扣费；费用含灵石。
B64: 50519301 | C64: 青藤佩 | D64: 玉佩 | E64: 筑基 | F64: 玄品 | G64: 12523000 | H64: 2 | I64: 12623006 | J64: 1 | K64: 1000001 | L64: 160 | M64: 60103 | N64: 4000 | O64: 60009 | P64: 2500 | Q64: 60010 | R64: 1500 | S64: 60005 | T64: 1000 | U64: 60006 | V64: 500 | AG64: 足年灵兽精血 | AH64: 一转木华 | AI64: 【开发试配】扣费必出一个候选；保留不退费，采用不再扣费；费用含灵石。
B65: 50519302 | C65: 听潮佩 | D65: 玉佩 | E65: 筑基 | F65: 玄品 | G65: 12523000 | H65: 2 | I65: 12623006 | J65: 1 | K65: 1000001 | L65: 160 | M65: 60114 | N65: 4000 | O65: 60011 | P65: 2500 | Q65: 60012 | R65: 1500 | S65: 60005 | T65: 1000 | U65: 60006 | V65: 500 | AG65: 足年灵兽精血 | AH65: 一转木华 | AI65: 【开发试配】扣费必出一个候选；保留不退费，采用不再扣费；费用含灵石。
B66: 50519303 | C66: 守真玉佩 | D66: 玉佩 | E66: 筑基 | F66: 玄品 | G66: 12523000 | H66: 2 | I66: 12623006 | J66: 1 | K66: 1000001 | L66: 160 | M66: 60115 | N66: 4000 | O66: 60007 | P66: 2500 | Q66: 60008 | R66: 1500 | S66: 60005 | T66: 1000 | U66: 60006 | V66: 500 | AG66: 足年灵兽精血 | AH66: 一转木华 | AI66: 【开发试配】扣费必出一个候选；保留不退费，采用不再扣费；费用含灵石。
B67: 50519400 | C67: 明心佩 | D67: 玉佩 | E67: 筑基 | F67: 仙品 | G67: 12523000 | H67: 2 | I67: 12623006 | J67: 1 | K67: 1000001 | L67: 240 | M67: 60116 | N67: 4000 | O67: 60009 | P67: 2500 | Q67: 60010 | R67: 1500 | S67: 60005 | T67: 1000 | U67: 60006 | V67: 500 | AG67: 足年灵兽精血 | AH67: 一转木华 | AI67: 【开发试配】扣费必出一个候选；保留不退费，采用不再扣费；费用含灵石。
B68: 50519401 | C68: 灵犀佩 | D68: 玉佩 | E68: 筑基 | F68: 仙品 | G68: 12523000 | H68: 2 | I68: 12623006 | J68: 1 | K68: 1000001 | L68: 240 | M68: 60103 | N68: 4000 | O68: 60013 | P68: 2500 | Q68: 60014 | R68: 1500 | S68: 60005 | T68: 1000 | U68: 60006 | V68: 500 | W68: 60118 | X68: 300 | AG68: 足年灵兽精血 | AH68: 一转木华 | AI68: 【开发试配】扣费必出一个候选；保留不退费，采用不再扣费；费用含灵石。
B69: 51000200 | C69: 寒铁剑 | D69: 武器 | E69: 金丹 | F69: 灵品 | G69: 12333024 | H69: 1 | I69: 12633001 | J69: 1 | K69: 1000001 | L69: 160 | M69: 60001 | N69: 4000 | O69: 60002 | P69: 2500 | Q69: 60005 | R69: 1500 | S69: 60006 | T69: 1000 | U69: 60011 | V69: 500 | W69: 60012 | X69: 300 | AG69: 乌星铁 | AH69: 十载灵兽毒血 | AI69: 【开发试配】扣费必出一个候选；保留不退费，采用不再扣费；费用含灵石。
B70: 51000300 | C70: 寒晶剑 | D70: 武器 | E70: 金丹 | F70: 玄品 | G70: 12333024 | H70: 1 | I70: 12633001 | J70: 1 | K70: 1000001 | L70: 160 | M70: 60001 | N70: 4000 | O70: 60002 | P70: 2500 | Q70: 60005 | R70: 1500 | S70: 60006 | T70: 1000 | U70: 60011 | V70: 500 | W70: 60012 | X70: 300 | AG70: 乌星铁 | AH70: 十载灵兽毒血 | AI70: 【开发试配】扣费必出一个候选；保留不退费，采用不再扣费；费用含灵石。
B71: 51000400 | C71: 断浪剑 | D71: 武器 | E71: 金丹 | F71: 仙品 | G71: 12333024 | H71: 1 | I71: 12633001 | J71: 1 | K71: 1000001 | L71: 320 | M71: 60101 | N71: 4000 | O71: 60001 | P71: 2500 | Q71: 60002 | R71: 1500 | S71: 60005 | T71: 1000 | U71: 60006 | V71: 500 | W71: 60011 | X71: 300 | Y71: 60012 | Z71: 150 | AG71: 乌星铁 | AH71: 十载灵兽毒血 | AI71: 【开发试配】扣费必出一个候选；保留不退费，采用不再扣费；费用含灵石。
B72: 51000401 | C72: 五蕴拂尘 | D72: 武器 | E72: 金丹 | F72: 仙品 | G72: 12333024 | H72: 1 | I72: 12633001 | J72: 1 | K72: 1000001 | L72: 320 | M72: 60102 | N72: 4000 | O72: 60005 | P72: 2500 | Q72: 60006 | R72: 1500 | S72: 60007 | T72: 1000 | U72: 60009 | V72: 500 | W72: 60011 | X72: 300 | Y72: 60013 | Z72: 150 | AA72: 60015 | AB72: 50 | AG72: 乌星铁 | AH72: 十载灵兽毒血 | AI72: 【开发试配】扣费必出一个候选；保留不退费，采用不再扣费；费用含灵石。
B73: 51000402 | C73: 镇山棍 | D73: 武器 | E73: 金丹 | F73: 仙品 | G73: 12333024 | H73: 1 | I73: 12633001 | J73: 1 | K73: 1000001 | L73: 320 | M73: 60103 | N73: 4000 | O73: 60003 | P73: 2500 | Q73: 60004 | R73: 1500 | S73: 60005 | T73: 1000 | U73: 60006 | V73: 500 | W73: 60011 | X73: 300 | Y73: 60012 | Z73: 150 | AG73: 乌星铁 | AH73: 十载灵兽毒血 | AI73: 【开发试配】扣费必出一个候选；保留不退费，采用不再扣费；费用含灵石。
B74: 51000500 | C74: 七星剑 | D74: 武器 | E74: 金丹 | F74: 神品 | G74: 12333024 | H74: 1 | I74: 12633001 | J74: 1 | K74: 1000001 | L74: 480 | M74: 60101 | N74: 4000 | O74: 60001 | P74: 2500 | Q74: 60002 | R74: 1500 | S74: 60005 | T74: 1000 | U74: 60006 | V74: 500 | W74: 60011 | X74: 300 | Y74: 60012 | Z74: 150 | AG74: 乌星铁 | AH74: 十载灵兽毒血 | AI74: 【开发试配】扣费必出一个候选；保留不退费，采用不再扣费；费用含灵石。
B75: 51000501 | C75: 金翎羽扇 | D75: 武器 | E75: 金丹 | F75: 神品 | G75: 12333024 | H75: 1 | I75: 12633001 | J75: 1 | K75: 1000001 | L75: 480 | M75: 60102 | N75: 4000 | O75: 60005 | P75: 2500 | Q75: 60006 | R75: 1500 | S75: 60007 | T75: 1000 | U75: 60009 | V75: 500 | W75: 60011 | X75: 300 | Y75: 60013 | Z75: 150 | AA75: 60015 | AB75: 50 | AG75: 乌星铁 | AH75: 十载灵兽毒血 | AI75: 【开发试配】扣费必出一个候选；保留不退费，采用不再扣费；费用含灵石。
B76: 51001200 | C76: 赤铜印 | D76: 印绶 | E76: 金丹 | F76: 灵品 | G76: 12633002 | H76: 2 | I76: 12533033 | J76: 1 | K76: 1000001 | L76: 160 | M76: 60011 | N76: 4000 | O76: 60012 | P76: 2500 | Q76: 60005 | R76: 1500 | S76: 60006 | T76: 1000 | AG76: 十载灵兽妖丹 | AH76: 二转阵旗灵丝 | AI76: 【开发试配】扣费必出一个候选；保留不退费，采用不再扣费；费用含灵石。
B77: 51001300 | C77: 重玄印 | D77: 印绶 | E77: 金丹 | F77: 玄品 | G77: 12633002 | H77: 2 | I77: 12533033 | J77: 1 | K77: 1000001 | L77: 160 | M77: 60011 | N77: 4000 | O77: 60012 | P77: 2500 | Q77: 60005 | R77: 1500 | S77: 60006 | T77: 1000 | AG77: 十载灵兽妖丹 | AH77: 二转阵旗灵丝 | AI77: 【开发试配】扣费必出一个候选；保留不退费，采用不再扣费；费用含灵石。
B78: 51001400 | C78: 焚心印 | D78: 印绶 | E78: 金丹 | F78: 仙品 | G78: 12633002 | H78: 2 | I78: 12533033 | J78: 1 | K78: 1000001 | L78: 320 | M78: 60111 | N78: 4000 | O78: 60013 | P78: 2500 | Q78: 60014 | R78: 1500 | S78: 60005 | T78: 1000 | U78: 60006 | V78: 500 | AG78: 十载灵兽妖丹 | AH78: 二转阵旗灵丝 | AI78: 【开发试配】扣费必出一个候选；保留不退费，采用不再扣费；费用含灵石。
B79: 51001401 | C79: 玄岳印 | D79: 印绶 | E79: 金丹 | F79: 仙品 | G79: 12633002 | H79: 2 | I79: 12533033 | J79: 1 | K79: 1000001 | L79: 320 | M79: 60112 | N79: 4000 | O79: 60015 | P79: 2500 | Q79: 60016 | R79: 1500 | S79: 60005 | T79: 1000 | U79: 60006 | V79: 500 | AG79: 十载灵兽妖丹 | AH79: 二转阵旗灵丝 | AI79: 【开发试配】扣费必出一个候选；保留不退费，采用不再扣费；费用含灵石。
B80: 51001402 | C80: 缚灵印 | D80: 印绶 | E80: 金丹 | F80: 仙品 | G80: 12633002 | H80: 2 | I80: 12533033 | J80: 1 | K80: 1000001 | L80: 320 | M80: 60113 | N80: 4000 | O80: 60007 | P80: 2500 | Q80: 60008 | R80: 1500 | S80: 60005 | T80: 1000 | U80: 60006 | V80: 500 | AG80: 十载灵兽妖丹 | AH80: 二转阵旗灵丝 | AI80: 【开发试配】扣费必出一个候选；保留不退费，采用不再扣费；费用含灵石。
B81: 51001403 | C81: 天罡印 | D81: 印绶 | E81: 金丹 | F81: 仙品 | G81: 12633002 | H81: 2 | I81: 12533033 | J81: 1 | K81: 1000001 | L81: 320 | M81: 60111 | N81: 4000 | O81: 60009 | P81: 2500 | Q81: 60010 | R81: 1500 | S81: 60005 | T81: 1000 | U81: 60006 | V81: 500 | AG81: 十载灵兽妖丹 | AH81: 二转阵旗灵丝 | AI81: 【开发试配】扣费必出一个候选；保留不退费，采用不再扣费；费用含灵石。
B82: 51001500 | C82: 镇海印 | D82: 印绶 | E82: 金丹 | F82: 神品 | G82: 12633002 | H82: 2 | I82: 12533033 | J82: 1 | K82: 1000001 | L82: 480 | M82: 60111 | N82: 4000 | O82: 60013 | P82: 2500 | Q82: 60014 | R82: 1500 | S82: 60005 | T82: 1000 | U82: 60006 | V82: 500 | W82: 60118 | X82: 300 | AG82: 十载灵兽妖丹 | AH82: 二转阵旗灵丝 | AI82: 【开发试配】扣费必出一个候选；保留不退费，采用不再扣费；费用含灵石。
B83: 51001501 | C83: 摄魂印 | D83: 印绶 | E83: 金丹 | F83: 神品 | G83: 12633002 | H83: 2 | I83: 12533033 | J83: 1 | K83: 1000001 | L83: 480 | M83: 60112 | N83: 4000 | O83: 60007 | P83: 2500 | Q83: 60008 | R83: 1500 | S83: 60005 | T83: 1000 | U83: 60006 | V83: 500 | W83: 60115 | X83: 300 | AG83: 十载灵兽妖丹 | AH83: 二转阵旗灵丝 | AI83: 【开发试配】扣费必出一个候选；保留不退费，采用不再扣费；费用含灵石。
B84: 51003200 | C84: 锦云履 | D84: 鞋履 | E84: 金丹 | F84: 灵品 | G84: 12533005 | H84: 2 | I84: 12633014 | J84: 1 | K84: 1000001 | L84: 160 | M84: 60011 | N84: 4000 | O84: 60012 | P84: 2500 | Q84: 60005 | R84: 1500 | S84: 60006 | T84: 1000 | AG84: 十载灵禽翎羽 | AH84: 二转水凝珠 | AI84: 【开发试配】扣费必出一个候选；保留不退费，采用不再扣费；费用含灵石。
B85: 51003300 | C85: 飞羽履 | D85: 鞋履 | E85: 金丹 | F85: 玄品 | G85: 12533005 | H85: 2 | I85: 12633014 | J85: 1 | K85: 1000001 | L85: 160 | M85: 60011 | N85: 4000 | O85: 60012 | P85: 2500 | Q85: 60005 | R85: 1500 | S85: 60006 | T85: 1000 | AG85: 十载灵禽翎羽 | AH85: 二转水凝珠 | AI85: 【开发试配】扣费必出一个候选；保留不退费，采用不再扣费；费用含灵石。
B86: 51003400 | C86: 流光履 | D86: 鞋履 | E86: 金丹 | F86: 仙品 | G86: 12533005 | H86: 2 | I86: 12633014 | J86: 1 | K86: 1000001 | L86: 320 | M86: 60104 | N86: 4000 | O86: 60011 | P86: 2500 | Q86: 60012 | R86: 1500 | S86: 60005 | T86: 1000 | U86: 60006 | V86: 500 | AG86: 十载灵禽翎羽 | AH86: 二转水凝珠 | AI86: 【开发试配】扣费必出一个候选；保留不退费，采用不再扣费；费用含灵石。
B87: 51003401 | C87: 天罡履 | D87: 鞋履 | E87: 金丹 | F87: 仙品 | G87: 12533005 | H87: 2 | I87: 12633014 | J87: 1 | K87: 1000001 | L87: 320 | M87: 60105 | N87: 4000 | O87: 60011 | P87: 2500 | Q87: 60012 | R87: 1500 | S87: 60005 | T87: 1000 | U87: 60006 | V87: 500 | AG87: 十载灵禽翎羽 | AH87: 二转水凝珠 | AI87: 【开发试配】扣费必出一个候选；保留不退费，采用不再扣费；费用含灵石。
B88: 51003500 | C88: 惊鸿履 | D88: 鞋履 | E88: 金丹 | F88: 神品 | G88: 12533005 | H88: 2 | I88: 12633014 | J88: 1 | K88: 1000001 | L88: 480 | M88: 60104 | N88: 4000 | O88: 60011 | P88: 2500 | Q88: 60012 | R88: 1500 | S88: 60005 | T88: 1000 | U88: 60006 | V88: 500 | AG88: 十载灵禽翎羽 | AH88: 二转水凝珠 | AI88: 【开发试配】扣费必出一个候选；保留不退费，采用不再扣费；费用含灵石。
B89: 51003501 | C89: 乘风履 | D89: 鞋履 | E89: 金丹 | F89: 神品 | G89: 12533005 | H89: 2 | I89: 12633014 | J89: 1 | K89: 1000001 | L89: 480 | M89: 60105 | N89: 4000 | O89: 60011 | P89: 2500 | Q89: 60012 | R89: 1500 | S89: 60005 | T89: 1000 | U89: 60006 | V89: 500 | AG89: 十载灵禽翎羽 | AH89: 二转水凝珠 | AI89: 【开发试配】扣费必出一个候选；保留不退费，采用不再扣费；费用含灵石。
B90: 51005200 | C90: 织金袍 | D90: 法袍 | E90: 金丹 | F90: 灵品 | G90: 12333038 | H90: 1 | I90: 12533035 | J90: 1 | K90: 1000001 | L90: 160 | M90: 60011 | N90: 4000 | O90: 60012 | P90: 2500 | Q90: 60005 | R90: 1500 | S90: 60006 | T90: 1000 | AG90: 金灯铜 | AH90: 十载石乳 | AI90: 【开发试配】扣费必出一个候选；保留不退费，采用不再扣费；费用含灵石。
B91: 51005300 | C91: 玄鳞法袍 | D91: 法袍 | E91: 金丹 | F91: 玄品 | G91: 12333038 | H91: 1 | I91: 12533035 | J91: 1 | K91: 1000001 | L91: 160 | M91: 60011 | N91: 4000 | O91: 60012 | P91: 2500 | Q91: 60005 | R91: 1500 | S91: 60006 | T91: 1000 | AG91: 金灯铜 | AH91: 十载石乳 | AI91: 【开发试配】扣费必出一个候选；保留不退费，采用不再扣费；费用含灵石。
B92: 51005400 | C92: 金霞袍 | D92: 法袍 | E92: 金丹 | F92: 仙品 | G92: 12333038 | H92: 1 | I92: 12533035 | J92: 1 | K92: 1000001 | L92: 320 | M92: 60107 | N92: 4000 | O92: 60011 | P92: 2500 | Q92: 60012 | R92: 1500 | S92: 60005 | T92: 1000 | U92: 60006 | V92: 500 | AG92: 金灯铜 | AH92: 十载石乳 | AI92: 【开发试配】扣费必出一个候选；保留不退费，采用不再扣费；费用含灵石。
B93: 51005401 | C93: 天罡法袍 | D93: 法袍 | E93: 金丹 | F93: 仙品 | G93: 12333038 | H93: 1 | I93: 12533035 | J93: 1 | K93: 1000001 | L93: 320 | M93: 60108 | N93: 4000 | O93: 60011 | P93: 2500 | Q93: 60012 | R93: 1500 | S93: 60005 | T93: 1000 | U93: 60006 | V93: 500 | AG93: 金灯铜 | AH93: 十载石乳 | AI93: 【开发试配】扣费必出一个候选；保留不退费，采用不再扣费；费用含灵石。
B94: 51005500 | C94: 紫绶法袍 | D94: 法袍 | E94: 金丹 | F94: 神品 | G94: 12333038 | H94: 1 | I94: 12533035 | J94: 1 | K94: 1000001 | L94: 480 | M94: 60107 | N94: 4000 | O94: 60011 | P94: 2500 | Q94: 60012 | R94: 1500 | S94: 60005 | T94: 1000 | U94: 60006 | V94: 500 | AG94: 金灯铜 | AH94: 十载石乳 | AI94: 【开发试配】扣费必出一个候选；保留不退费，采用不再扣费；费用含灵石。
B95: 51006200 | C95: 黄玉冠 | D95: 冠 | E95: 金丹 | F95: 灵品 | G95: 12333029 | H95: 1 | I95: 12633009 | J95: 1 | K95: 1000001 | L95: 160 | M95: 60011 | N95: 4000 | O95: 60012 | P95: 2500 | Q95: 60005 | R95: 1500 | S95: 60006 | T95: 1000 | AG95: 听泉玉 | AH95: 十载灵兽残识 | AI95: 【开发试配】扣费必出一个候选；保留不退费，采用不再扣费；费用含灵石。
B96: 51006300 | C96: 赤霞冠 | D96: 冠 | E96: 金丹 | F96: 玄品 | G96: 12333029 | H96: 1 | I96: 12633009 | J96: 1 | K96: 1000001 | L96: 160 | M96: 60011 | N96: 4000 | O96: 60012 | P96: 2500 | Q96: 60005 | R96: 1500 | S96: 60006 | T96: 1000 | AG96: 听泉玉 | AH96: 十载灵兽残识 | AI96: 【开发试配】扣费必出一个候选；保留不退费，采用不再扣费；费用含灵石。
B97: 51006400 | C97: 观微冠 | D97: 冠 | E97: 金丹 | F97: 仙品 | G97: 12333029 | H97: 1 | I97: 12633009 | J97: 1 | K97: 1000001 | L97: 320 | M97: 60109 | N97: 4000 | O97: 60011 | P97: 2500 | Q97: 60012 | R97: 1500 | S97: 60005 | T97: 1000 | U97: 60006 | V97: 500 | AG97: 听泉玉 | AH97: 十载灵兽残识 | AI97: 【开发试配】扣费必出一个候选；保留不退费，采用不再扣费；费用含灵石。
B98: 51006401 | C98: 天罡冠 | D98: 冠 | E98: 金丹 | F98: 仙品 | G98: 12333029 | H98: 1 | I98: 12633009 | J98: 1 | K98: 1000001 | L98: 320 | M98: 60110 | N98: 4000 | O98: 60011 | P98: 2500 | Q98: 60012 | R98: 1500 | S98: 60005 | T98: 1000 | U98: 60006 | V98: 500 | AG98: 听泉玉 | AH98: 十载灵兽残识 | AI98: 【开发试配】扣费必出一个候选；保留不退费，采用不再扣费；费用含灵石。
B99: 51006500 | C99: 九曜冠 | D99: 冠 | E99: 金丹 | F99: 神品 | G99: 12333029 | H99: 1 | I99: 12633009 | J99: 1 | K99: 1000001 | L99: 480 | M99: 60109 | N99: 4000 | O99: 60011 | P99: 2500 | Q99: 60012 | R99: 1500 | S99: 60005 | T99: 1000 | U99: 60006 | V99: 500 | AG99: 听泉玉 | AH99: 十载灵兽残识 | AI99: 【开发试配】扣费必出一个候选；保留不退费，采用不再扣费；费用含灵石。
B100: 51019200 | C100: 暖玉佩 | D100: 玉佩 | E100: 金丹 | F100: 灵品 | G100: 12333004 | H100: 1 | I100: 12633003 | J100: 1 | K100: 1000001 | L100: 160 | M100: 60011 | N100: 4000 | O100: 60012 | P100: 2500 | Q100: 60005 | R100: 1500 | S100: 60006 | T100: 1000 | AG100: 抱元玉 | AH100: 十载木灵核 | AI100: 【开发试配】扣费必出一个候选；保留不退费，采用不再扣费；费用含灵石。
...

Sheet 道纹
A1: ##var | B1: hidden_affix | C1: equip_part | D1: show_level | G1: prob | H1: affix_drops
A2: ##type | B2: int | C2: EquipPart | D2: MajorRealm | G2: int | H2: array,AffixDrop
A3: ##group
A4: ## | B4: 道纹方案ID | C4: 装备位 | D4: 装备阶级 | E4: 职业 | F4: 推荐品质 | G4: 掉落概率 | H4: 效果词条1 | I4: 词条1掉落权重 | J4: 效果词条2 | K4: 词条2掉落权重 | L4: 效果词条3 | M4: 词条3掉落权重 | N4: 效果词条4 | O4: 词条4掉落权重 | P4: 效果词条5 | Q4: 词条5掉落权重 | R4: 效果词条6 | S4: 词条6掉落权重 | T4: 效果词条7 | U4: 词条7掉落权重 | V4: 效果词条8 | W4: 词条8掉落权重 | X4: 效果词条9 | Y4: 词条9掉落权重 | Z4: 效果词条10 | AA4: 词条10掉落权重 | AB4: 试配说明（不导出）
B5: 50000100 | C5: 武器 | D5: 炼气 | E5: 剑道 | F5: 凡品 | G5: 0 | H5: 60001 | I5: 4000 | J5: 60002 | K5: 2500 | L5: 60005 | M5: 1500 | N5: 60006 | O5: 1000 | P5: 60007 | Q5: 500 | R5: 60008 | S5: 300 | AB5: 【开发试配】词条池；独立于灵蕴，每件最多一条；正式词条后续替换。
B6: 50000200 | C6: 武器 | D6: 炼气 | E6: 剑道 | F6: 灵品 | G6: 0 | H6: 60001 | I6: 4000 | J6: 60002 | K6: 2500 | L6: 60005 | M6: 1500 | N6: 60006 | O6: 1000 | P6: 60007 | Q6: 500 | R6: 60008 | S6: 300 | AB6: 【开发试配】词条池；独立于灵蕴，每件最多一条；正式词条后续替换。
B7: 50000300 | C7: 武器 | D7: 炼气 | E7: 剑道 | F7: 玄品 | G7: 2000 | H7: 60101 | I7: 4000 | J7: 60001 | K7: 2500 | L7: 60002 | M7: 1500 | N7: 60005 | O7: 1000 | P7: 60006 | Q7: 500 | R7: 60007 | S7: 300 | T7: 60008 | U7: 150 | AB7: 【开发试配】词条池；独立于灵蕴，每件最多一条；正式词条后续替换。
B8: 50000301 | C8: 武器 | D8: 炼气 | E8: 五行 | F8: 玄品 | G8: 2000 | H8: 60102 | I8: 4000 | J8: 60005 | K8: 2500 | L8: 60006 | M8: 1500 | N8: 60007 | O8: 1000 | P8: 60009 | Q8: 500 | R8: 60011 | S8: 300 | T8: 60013 | U8: 150 | V8: 60015 | W8: 50 | AB8: 【开发试配】词条池；独立于灵蕴，每件最多一条；正式词条后续替换。
B9: 50000400 | C9: 武器 | D9: 炼气 | E9: 剑道 | F9: 仙品 | G9: 3500 | H9: 60101 | I9: 4000 | J9: 60001 | K9: 2500 | L9: 60002 | M9: 1500 | N9: 60005 | O9: 1000 | P9: 60006 | Q9: 500 | R9: 60007 | S9: 300 | T9: 60008 | U9: 150 | AB9: 【开发试配】词条池；独立于灵蕴，每件最多一条；正式词条后续替换。
B10: 50001100 | C10: 印绶 | D10: 炼气 | E10: 通用 | F10: 凡品 | G10: 0 | H10: 60007 | I10: 4000 | J10: 60008 | K10: 2500 | L10: 60005 | M10: 1500 | N10: 60006 | O10: 1000 | AB10: 【开发试配】词条池；独立于灵蕴，每件最多一条；正式词条后续替换。
B11: 50001200 | C11: 印绶 | D11: 炼气 | E11: 通用 | F11: 灵品 | G11: 0 | H11: 60007 | I11: 4000 | J11: 60008 | K11: 2500 | L11: 60005 | M11: 1500 | N11: 60006 | O11: 1000 | AB11: 【开发试配】词条池；独立于灵蕴，每件最多一条；正式词条后续替换。
B12: 50001300 | C12: 印绶 | D12: 炼气 | E12: 火行 | F12: 玄品 | G12: 2000 | H12: 60111 | I12: 4000 | J12: 60013 | K12: 2500 | L12: 60014 | M12: 1500 | N12: 60005 | O12: 1000 | P12: 60006 | Q12: 500 | AB12: 【开发试配】词条池；独立于灵蕴，每件最多一条；正式词条后续替换。
B13: 50001301 | C13: 印绶 | D13: 炼气 | E13: 土行 | F13: 玄品 | G13: 2000 | H13: 60112 | I13: 4000 | J13: 60015 | K13: 2500 | L13: 60016 | M13: 1500 | N13: 60005 | O13: 1000 | P13: 60006 | Q13: 500 | AB13: 【开发试配】词条池；独立于灵蕴，每件最多一条；正式词条后续替换。
B14: 50001400 | C14: 印绶 | D14: 炼气 | E14: 水行 | F14: 仙品 | G14: 3500 | H14: 60111 | I14: 4000 | J14: 60011 | K14: 2500 | L14: 60012 | M14: 1500 | N14: 60005 | O14: 1000 | P14: 60006 | Q14: 500 | R14: 60117 | S14: 300 | AB14: 【开发试配】词条池；独立于灵蕴，每件最多一条；正式词条后续替换。
B15: 50003100 | C15: 鞋履 | D15: 炼气 | E15: 通用 | F15: 凡品 | G15: 0 | H15: 60007 | I15: 4000 | J15: 60008 | K15: 2500 | L15: 60005 | M15: 1500 | N15: 60006 | O15: 1000 | AB15: 【开发试配】词条池；独立于灵蕴，每件最多一条；正式词条后续替换。
B16: 50003200 | C16: 鞋履 | D16: 炼气 | E16: 通用 | F16: 灵品 | G16: 0 | H16: 60007 | I16: 4000 | J16: 60008 | K16: 2500 | L16: 60005 | M16: 1500 | N16: 60006 | O16: 1000 | AB16: 【开发试配】词条池；独立于灵蕴，每件最多一条；正式词条后续替换。
B17: 50003300 | C17: 鞋履 | D17: 炼气 | E17: 通用 | F17: 玄品 | G17: 2000 | H17: 60104 | I17: 4000 | J17: 60007 | K17: 2500 | L17: 60008 | M17: 1500 | N17: 60005 | O17: 1000 | P17: 60006 | Q17: 500 | AB17: 【开发试配】词条池；独立于灵蕴，每件最多一条；正式词条后续替换。
B18: 50003301 | C18: 鞋履 | D18: 炼气 | E18: 通用 | F18: 玄品 | G18: 2000 | H18: 60105 | I18: 4000 | J18: 60007 | K18: 2500 | L18: 60008 | M18: 1500 | N18: 60005 | O18: 1000 | P18: 60006 | Q18: 500 | AB18: 【开发试配】词条池；独立于灵蕴，每件最多一条；正式词条后续替换。
B19: 50003400 | C19: 鞋履 | D19: 炼气 | E19: 通用 | F19: 仙品 | G19: 3500 | H19: 60104 | I19: 4000 | J19: 60007 | K19: 2500 | L19: 60008 | M19: 1500 | N19: 60005 | O19: 1000 | P19: 60006 | Q19: 500 | AB19: 【开发试配】词条池；独立于灵蕴，每件最多一条；正式词条后续替换。
B20: 50005100 | C20: 法袍 | D20: 炼气 | E20: 通用 | F20: 凡品 | G20: 0 | H20: 60007 | I20: 4000 | J20: 60008 | K20: 2500 | L20: 60005 | M20: 1500 | N20: 60006 | O20: 1000 | AB20: 【开发试配】词条池；独立于灵蕴，每件最多一条；正式词条后续替换。
B21: 50005200 | C21: 法袍 | D21: 炼气 | E21: 通用 | F21: 灵品 | G21: 0 | H21: 60007 | I21: 4000 | J21: 60008 | K21: 2500 | L21: 60005 | M21: 1500 | N21: 60006 | O21: 1000 | AB21: 【开发试配】词条池；独立于灵蕴，每件最多一条；正式词条后续替换。
B22: 50005300 | C22: 法袍 | D22: 炼气 | E22: 通用 | F22: 玄品 | G22: 2000 | H22: 60107 | I22: 4000 | J22: 60007 | K22: 2500 | L22: 60008 | M22: 1500 | N22: 60005 | O22: 1000 | P22: 60006 | Q22: 500 | AB22: 【开发试配】词条池；独立于灵蕴，每件最多一条；正式词条后续替换。
B23: 50005400 | C23: 法袍 | D23: 炼气 | E23: 通用 | F23: 仙品 | G23: 3500 | H23: 60107 | I23: 4000 | J23: 60007 | K23: 2500 | L23: 60008 | M23: 1500 | N23: 60005 | O23: 1000 | P23: 60006 | Q23: 500 | AB23: 【开发试配】词条池；独立于灵蕴，每件最多一条；正式词条后续替换。
B24: 50006100 | C24: 冠 | D24: 炼气 | E24: 通用 | F24: 凡品 | G24: 0 | H24: 60007 | I24: 4000 | J24: 60008 | K24: 2500 | L24: 60005 | M24: 1500 | N24: 60006 | O24: 1000 | AB24: 【开发试配】词条池；独立于灵蕴，每件最多一条；正式词条后续替换。
B25: 50006200 | C25: 冠 | D25: 炼气 | E25: 通用 | F25: 灵品 | G25: 0 | H25: 60007 | I25: 4000 | J25: 60008 | K25: 2500 | L25: 60005 | M25: 1500 | N25: 60006 | O25: 1000 | AB25: 【开发试配】词条池；独立于灵蕴，每件最多一条；正式词条后续替换。
B26: 50006300 | C26: 冠 | D26: 炼气 | E26: 通用 | F26: 玄品 | G26: 2000 | H26: 60109 | I26: 4000 | J26: 60007 | K26: 2500 | L26: 60008 | M26: 1500 | N26: 60005 | O26: 1000 | P26: 60006 | Q26: 500 | AB26: 【开发试配】词条池；独立于灵蕴，每件最多一条；正式词条后续替换。
B27: 50006400 | C27: 冠 | D27: 炼气 | E27: 通用 | F27: 仙品 | G27: 3500 | H27: 60109 | I27: 4000 | J27: 60007 | K27: 2500 | L27: 60008 | M27: 1500 | N27: 60005 | O27: 1000 | P27: 60006 | Q27: 500 | AB27: 【开发试配】词条池；独立于灵蕴，每件最多一条；正式词条后续替换。
B28: 50019100 | C28: 玉佩 | D28: 炼气 | E28: 通用 | F28: 凡品 | G28: 0 | H28: 60007 | I28: 4000 | J28: 60008 | K28: 2500 | L28: 60005 | M28: 1500 | N28: 60006 | O28: 1000 | AB28: 【开发试配】词条池；独立于灵蕴，每件最多一条；正式词条后续替换。
B29: 50019200 | C29: 玉佩 | D29: 炼气 | E29: 通用 | F29: 灵品 | G29: 0 | H29: 60007 | I29: 4000 | J29: 60008 | K29: 2500 | L29: 60005 | M29: 1500 | N29: 60006 | O29: 1000 | AB29: 【开发试配】词条池；独立于灵蕴，每件最多一条；正式词条后续替换。
B30: 50019300 | C30: 玉佩 | D30: 炼气 | E30: 金行 | F30: 玄品 | G30: 2000 | H30: 60115 | I30: 4000 | J30: 60007 | K30: 2500 | L30: 60008 | M30: 1500 | N30: 60005 | O30: 1000 | P30: 60006 | Q30: 500 | AB30: 【开发试配】词条池；独立于灵蕴，每件最多一条；正式词条后续替换。
B31: 50019301 | C31: 玉佩 | D31: 炼气 | E31: 木行 | F31: 玄品 | G31: 2000 | H31: 60103 | I31: 4000 | J31: 60009 | K31: 2500 | L31: 60010 | M31: 1500 | N31: 60005 | O31: 1000 | P31: 60006 | Q31: 500 | AB31: 【开发试配】词条池；独立于灵蕴，每件最多一条；正式词条后续替换。
B32: 50019302 | C32: 玉佩 | D32: 炼气 | E32: 水行 | F32: 玄品 | G32: 2000 | H32: 60114 | I32: 4000 | J32: 60011 | K32: 2500 | L32: 60012 | M32: 1500 | N32: 60005 | O32: 1000 | P32: 60006 | Q32: 500 | AB32: 【开发试配】词条池；独立于灵蕴，每件最多一条；正式词条后续替换。
B33: 50019303 | C33: 玉佩 | D33: 炼气 | E33: 金行 | F33: 玄品 | G33: 2000 | H33: 60115 | I33: 4000 | J33: 60007 | K33: 2500 | L33: 60008 | M33: 1500 | N33: 60005 | O33: 1000 | P33: 60006 | Q33: 500 | AB33: 【开发试配】词条池；独立于灵蕴，每件最多一条；正式词条后续替换。
B34: 50019400 | C34: 玉佩 | D34: 炼气 | E34: 木行 | F34: 仙品 | G34: 3500 | H34: 60116 | I34: 4000 | J34: 60009 | K34: 2500 | L34: 60010 | M34: 1500 | N34: 60005 | O34: 1000 | P34: 60006 | Q34: 500 | AB34: 【开发试配】词条池；独立于灵蕴，每件最多一条；正式词条后续替换。
B35: 50500100 | C35: 武器 | D35: 筑基 | E35: 剑道 | F35: 凡品 | G35: 0 | H35: 60001 | I35: 4000 | J35: 60002 | K35: 2500 | L35: 60005 | M35: 1500 | N35: 60006 | O35: 1000 | P35: 60009 | Q35: 500 | R35: 60010 | S35: 300 | AB35: 【开发试配】词条池；独立于灵蕴，每件最多一条；正式词条后续替换。
B36: 50500200 | C36: 武器 | D36: 筑基 | E36: 剑道 | F36: 灵品 | G36: 0 | H36: 60001 | I36: 4000 | J36: 60002 | K36: 2500 | L36: 60005 | M36: 1500 | N36: 60006 | O36: 1000 | P36: 60009 | Q36: 500 | R36: 60010 | S36: 300 | AB36: 【开发试配】词条池；独立于灵蕴，每件最多一条；正式词条后续替换。
B37: 50500300 | C37: 武器 | D37: 筑基 | E37: 剑道 | F37: 玄品 | G37: 2000 | H37: 60101 | I37: 4000 | J37: 60001 | K37: 2500 | L37: 60002 | M37: 1500 | N37: 60005 | O37: 1000 | P37: 60006 | Q37: 500 | R37: 60009 | S37: 300 | T37: 60010 | U37: 150 | AB37: 【开发试配】词条池；独立于灵蕴，每件最多一条；正式词条后续替换。
B38: 50500301 | C38: 武器 | D38: 筑基 | E38: 五行 | F38: 玄品 | G38: 2000 | H38: 60102 | I38: 4000 | J38: 60005 | K38: 2500 | L38: 60006 | M38: 1500 | N38: 60007 | O38: 1000 | P38: 60009 | Q38: 500 | R38: 60011 | S38: 300 | T38: 60013 | U38: 150 | V38: 60015 | W38: 50 | AB38: 【开发试配】词条池；独立于灵蕴，每件最多一条；正式词条后续替换。
B39: 50500400 | C39: 武器 | D39: 筑基 | E39: 剑道 | F39: 仙品 | G39: 3500 | H39: 60101 | I39: 4000 | J39: 60001 | K39: 2500 | L39: 60002 | M39: 1500 | N39: 60005 | O39: 1000 | P39: 60006 | Q39: 500 | R39: 60009 | S39: 300 | T39: 60010 | U39: 150 | AB39: 【开发试配】词条池；独立于灵蕴，每件最多一条；正式词条后续替换。
B40: 50500401 | C40: 武器 | D40: 筑基 | E40: 五行 | F40: 仙品 | G40: 3500 | H40: 60102 | I40: 4000 | J40: 60005 | K40: 2500 | L40: 60006 | M40: 1500 | N40: 60007 | O40: 1000 | P40: 60009 | Q40: 500 | R40: 60011 | S40: 300 | T40: 60013 | U40: 150 | V40: 60015 | W40: 50 | AB40: 【开发试配】词条池；独立于灵蕴，每件最多一条；正式词条后续替换。
B41: 50501100 | C41: 印绶 | D41: 筑基 | E41: 通用 | F41: 凡品 | G41: 0 | H41: 60009 | I41: 4000 | J41: 60010 | K41: 2500 | L41: 60005 | M41: 1500 | N41: 60006 | O41: 1000 | AB41: 【开发试配】词条池；独立于灵蕴，每件最多一条；正式词条后续替换。
B42: 50501200 | C42: 印绶 | D42: 筑基 | E42: 通用 | F42: 灵品 | G42: 0 | H42: 60009 | I42: 4000 | J42: 60010 | K42: 2500 | L42: 60005 | M42: 1500 | N42: 60006 | O42: 1000 | AB42: 【开发试配】词条池；独立于灵蕴，每件最多一条；正式词条后续替换。
B43: 50501300 | C43: 印绶 | D43: 筑基 | E43: 火行 | F43: 玄品 | G43: 2000 | H43: 60111 | I43: 4000 | J43: 60013 | K43: 2500 | L43: 60014 | M43: 1500 | N43: 60005 | O43: 1000 | P43: 60006 | Q43: 500 | AB43: 【开发试配】词条池；独立于灵蕴，每件最多一条；正式词条后续替换。
B44: 50501301 | C44: 印绶 | D44: 筑基 | E44: 土行 | F44: 玄品 | G44: 2000 | H44: 60112 | I44: 4000 | J44: 60015 | K44: 2500 | L44: 60016 | M44: 1500 | N44: 60005 | O44: 1000 | P44: 60006 | Q44: 500 | AB44: 【开发试配】词条池；独立于灵蕴，每件最多一条；正式词条后续替换。
B45: 50501400 | C45: 印绶 | D45: 筑基 | E45: 水行 | F45: 仙品 | G45: 3500 | H45: 60111 | I45: 4000 | J45: 60011 | K45: 2500 | L45: 60012 | M45: 1500 | N45: 60005 | O45: 1000 | P45: 60006 | Q45: 500 | R45: 60117 | S45: 300 | AB45: 【开发试配】词条池；独立于灵蕴，每件最多一条；正式词条后续替换。
B46: 50503100 | C46: 鞋履 | D46: 筑基 | E46: 通用 | F46: 凡品 | G46: 0 | H46: 60009 | I46: 4000 | J46: 60010 | K46: 2500 | L46: 60005 | M46: 1500 | N46: 60006 | O46: 1000 | AB46: 【开发试配】词条池；独立于灵蕴，每件最多一条；正式词条后续替换。
B47: 50503200 | C47: 鞋履 | D47: 筑基 | E47: 通用 | F47: 灵品 | G47: 0 | H47: 60009 | I47: 4000 | J47: 60010 | K47: 2500 | L47: 60005 | M47: 1500 | N47: 60006 | O47: 1000 | AB47: 【开发试配】词条池；独立于灵蕴，每件最多一条；正式词条后续替换。
B48: 50503300 | C48: 鞋履 | D48: 筑基 | E48: 通用 | F48: 玄品 | G48: 2000 | H48: 60104 | I48: 4000 | J48: 60009 | K48: 2500 | L48: 60010 | M48: 1500 | N48: 60005 | O48: 1000 | P48: 60006 | Q48: 500 | AB48: 【开发试配】词条池；独立于灵蕴，每件最多一条；正式词条后续替换。
B49: 50503301 | C49: 鞋履 | D49: 筑基 | E49: 通用 | F49: 玄品 | G49: 2000 | H49: 60105 | I49: 4000 | J49: 60009 | K49: 2500 | L49: 60010 | M49: 1500 | N49: 60005 | O49: 1000 | P49: 60006 | Q49: 500 | AB49: 【开发试配】词条池；独立于灵蕴，每件最多一条；正式词条后续替换。
B50: 50503400 | C50: 鞋履 | D50: 筑基 | E50: 通用 | F50: 仙品 | G50: 3500 | H50: 60104 | I50: 4000 | J50: 60009 | K50: 2500 | L50: 60010 | M50: 1500 | N50: 60005 | O50: 1000 | P50: 60006 | Q50: 500 | AB50: 【开发试配】词条池；独立于灵蕴，每件最多一条；正式词条后续替换。
B51: 50505100 | C51: 法袍 | D51: 筑基 | E51: 通用 | F51: 凡品 | G51: 0 | H51: 60009 | I51: 4000 | J51: 60010 | K51: 2500 | L51: 60005 | M51: 1500 | N51: 60006 | O51: 1000 | AB51: 【开发试配】词条池；独立于灵蕴，每件最多一条；正式词条后续替换。
B52: 50505200 | C52: 法袍 | D52: 筑基 | E52: 通用 | F52: 灵品 | G52: 0 | H52: 60009 | I52: 4000 | J52: 60010 | K52: 2500 | L52: 60005 | M52: 1500 | N52: 60006 | O52: 1000 | AB52: 【开发试配】词条池；独立于灵蕴，每件最多一条；正式词条后续替换。
B53: 50505300 | C53: 法袍 | D53: 筑基 | E53: 通用 | F53: 玄品 | G53: 2000 | H53: 60107 | I53: 4000 | J53: 60009 | K53: 2500 | L53: 60010 | M53: 1500 | N53: 60005 | O53: 1000 | P53: 60006 | Q53: 500 | AB53: 【开发试配】词条池；独立于灵蕴，每件最多一条；正式词条后续替换。
B54: 50505301 | C54: 法袍 | D54: 筑基 | E54: 通用 | F54: 玄品 | G54: 2000 | H54: 60108 | I54: 4000 | J54: 60009 | K54: 2500 | L54: 60010 | M54: 1500 | N54: 60005 | O54: 1000 | P54: 60006 | Q54: 500 | AB54: 【开发试配】词条池；独立于灵蕴，每件最多一条；正式词条后续替换。
B55: 50505400 | C55: 法袍 | D55: 筑基 | E55: 通用 | F55: 仙品 | G55: 3500 | H55: 60107 | I55: 4000 | J55: 60009 | K55: 2500 | L55: 60010 | M55: 1500 | N55: 60005 | O55: 1000 | P55: 60006 | Q55: 500 | AB55: 【开发试配】词条池；独立于灵蕴，每件最多一条；正式词条后续替换。
B56: 50506100 | C56: 冠 | D56: 筑基 | E56: 通用 | F56: 凡品 | G56: 0 | H56: 60009 | I56: 4000 | J56: 60010 | K56: 2500 | L56: 60005 | M56: 1500 | N56: 60006 | O56: 1000 | AB56: 【开发试配】词条池；独立于灵蕴，每件最多一条；正式词条后续替换。
B57: 50506200 | C57: 冠 | D57: 筑基 | E57: 通用 | F57: 灵品 | G57: 0 | H57: 60009 | I57: 4000 | J57: 60010 | K57: 2500 | L57: 60005 | M57: 1500 | N57: 60006 | O57: 1000 | AB57: 【开发试配】词条池；独立于灵蕴，每件最多一条；正式词条后续替换。
B58: 50506300 | C58: 冠 | D58: 筑基 | E58: 通用 | F58: 玄品 | G58: 2000 | H58: 60109 | I58: 4000 | J58: 60009 | K58: 2500 | L58: 60010 | M58: 1500 | N58: 60005 | O58: 1000 | P58: 60006 | Q58: 500 | AB58: 【开发试配】词条池；独立于灵蕴，每件最多一条；正式词条后续替换。
B59: 50506301 | C59: 冠 | D59: 筑基 | E59: 通用 | F59: 玄品 | G59: 2000 | H59: 60110 | I59: 4000 | J59: 60009 | K59: 2500 | L59: 60010 | M59: 1500 | N59: 60005 | O59: 1000 | P59: 60006 | Q59: 500 | AB59: 【开发试配】词条池；独立于灵蕴，每件最多一条；正式词条后续替换。
B60: 50506400 | C60: 冠 | D60: 筑基 | E60: 通用 | F60: 仙品 | G60: 3500 | H60: 60109 | I60: 4000 | J60: 60009 | K60: 2500 | L60: 60010 | M60: 1500 | N60: 60005 | O60: 1000 | P60: 60006 | Q60: 500 | AB60: 【开发试配】词条池；独立于灵蕴，每件最多一条；正式词条后续替换。
B61: 50519100 | C61: 玉佩 | D61: 筑基 | E61: 通用 | F61: 凡品 | G61: 0 | H61: 60009 | I61: 4000 | J61: 60010 | K61: 2500 | L61: 60005 | M61: 1500 | N61: 60006 | O61: 1000 | AB61: 【开发试配】词条池；独立于灵蕴，每件最多一条；正式词条后续替换。
B62: 50519200 | C62: 玉佩 | D62: 筑基 | E62: 通用 | F62: 灵品 | G62: 0 | H62: 60009 | I62: 4000 | J62: 60010 | K62: 2500 | L62: 60005 | M62: 1500 | N62: 60006 | O62: 1000 | AB62: 【开发试配】词条池；独立于灵蕴，每件最多一条；正式词条后续替换。
B63: 50519300 | C63: 玉佩 | D63: 筑基 | E63: 金行 | F63: 玄品 | G63: 2000 | H63: 60115 | I63: 4000 | J63: 60007 | K63: 2500 | L63: 60008 | M63: 1500 | N63: 60005 | O63: 1000 | P63: 60006 | Q63: 500 | AB63: 【开发试配】词条池；独立于灵蕴，每件最多一条；正式词条后续替换。
B64: 50519301 | C64: 玉佩 | D64: 筑基 | E64: 木行 | F64: 玄品 | G64: 2000 | H64: 60103 | I64: 4000 | J64: 60009 | K64: 2500 | L64: 60010 | M64: 1500 | N64: 60005 | O64: 1000 | P64: 60006 | Q64: 500 | AB64: 【开发试配】词条池；独立于灵蕴，每件最多一条；正式词条后续替换。
B65: 50519302 | C65: 玉佩 | D65: 筑基 | E65: 水行 | F65: 玄品 | G65: 2000 | H65: 60114 | I65: 4000 | J65: 60011 | K65: 2500 | L65: 60012 | M65: 1500 | N65: 60005 | O65: 1000 | P65: 60006 | Q65: 500 | AB65: 【开发试配】词条池；独立于灵蕴，每件最多一条；正式词条后续替换。
B66: 50519303 | C66: 玉佩 | D66: 筑基 | E66: 金行 | F66: 玄品 | G66: 2000 | H66: 60115 | I66: 4000 | J66: 60007 | K66: 2500 | L66: 60008 | M66: 1500 | N66: 60005 | O66: 1000 | P66: 60006 | Q66: 500 | AB66: 【开发试配】词条池；独立于灵蕴，每件最多一条；正式词条后续替换。
B67: 50519400 | C67: 玉佩 | D67: 筑基 | E67: 木行 | F67: 仙品 | G67: 3500 | H67: 60116 | I67: 4000 | J67: 60009 | K67: 2500 | L67: 60010 | M67: 1500 | N67: 60005 | O67: 1000 | P67: 60006 | Q67: 500 | AB67: 【开发试配】词条池；独立于灵蕴，每件最多一条；正式词条后续替换。
B68: 50519401 | C68: 玉佩 | D68: 筑基 | E68: 火行 | F68: 仙品 | G68: 3500 | H68: 60103 | I68: 4000 | J68: 60013 | K68: 2500 | L68: 60014 | M68: 1500 | N68: 60005 | O68: 1000 | P68: 60006 | Q68: 500 | R68: 60118 | S68: 300 | AB68: 【开发试配】词条池；独立于灵蕴，每件最多一条；正式词条后续替换。
B69: 51000200 | C69: 武器 | D69: 金丹 | E69: 剑道 | F69: 灵品 | G69: 0 | H69: 60001 | I69: 4000 | J69: 60002 | K69: 2500 | L69: 60005 | M69: 1500 | N69: 60006 | O69: 1000 | P69: 60011 | Q69: 500 | R69: 60012 | S69: 300 | AB69: 【开发试配】词条池；独立于灵蕴，每件最多一条；正式词条后续替换。
B70: 51000300 | C70: 武器 | D70: 金丹 | E70: 剑道 | F70: 玄品 | G70: 0 | H70: 60001 | I70: 4000 | J70: 60002 | K70: 2500 | L70: 60005 | M70: 1500 | N70: 60006 | O70: 1000 | P70: 60011 | Q70: 500 | R70: 60012 | S70: 300 | AB70: 【开发试配】词条池；独立于灵蕴，每件最多一条；正式词条后续替换。
B71: 51000400 | C71: 武器 | D71: 金丹 | E71: 剑道 | F71: 仙品 | G71: 2000 | H71: 60101 | I71: 4000 | J71: 60001 | K71: 2500 | L71: 60002 | M71: 1500 | N71: 60005 | O71: 1000 | P71: 60006 | Q71: 500 | R71: 60011 | S71: 300 | T71: 60012 | U71: 150 | AB71: 【开发试配】词条池；独立于灵蕴，每件最多一条；正式词条后续替换。
B72: 51000401 | C72: 武器 | D72: 金丹 | E72: 五行 | F72: 仙品 | G72: 2000 | H72: 60102 | I72: 4000 | J72: 60005 | K72: 2500 | L72: 60006 | M72: 1500 | N72: 60007 | O72: 1000 | P72: 60009 | Q72: 500 | R72: 60011 | S72: 300 | T72: 60013 | U72: 150 | V72: 60015 | W72: 50 | AB72: 【开发试配】词条池；独立于灵蕴，每件最多一条；正式词条后续替换。
B73: 51000402 | C73: 武器 | D73: 金丹 | E73: 炼体 | F73: 仙品 | G73: 2000 | H73: 60103 | I73: 4000 | J73: 60003 | K73: 2500 | L73: 60004 | M73: 1500 | N73: 60005 | O73: 1000 | P73: 60006 | Q73: 500 | R73: 60011 | S73: 300 | T73: 60012 | U73: 150 | AB73: 【开发试配】词条池；独立于灵蕴，每件最多一条；正式词条后续替换。
B74: 51000500 | C74: 武器 | D74: 金丹 | E74: 剑道 | F74: 神品 | G74: 3500 | H74: 60101 | I74: 4000 | J74: 60001 | K74: 2500 | L74: 60002 | M74: 1500 | N74: 60005 | O74: 1000 | P74: 60006 | Q74: 500 | R74: 60011 | S74: 300 | T74: 60012 | U74: 150 | AB74: 【开发试配】词条池；独立于灵蕴，每件最多一条；正式词条后续替换。
B75: 51000501 | C75: 武器 | D75: 金丹 | E75: 五行 | F75: 神品 | G75: 3500 | H75: 60102 | I75: 4000 | J75: 60005 | K75: 2500 | L75: 60006 | M75: 1500 | N75: 60007 | O75: 1000 | P75: 60009 | Q75: 500 | R75: 60011 | S75: 300 | T75: 60013 | U75: 150 | V75: 60015 | W75: 50 | AB75: 【开发试配】词条池；独立于灵蕴，每件最多一条；正式词条后续替换。
B76: 51001200 | C76: 印绶 | D76: 金丹 | E76: 通用 | F76: 灵品 | G76: 0 | H76: 60011 | I76: 4000 | J76: 60012 | K76: 2500 | L76: 60005 | M76: 1500 | N76: 60006 | O76: 1000 | AB76: 【开发试配】词条池；独立于灵蕴，每件最多一条；正式词条后续替换。
B77: 51001300 | C77: 印绶 | D77: 金丹 | E77: 通用 | F77: 玄品 | G77: 0 | H77: 60011 | I77: 4000 | J77: 60012 | K77: 2500 | L77: 60005 | M77: 1500 | N77: 60006 | O77: 1000 | AB77: 【开发试配】词条池；独立于灵蕴，每件最多一条；正式词条后续替换。
B78: 51001400 | C78: 印绶 | D78: 金丹 | E78: 火行 | F78: 仙品 | G78: 2000 | H78: 60111 | I78: 4000 | J78: 60013 | K78: 2500 | L78: 60014 | M78: 1500 | N78: 60005 | O78: 1000 | P78: 60006 | Q78: 500 | AB78: 【开发试配】词条池；独立于灵蕴，每件最多一条；正式词条后续替换。
B79: 51001401 | C79: 印绶 | D79: 金丹 | E79: 土行 | F79: 仙品 | G79: 2000 | H79: 60112 | I79: 4000 | J79: 60015 | K79: 2500 | L79: 60016 | M79: 1500 | N79: 60005 | O79: 1000 | P79: 60006 | Q79: 500 | AB79: 【开发试配】词条池；独立于灵蕴，每件最多一条；正式词条后续替换。
B80: 51001402 | C80: 印绶 | D80: 金丹 | E80: 金行 | F80: 仙品 | G80: 2000 | H80: 60113 | I80: 4000 | J80: 60007 | K80: 2500 | L80: 60008 | M80: 1500 | N80: 60005 | O80: 1000 | P80: 60006 | Q80: 500 | AB80: 【开发试配】词条池；独立于灵蕴，每件最多一条；正式词条后续替换。
B81: 51001403 | C81: 印绶 | D81: 金丹 | E81: 木行 | F81: 仙品 | G81: 2000 | H81: 60111 | I81: 4000 | J81: 60009 | K81: 2500 | L81: 60010 | M81: 1500 | N81: 60005 | O81: 1000 | P81: 60006 | Q81: 500 | AB81: 【开发试配】词条池；独立于灵蕴，每件最多一条；正式词条后续替换。
B82: 51001500 | C82: 印绶 | D82: 金丹 | E82: 火行 | F82: 神品 | G82: 3500 | H82: 60111 | I82: 4000 | J82: 60013 | K82: 2500 | L82: 60014 | M82: 1500 | N82: 60005 | O82: 1000 | P82: 60006 | Q82: 500 | R82: 60118 | S82: 300 | AB82: 【开发试配】词条池；独立于灵蕴，每件最多一条；正式词条后续替换。
B83: 51001501 | C83: 印绶 | D83: 金丹 | E83: 金行 | F83: 神品 | G83: 3500 | H83: 60112 | I83: 4000 | J83: 60007 | K83: 2500 | L83: 60008 | M83: 1500 | N83: 60005 | O83: 1000 | P83: 60006 | Q83: 500 | R83: 60115 | S83: 300 | AB83: 【开发试配】词条池；独立于灵蕴，每件最多一条；正式词条后续替换。
B84: 51003200 | C84: 鞋履 | D84: 金丹 | E84: 通用 | F84: 灵品 | G84: 0 | H84: 60011 | I84: 4000 | J84: 60012 | K84: 2500 | L84: 60005 | M84: 1500 | N84: 60006 | O84: 1000 | AB84: 【开发试配】词条池；独立于灵蕴，每件最多一条；正式词条后续替换。
B85: 51003300 | C85: 鞋履 | D85: 金丹 | E85: 通用 | F85: 玄品 | G85: 0 | H85: 60011 | I85: 4000 | J85: 60012 | K85: 2500 | L85: 60005 | M85: 1500 | N85: 60006 | O85: 1000 | AB85: 【开发试配】词条池；独立于灵蕴，每件最多一条；正式词条后续替换。
B86: 51003400 | C86: 鞋履 | D86: 金丹 | E86: 通用 | F86: 仙品 | G86: 2000 | H86: 60104 | I86: 4000 | J86: 60011 | K86: 2500 | L86: 60012 | M86: 1500 | N86: 60005 | O86: 1000 | P86: 60006 | Q86: 500 | AB86: 【开发试配】词条池；独立于灵蕴，每件最多一条；正式词条后续替换。
B87: 51003401 | C87: 鞋履 | D87: 金丹 | E87: 通用 | F87: 仙品 | G87: 2000 | H87: 60105 | I87: 4000 | J87: 60011 | K87: 2500 | L87: 60012 | M87: 1500 | N87: 60005 | O87: 1000 | P87: 60006 | Q87: 500 | AB87: 【开发试配】词条池；独立于灵蕴，每件最多一条；正式词条后续替换。
B88: 51003500 | C88: 鞋履 | D88: 金丹 | E88: 通用 | F88: 神品 | G88: 3500 | H88: 60104 | I88: 4000 | J88: 60011 | K88: 2500 | L88: 60012 | M88: 1500 | N88: 60005 | O88: 1000 | P88: 60006 | Q88: 500 | AB88: 【开发试配】词条池；独立于灵蕴，每件最多一条；正式词条后续替换。
B89: 51003501 | C89: 鞋履 | D89: 金丹 | E89: 通用 | F89: 神品 | G89: 3500 | H89: 60105 | I89: 4000 | J89: 60011 | K89: 2500 | L89: 60012 | M89: 1500 | N89: 60005 | O89: 1000 | P89: 60006 | Q89: 500 | AB89: 【开发试配】词条池；独立于灵蕴，每件最多一条；正式词条后续替换。
B90: 51005200 | C90: 法袍 | D90: 金丹 | E90: 通用 | F90: 灵品 | G90: 0 | H90: 60011 | I90: 4000 | J90: 60012 | K90: 2500 | L90: 60005 | M90: 1500 | N90: 60006 | O90: 1000 | AB90: 【开发试配】词条池；独立于灵蕴，每件最多一条；正式词条后续替换。
B91: 51005300 | C91: 法袍 | D91: 金丹 | E91: 通用 | F91: 玄品 | G91: 0 | H91: 60011 | I91: 4000 | J91: 60012 | K91: 2500 | L91: 60005 | M91: 1500 | N91: 60006 | O91: 1000 | AB91: 【开发试配】词条池；独立于灵蕴，每件最多一条；正式词条后续替换。
B92: 51005400 | C92: 法袍 | D92: 金丹 | E92: 通用 | F92: 仙品 | G92: 2000 | H92: 60107 | I92: 4000 | J92: 60011 | K92: 2500 | L92: 60012 | M92: 1500 | N92: 60005 | O92: 1000 | P92: 60006 | Q92: 500 | AB92: 【开发试配】词条池；独立于灵蕴，每件最多一条；正式词条后续替换。
B93: 51005401 | C93: 法袍 | D93: 金丹 | E93: 通用 | F93: 仙品 | G93: 2000 | H93: 60108 | I93: 4000 | J93: 60011 | K93: 2500 | L93: 60012 | M93: 1500 | N93: 60005 | O93: 1000 | P93: 60006 | Q93: 500 | AB93: 【开发试配】词条池；独立于灵蕴，每件最多一条；正式词条后续替换。
B94: 51005500 | C94: 法袍 | D94: 金丹 | E94: 通用 | F94: 神品 | G94: 3500 | H94: 60107 | I94: 4000 | J94: 60011 | K94: 2500 | L94: 60012 | M94: 1500 | N94: 60005 | O94: 1000 | P94: 60006 | Q94: 500 | AB94: 【开发试配】词条池；独立于灵蕴，每件最多一条；正式词条后续替换。
B95: 51006200 | C95: 冠 | D95: 金丹 | E95: 通用 | F95: 灵品 | G95: 0 | H95: 60011 | I95: 4000 | J95: 60012 | K95: 2500 | L95: 60005 | M95: 1500 | N95: 60006 | O95: 1000 | AB95: 【开发试配】词条池；独立于灵蕴，每件最多一条；正式词条后续替换。
B96: 51006300 | C96: 冠 | D96: 金丹 | E96: 通用 | F96: 玄品 | G96: 0 | H96: 60011 | I96: 4000 | J96: 60012 | K96: 2500 | L96: 60005 | M96: 1500 | N96: 60006 | O96: 1000 | AB96: 【开发试配】词条池；独立于灵蕴，每件最多一条；正式词条后续替换。
B97: 51006400 | C97: 冠 | D97: 金丹 | E97: 通用 | F97: 仙品 | G97: 2000 | H97: 60109 | I97: 4000 | J97: 60011 | K97: 2500 | L97: 60012 | M97: 1500 | N97: 60005 | O97: 1000 | P97: 60006 | Q97: 500 | AB97: 【开发试配】词条池；独立于灵蕴，每件最多一条；正式词条后续替换。
B98: 51006401 | C98: 冠 | D98: 金丹 | E98: 通用 | F98: 仙品 | G98: 2000 | H98: 60110 | I98: 4000 | J98: 60011 | K98: 2500 | L98: 60012 | M98: 1500 | N98: 60005 | O98: 1000 | P98: 60006 | Q98: 500 | AB98: 【开发试配】词条池；独立于灵蕴，每件最多一条；正式词条后续替换。
B99: 51006500 | C99: 冠 | D99: 金丹 | E99: 通用 | F99: 神品 | G99: 3500 | H99: 60109 | I99: 4000 | J99: 60011 | K99: 2500 | L99: 60012 | M99: 1500 | N99: 60005 | O99: 1000 | P99: 60006 | Q99: 500 | AB99: 【开发试配】词条池；独立于灵蕴，每件最多一条；正式词条后续替换。
B100: 51019200 | C100: 玉佩 | D100: 金丹 | E100: 通用 | F100: 灵品 | G100: 0 | H100: 60011 | I100: 4000 | J100: 60012 | K100: 2500 | L100: 60005 | M100: 1500 | N100: 60006 | O100: 1000 | AB100: 【开发试配】词条池；独立于灵蕴，每件最多一条；正式词条后续替换。
...

Sheet 套装
A1: ##var | B1: suit_id | C1: name | E1: suits
A2: ##type | B2: int | C2: string | E2: array,EquipSuit
A3: ##group | C3: c
A4: ## | B4: 套装ID | C4: 套装名字 | D4: 策划用说明 | E4: 套装数量1 | F4: 套装1属性名1 | G4: 套装1属性值1 | H4: 套装1属性2 | I4: 套装1属性值2 | J4: 套装1属性3 | K4: 套装1属性值3 | L4: 分隔符 | M4: 技能1ID | N4: 套装1显示 | O4: 套装数量2 | P4: 套装2属性名1 | Q4: 套装2属性值1 | R4: 套装2属性2 | S4: 套装2属性值2 | T4: 分隔符 | U4: 技能2ID | V4: 套装2显示 | W4: 套装数量3 | X4: 套装3属性名2 | Y4: 套装3属性值2 | Z4: 套装3属性2 | AA4: 套装3属性值2 | AB4: 分隔符 | AC4: 技能3ID | AD4: 套装3显示 | AE4: 套装数量4 | AF4: 套装4属性名1 | AG4: 套装4属性值1 | AH4: 套装4属性2 | AI4: 套装4属性值2 | AJ4: 分隔符 | AK4: 技能4ID | AL4: 套装4显示 | AM4: 套装数量5 | AN4: 套装5属性名1 | AO4: 套装5属性值1 | AP4: 套装5属性2 | AQ4: 套装5属性值2 | AR4: 分隔符 | AS4: 技能5ID | AT4: 套装5显示 | AU4: 装备1 | AV4: 装备2 | AW4: 装备3 | AX4: 装备4 | AY4: 装备5 | AZ4: 装备6 | BA4: 装备7
B5: 1 | C5: 青冥初传 | D5: 【试配】通用入门；2/4件独立累计；具体BD联动待定。 | E5: 2 | F5: 物防上限 | G5: 1 | H5: 法防上限 | I5: 1 | L5: } | M5: 0 | N5: 【试配】物防上限+1；法防上限+1 | O5: 4 | P5: 攻击上限 | Q5: 1 | R5: 法力上限 | S5: 1 | T5: } | U5: 0 | V5: 【试配】攻击上限+1；法力上限+1 | AU5: 青冥冠 | AV5: 青冥法袍 | AW5: 青冥玉佩 | AX5: 青冥履
B6: 2 | C6: 青冥内传 | D6: 【试配】通用术法；2/4件独立累计；具体BD联动待定。 | E6: 2 | F6: 物防上限 | G6: 2 | H6: 法防上限 | I6: 2 | L6: } | M6: 0 | N6: 【试配】物防上限+2；法防上限+2 | O6: 4 | P6: 攻击上限 | Q6: 1 | R6: 法力上限 | S6: 1 | T6: } | U6: 0 | V6: 【试配】攻击上限+1；法力上限+1 | AU6: 守真冠 | AV6: 守真法袍 | AW6: 守真玉佩 | AX6: 守真履
B7: 3 | C7: 天罡御剑 | D7: 【试配】剑道进攻；2/4件独立累计；具体BD联动待定。 | E7: 2 | F7: 物防上限 | G7: 3 | H7: 法防上限 | I7: 3 | L7: } | M7: 0 | N7: 【试配】物防上限+3；法防上限+3 | O7: 4 | P7: 攻击上限 | Q7: 2 | R7: 法力上限 | S7: 2 | T7: } | U7: 0 | V7: 【试配】攻击上限+2；法力上限+2 | AU7: 天罡冠 | AV7: 天罡法袍 | AW7: 天罡印 | AX7: 天罡履
B8: 4 | C8: 流光剑影 | D8: 【试配】剑道游斗；2/4件独立累计；具体BD联动待定。 | E8: 2 | F8: 物防上限 | G8: 5 | H8: 法防上限 | I8: 5 | L8: } | M8: 0 | N8: 【试配】物防上限+5；法防上限+5 | O8: 4 | P8: 攻击上限 | Q8: 3 | R8: 法力上限 | S8: 3 | T8: } | U8: 0 | V8: 【试配】攻击上限+3；法力上限+3 | AU8: 流光冠 | AV8: 流光法袍 | AW8: 流光印 | AX8: 流光履
B9: 5 | C9: 太清御剑 | D9: 【试配】剑道进攻；2/4件独立累计；具体BD联动待定。 | E9: 2 | F9: 物防上限 | G9: 8 | H9: 法防上限 | I9: 8 | L9: } | M9: 0 | N9: 【试配】物防上限+8；法防上限+8 | O9: 4 | P9: 攻击上限 | Q9: 5 | R9: 法力上限 | S9: 5 | T9: } | U9: 0 | V9: 【试配】攻击上限+5；法力上限+5 | AU9: 太清冠 | AV9: 太清法袍 | AW9: 太清印 | AX9: 太清履
B10: 6 | C10: 太虚御剑 | D10: 【试配】剑道游斗；2/4件独立累计；具体BD联动待定。 | E10: 2 | F10: 物防上限 | G10: 13 | H10: 法防上限 | I10: 13 | L10: } | M10: 0 | N10: 【试配】物防上限+13；法防上限+13 | O10: 4 | P10: 攻击上限 | Q10: 8 | R10: 法力上限 | S10: 8 | T10: } | U10: 0 | V10: 【试配】攻击上限+8；法力上限+8 | AU10: 太虚冠 | AV10: 太虚法袍 | AW10: 太虚印 | AX10: 太虚履
B11: 7 | C11: 周天剑阵 | D11: 【试配】剑道联动；2/4件独立累计；具体BD联动待定。 | E11: 2 | F11: 物防上限 | G11: 21 | H11: 法防上限 | I11: 21 | L11: } | M11: 0 | N11: 【试配】物防上限+21；法防上限+21 | O11: 4 | P11: 攻击上限 | Q11: 13 | R11: 法力上限 | S11: 13 | T11: } | U11: 0 | V11: 【试配】攻击上限+13；法力上限+13 | AU11: 周天冠 | AV11: 周天法袍 | AW11: 周天印 | AX11: 周天履
B12: 8 | C12: 太清无相 | D12: 【试配】剑道进攻；2/4件独立累计；具体BD联动待定。 | E12: 2 | F12: 物防上限 | G12: 34 | H12: 法防上限 | I12: 34 | L12: } | M12: 0 | N12: 【试配】物防上限+34；法防上限+34 | O12: 4 | P12: 攻击上限 | Q12: 20 | R12: 法力上限 | S12: 20 | T12: } | U12: 0 | V12: 【试配】攻击上限+20；法力上限+20 | AU12: 无相冠 | AV12: 无相法袍 | AW12: 无相印 | AX12: 无相履

Sheet 说明
A1: 版本号 | B1: 改动内容
A2: V1.14 | B2: 1.持久度从千位改为个位 2.配置售卖价格
A3: V1.15 | B3: 传统项链配置初始幸运+2
A4: V1.16 | B4: 1、新增4件斗笠、盾牌 2、新增12件辅件装备 3、增加非1.76版本装备sheet：储备装备 4、新增衣服部位装备模型
A5: V1.17 | B5: 更新强化，小极品两个相关页签
A6: V1.18 | B6: 更新大类子类和掉落档次
A7: V1.19 | B7: 更新衣服部位模型
A8: V1.20 | B8: 新增一个高防御武器999
A9: V1.21 | B9: 新增5个武器动作
A10: V1.22 | B10: 新增一个策划用表格，增加编号表页签和对应规则，对装备ID进行改动，修改档次的配置
A11: V1.23 | B11: 更新装备表
A12: V1.24 | B12: 更新装备模型，新增部分装备数值
... A29: V1.41 | B29: 新增沃玛翅膀
A30: V1.42
A31: V1.43
A32: V1.44
A33: V1.45 | B33: 增删装备表，现在是完整装备表，修改ID计算规则
A34: V1.46 | B34: 更新部分装备模型，更新四六格装备地面模型，图标
A35: V1.47 | B35: 新增配置项模型图标，用来配置序列帧动画的图标。
A36: V1.48 | B36: 更新装备模型，同时健超新增三个参数，调整图标的大小位置，本版本进行参数测试
A37: V1.49 | B37: 小极品改动的表格对应更新
A38: V1.50 | B38: 边框配置测试，掉落物序列帧动态测试，背包序列帧动态图标测试
A39: V1.51 | B39: 衣服、武器模型更新
A40: V1.52 | B40: 更新了序列帧图标，掉落物
A41: V1.53 | B41: 更新了序列帧在的静态图标也就是在移动的时候会显示的图标
A42: V1.54 | B42: 双边框系统
A43: V1.55 | B43: 增加56-85套装ID和属性
A44: V1.56
A45: V1.57
A46: V1.58
A47: V1.59
A48: V1.60
A49: V1.61
A50: V1.62
A51: V1.63
A52: V1.64试配 | B52: 2026-10-16：旧装备及关联数据全部替换为328件、八境界各一套（每套四件）。装备均为掉落，法宝才打造。
A53: 数值状态 | B53: 全部基础属性、强化、灵蕴、炼化与套装数值均为首轮试配，不代表最终平衡。
A54: 基础血蓝 | B54: 以境界表从炼气一层累计至各境界一层的生命/灵力为试配参照；装备单件=参照值×1.2%×档位权重×品质相对系数，四舍五入且至少1；高/中/低权重3/2/1。血蓝主要来自境界。
A55: 攻击与防护 | B55: 武器仅攻击上限；佩攻击约武器20%、印约25%；其他五位都有生命、灵力、物防上限、法防上限。境界攻击基准4/7/12/20/32/52/84/136；防护基准1/2/3/5/8/13/21/34。
A56: 品质系数 | B56: 凡/灵/玄/仙/神/道系数0.75/1/1.25/1.5/1.75/2；血蓝与防护相对本境界主力品质归一，攻击使用绝对品质系数。境界门槛取现有境界表1/11/21/31/41/51/61/71。
A57: 固定特色 | B57: 主力以上佩/印各固定一种五行增幅，按境界内顺序轮换五行，主力4%、常规上限6%、奇遇8%；冠神识1（神/道2）；鞋移速5/8/10。武器基础仍仅攻击上限。
A58: 强化试配 | B58: 沿用7级、每级成功率80/70/60/50/40/30/20%；只强化本部位主属性，每级为基础主属性8%四舍五入且至少1。材料和费用复用现有ID，不新增资源系统。
A59: 灵蕴试配 | B59: 20%触发；每行候选权重合计10000，具体抽条数沿用现有流程。武器/佩/印的候选包含完整五行；其余位偏防护。生命或灵力单条上限为境界参照0.5%，至少1。
A60: 炼化与道纹 | B60: 只引用当前词条表已有的正向词条；道纹过渡装触发率0、主力以上20%，炼化同池重抽。词条ID去重和叠加规则沿用现有系统。
A61: 套装试配 | B61: 每境界一套四件；2件加双防上限，4件加攻击/法力上限，暂不配置新技能，具体BD效果后续讨论。
A62: 美术占位 | B62: 现有图标表仅登记木剑装备图标15001001，本轮全部暂用该图标；地面模型按原六部位复用，边框70001至70006、光柱40001至40006按品质设置。
A63: 编号 | B63: 保留原编号表映射及公式生成ID；组内序号按境界/部位/品质从0起自动统计。佩使用当前枚举别名玉佩，对应编号19。旧掉落和任务引用的六个炼气凡品基础装备ID保留为相应新入门装备。
... A65: 编号维护 | B65: ID与序号继续使用现有公式。同一境界/部位/品质的新装备追加在该组末尾；不得在组内按名称重新排序。删除或插入组内旧记录会使后续自动序号变化，必须先核对已有ID及全部引用；单纯改名、改属性不改变分组。

Sheet 编号表
A1: 颜色 | B1: 内部编号 | C1: 阶级 | D1: 内部编号 | E1: 部位 | F1: 内部编号 | H1: A炼气 | I1: 0 | K1: 档次
A2: 凡品 | B2: 1 | C2: 炼气 | D2: 0 | E2: 武器 | F2: 0 | H2: B筑基 | I2: 1 | K2: Level
A3: 灵品 | B3: 2 | D3: 1 | E3: 印绶 | F3: 1 | H3: C金丹 | I3: 2 | K3: 这个配置项是用来决定祝福油的几率的，目前只能是1-4
A4: 玄品 | B4: 3 | D4: 2 | E4: 佩 | F4: 2 | H4: D元婴 | I4: 3
A5: 仙品 | B5: 4 | D5: 3 | E5: 鞋履 | F5: 3 | H5: E化神 | I5: 4
A6: 神品 | B6: 5 | D6: 4 | E6: 勋章 | F6: 4 | H6: F炼虚 | I6: 5 | K6: 装备是5开头8位数
A7: 道品 | B7: 6 | C7: 筑基 | D7: 5 | E7: 法袍 | F7: 5 | H7: G合体 | I7: 6 | K7: 第1位 | L7: 5开头代表装备
B8: 7 | D8: 6 | E8: 冠 | F8: 6 | H8: H大乘 | I8: 7 | K8: 第2位 | L8: 代表级别，沃玛，祖玛等，相当于大的等级范围
B9: 8 | D9: 7 | E9: 腰带 | F9: 7 | K9: 第3位
B10: 9 | D10: 8 | E10: 戒指 | F10: 8 | K10: 第4位 | L10: 部位
B11: 10 | D11: 9 | E11: 斗笠 | F11: 9 | K11: 第5位
B12: 11 | C12: 金丹 | D12: 10 | E12: 盾牌 | F12: 10 | K12: 第6位 | L12: 颜色，代表品质。可以备用如果7，8位100个不够的话
B13: 12 | D13: 11 | E13: 血符 | F13: 11 | K13: 第7位 | L13: 具体数字，2位数总共100个，每一个部位在每个级别都必须从0开始（序号自动算，不要手动填）！不要跨部件用同一个序号！！比如上面一行是武器，序号用到5，下一行项链，序号就必须从0开始！序号最大值99！
B14: 13 | D14: 12 | E14: 配饰 | F14: 12 | K14: 第8位
B15: 14 | D15: 13 | E15: 晶石 | F15: 13
B16: 15 | D16: 14 | E16: 虎符 | F16: 14
B17: 16 | C17: 元婴 | D17: 15 | E17: 宝珠 | F17: 15
B18: 17 | D18: 16 | E18: 军鼓 | F18: 16
B19: 18 | D19: 17 | E19: 军旗 | F19: 17 | L19: 道具ID必须下拉，使用公式自动生成ID！！！
B20: 19 | D20: 18 | E20: 印章 | F20: 18 | L20: ID使用公式的主要原因
B21: 20 | D21: 19 | E21: 玉佩 | F21: 19 | L21: 1.逻辑清晰，熟悉了以后能望文生义，看编号就知道大概是什么东西
B22: 21 | C22: 化神 | D22: 20 | E22: 翅膀 | F22: 20 | L22: 2.每个人都很好学习理解，方便别人配表使用
B23: 22 | D23: 21 | E23: 马匹 | F23: 21 | L23: 3.互相查表、配置的时候不容易出错。
D24: 22 | F24: 22 | L24: 在配置内容频繁的变化，新增，尤其是插入新内容的改动时，确保对应ID的内在逻辑顺畅，方便在调用该ID的地方方便配置，减少出错也方便查错。同时保证在频繁变动的情况下，更好的保证ID的唯一性。
D25: 23 | F25: 23 | L25: 比如，技能分战士，法师，道士，坐骑，翅膀等等N个大类，在后续新增了某翅膀和对应的技能，并在道具表，活动配置，装备表，掉落表等多地都要用到该ID时，使用公式算出来的ID填写，查错都会便捷非常多。
D26: 24 | F26: 24 | L26: 按照变动频率来预估，变动最频繁的是掉落方案和技能表，状态表和物品表其次，装备表和怪物表的变动频率最低。
C27: 炼虚 | D27: 25 | F27: 25 | L27: 不用自动生成的ID未来面对多个表格互相调用的时候，几千行数据一定会频繁出错！
D28: 26 | F28: 26
D29: 27 | F29: 27
D30: 28 | F30: 28
D31: 29
C32: 合体 | D32: 30
D33: 31
D34: 32 | I34: 炼气 | J34: 凡品 | K34: 灵品
D35: 33 | I35: 筑基
D36: 34 | I36: 金丹
C37: 大乘 | D37: 35 | I37: 元婴
I38: 化神
I39: 炼虚
I40: 合体
I41: 大乘
J42: 凡品
J43: 灵品
J44: 玄品
J45: 仙品
J46: 神品
J47: 道品

Sheet Sheet1
E5: 炼气 | F5: 凡品 | G5: 灵品 | H5: 玄品 | I5: 仙品
E6: 筑基 | F6: 凡品 | G6: 灵品 | H6: 玄品 | I6: 仙品
E7: 金丹 | F7: 灵品 | G7: 玄品 | H7: 仙品 | I7: 神品
E8: 元婴 | F8: 灵品 | G8: 玄品 | H8: 仙品 | I8: 神品
E9: 化神 | F9: 玄品 | G9: 仙品 | H9: 神品 | I9: 道品
E10: 炼虚 | F10: 玄品 | G10: 仙品 | H10: 神品 | I10: 道品
E11: 合体 | F11: 玄品 | G11: 仙品 | H11: 神品 | I11: 道品
E12: 大乘 | F12: 玄品 | G12: 仙品 | H12: 神品 | I12: 道品
